052903_02,V10560,21-B8,REMI,Wild Type,,Wild Type,,,,Aberrant,drop tail,Wild Type,,Wild Type,,hinted_052903/rp052903_02_0075S.mov,,rp052903_wavelet_jpeg/rp052903_02_w.jpg,,
052903_03,V10529,20-A3,REMI,Aberrant,weak,Aberrant,rdeA like,Wild Type,,None,,Aberrant,partial,Wild Type,,hinted_052903/rp052903_03_0075S.mov,,rp052903_wavelet_jpeg/rp052903_03_w.jpg,,
052903_04,V10591,21-E2,REMI,Wild Type,,Wild Type,,Wild Type,,Aberrant,drop tail,Wild Type,,Wild Type,,hinted_052903/rp052903_04_0050S.mov,,rp052903_wavelet_jpeg/rp052903_04_w.jpg,,
052903_05,V10526,20-D4,REMI,Aberrant,turbulent,Aberrant,branch,Wild Type,,Aberrant,partial,Wild Type,,Wild Type,,hinted_052903/rp052903_05_0050S.mov,,rp052903_wavelet_jpeg/rp052903_05_w.jpg,,
052903_06,V10620,23-E4,REMI,Wild Type,,Wild Type,,None,,Aberrant,drop tail,Wild Type,,Wild Type,,hinted_052903/rp052903_06_0050S.mov,,rp052903_wavelet_jpeg/rp052903_06_w.jpg,,
052903_07,V10608,22-H12,REMI,Wild Type,,Wild Type,,None,,Aberrant,drop tail,Wild Type,,Wild Type,,hinted_052903/rp052903_07_0050S.mov,,rp052903_wavelet_jpeg/rp052903_07_w.jpg,,
052903_08,V10482,19-C11,REMI,Wild Type,low frequency?,Wild Type,huge -> breakup,,,Aberrant,slugger,Wild Type,,Wild Type,,hinted_052903/rp052903_08_0100S.mov,,rp052903_wavelet_jpeg/rp052903_08_w.jpg,,
052903_09,V20103,N/A,HR,Aberrant,target,Wild Type,,None,,Wild Type,,Wild Type,,Wild Type,,hinted_052903/rp052903_09_0050S.mov,,rp052903_wavelet_jpeg/rp052903_09_w.jpg,,
052903_12,V10579,21-G8,REMI,Wild Type,,Wild Type,,Wild Type,,Aberrant,drop tail,Wild Type,,Wild Type,,hinted_052903/rp052903_12_0075S.mov,,rp052903_wavelet_jpeg/rp052903_12_w.jpg,,
052903_13,V10553,21-B5,REMI,Wild Type,,Wild Type,,,,Wild Type,,Wild Type,,Wild Type,,hinted_052903/rp052903_13_0075S.mov,,rp052903_wavelet_jpeg/rp052903_13_w.jpg,,
052903_14,V10588,21-B12,REMI,Aberrant,low amplitude,Aberrant,branch,Wild Type,,Wild Type,,Wild Type,,Wild Type,,hinted_052903/rp052903_14_0075S.mov,,rp052903_wavelet_jpeg/rp052903_14_w.jpg,,
052903_15,V10589,21-B6,REMI,Wild Type,,Wild Type,,,,Wild Type,,Wild Type,,Wild Type,,hinted_052903/rp052903_15_0075S.mov,,rp052903_wavelet_jpeg/rp052903_15_w.jpg,,
052903_16,V20056,N/A,HR,Wild Type,,Wild Type,,None,,Aberrant,long,Wild Type,,Wild Type,,hinted_052903/rp052903_16_0025S.mov,,rp052903_wavelet_jpeg/rp052903_16_w.jpg,,
052903_17,V10601,22-A12,REMI,Wild Type,,Wild Type,,,,Wild Type,,Wild Type,,Wild Type,,hinted_052903/rp052903_17_0050S.mov,,rp052903_wavelet_jpeg/rp052903_17_w.jpg,,
052903_18,V10470,17-F4,REMI,Wild Type,,Wild Type,,,,Aberrant,fat tail,Wild Type,,Wild Type,,hinted_052903/rp052903_18_0075S.mov,,rp052903_wavelet_jpeg/rp052903_18_w.jpg,,
052903_19,V20079,N/A,HR,Wild Type,,Wild Type,,Aberrant,,Wild Type,,Wild Type,,Wild Type,,hinted_052903/rp052903_19_0125S.mov,,rp052903_wavelet_jpeg/rp052903_19_w.jpg,low density,
052903_22,V10537,20-A8,REMI,Aberrant,turbulent,None,rdeA like,Wild Type,,Aberrant,small,Wild Type,,Wild Type,,hinted_052903/rp052903_22_0075S.mov,,rp052903_wavelet_jpeg/rp052903_22_w.jpg,,
052903_23,V10530,20-H7,REMI,Aberrant,slightly turbulent,Wild Type,,,,Aberrant,long,Wild Type,,Wild Type,,hinted_052903/rp052903_23_0075S.mov,,rp052903_wavelet_jpeg/rp052903_23_w.jpg,,
052903_24,V10566,21-F5,REMI,Wild Type,,Wild Type,,,,Wild Type,,Wild Type,,Wild Type,,hinted_052903/rp052903_24_0075S.mov,,rp052903_wavelet_jpeg/rp052903_24_w.jpg,,
052903_25,V10567,21-A2,REMI,None,no wave,None,,None,,None,,None,,Wild Type,,hinted_052903/rp052903_25_0075S.mov,,rp052903_wavelet_jpeg/rp052903_25_w.jpg,agg-,
052903_26,V10604,22-B12,REMI,Wild Type,,Wild Type,,,,Aberrant,curly tail,Wild Type,,Wild Type,low,hinted_052903/rp052903_26_0075S.mov,,rp052903_wavelet_jpeg/rp052903_26_w.jpg,,
052903_27,V10642,23-A8,REMI,Wild Type,,Wild Type,,,,Aberrant,drop tail,Wild Type,,Wild Type,,hinted_052903/rp052903_27_0075S.mov,,rp052903_wavelet_jpeg/rp052903_27_w.jpg,,
052903_28,V10547,21-D11,REMI,Wild Type,,Aberrant,small,,,Wild Type,,Wild Type,,Wild Type,,hinted_052903/rp052903_28_0075S.mov,,rp052903_wavelet_jpeg/rp052903_28_w.jpg,,
052903_29,V10617,22-D6,REMI,Wild Type,,Wild Type,,,,Wild Type,,Wild Type,,Wild Type,,hinted_052903/rp052903_29_0100S.mov,,rp052903_wavelet_jpeg/rp052903_29_w.jpg,,
060803_00,V11104,D1007_A04,REMI,Wild Type,,Wild Type,,,,Wild Type,,Wild Type,,Wild Type,,hinted_060803/rp060803_00_0025S.mov,hinted_060803_slug/rp060803p2_00.mov,rp060803_wavelet_jpeg/rp060803_00_w.jpg,,
060803_01,V11101,D1007_A01,REMI,Wild Type,,Aberrant,breakup,None,,Aberrant,small,Wild Type,,Wild Type,,hinted_060803/rp060803_01_0025S.mov,hinted_060803_slug/rp060803p2_01.mov,rp060803_wavelet_jpeg/rp060803_01_w.jpg,stream to slug,
060803_02,V11110,D1007_A10,REMI,Wild Type,,Wild Type,,,,Wild Type,,Wild Type,,Wild Type,,hinted_060803/rp060803_02_0025S.mov,hinted_060803_slug/rp060803p2_02.mov,rp060803_wavelet_jpeg/rp060803_02_w.jpg,directional migration,
060803_03,V11107,D1007_A07,REMI,Wild Type,,Wild Type,,Wild Type,,Wild Type,,Wild Type,,Wild Type,,hinted_060803/rp060803_03_0025S.mov,hinted_060803_slug/rp060803p2_03.mov,rp060803_wavelet_jpeg/rp060803_03_w.jpg,,
060803_04,V11116,D1007_B04,REMI,Wild Type,,Aberrant,breakup,Wild Type,,Aberrant,small,Wild Type,,Wild Type,,hinted_060803/rp060803_04_0025S.mov,hinted_060803_slug/rp060803p2_04.mov,rp060803_wavelet_jpeg/rp060803_04_w.jpg,,
060803_05,V11113,D1007_B01,REMI,Wild Type,,Aberrant,breakup,Wild Type,,Aberrant,small,Wild Type,,Wild Type,,hinted_060803/rp060803_05_0050S.mov,hinted_060803_slug/rp060803p2_05.mov,rp060803_wavelet_jpeg/rp060803_05_w.jpg,,
060803_06,V11122,D1007_B10,REMI,Wild Type,,Wild Type,,Wild Type,,Wild Type,,Wild Type,,Wild Type,,hinted_060803/rp060803_06_0025S.mov,hinted_060803_slug/rp060803p2_06.mov,rp060803_wavelet_jpeg/rp060803_06_w.jpg,,
060803_07,V11119,D1007_B07,REMI,Wild Type,,Wild Type,,Wild Type,,Wild Type,,Wild Type,,Wild Type,,hinted_060803/rp060803_07_0025S.mov,hinted_060803_slug/rp060803p2_07.mov,rp060803_wavelet_jpeg/rp060803_07_w.jpg,,
060803_08,V11128,D1007_C04,REMI,Aberrant,,Aberrant,huge,,,Wild Type,,Wild Type,,Wild Type,,hinted_060803/rp060803_08_0075S.mov,hinted_060803_slug/rp060803p2_08.mov,rp060803_wavelet_jpeg/rp060803_08_w.jpg,"""erk2+, galpha9- like (many firing) asynchronous""",
060803_09,V11125,D1007_C01,REMI,Wild Type,,Wild Type,,,,Aberrant,rotating,Wild Type,,Wild Type,,hinted_060803/rp060803_09_0050S.mov,hinted_060803_slug/rp060803p2_09.mov,rp060803_wavelet_jpeg/rp060803_09_w.jpg,follows its own tail like a dog (snake-like),
060803_10,V11105,D1007_A05,REMI,Wild Type,,Aberrant,thin,,,Aberrant,long,Wild Type,,Wild Type,,hinted_060803/rp060803_10_0050S.mov,hinted_060803_slug/rp060803p2_10.mov,rp060803_wavelet_jpeg/rp060803_10_w.jpg,,
060803_11,V11102,D1007_A02,REMI,Wild Type,,Wild Type,,,,Wild Type,,Wild Type,,Wild Type,,hinted_060803/rp060803_11_0025S.mov,hinted_060803_slug/rp060803p2_11.mov,rp060803_wavelet_jpeg/rp060803_11_w.jpg,,
060803_12,V11111,D1007_A11,REMI,Wild Type,,Wild Type,,Wild Type,,Aberrant,light sensitive,Wild Type,,Wild Type,,,hinted_060803_slug/rp060803p2_12.mov,rp060803_wavelet_jpeg/rp060803_12_w.jpg,fungi contamination,
060803_13,V11108,D1007_A08,REMI,Wild Type,,Wild Type,,,,Aberrant,light sensitive,Wild Type,,Wild Type,,hinted_060803/rp060803_13_0050S.mov,hinted_060803_slug/rp060803p2_13.mov,rp060803_wavelet_jpeg/rp060803_13_w.jpg,strong phototaxis culminated at the edge of the well,
060803_14,V11117,D1007_B05,REMI,Wild Type,,Wild Type,,,,Wild Type,,Wild Type,,Wild Type,,hinted_060803/rp060803_14_0050S.mov,hinted_060803_slug/rp060803p2_14.mov,rp060803_wavelet_jpeg/rp060803_14_w.jpg,,
060803_15,V11114,D1007_B02,REMI,Wild Type,,Wild Type,,,,Aberrant,uniform,Wild Type,,Wild Type,,hinted_060803/rp060803_15_0050S.mov,hinted_060803_slug/rp060803p2_15.mov,rp060803_wavelet_jpeg/rp060803_15_w.jpg,,
060803_16,V11123,D1007_B11,REMI,Wild Type,,Aberrant,breakup,,,Aberrant,small,Wild Type,,Wild Type,,hinted_060803/rp060803_16_0025S.mov,hinted_060803_slug/rp060803p2_16.mov,rp060803_wavelet_jpeg/rp060803_16_w.jpg,,
060803_17,V11120,D1007_B08,REMI,Wild Type,,Aberrant,breakup,,,Aberrant,small,Wild Type,,Wild Type,,hinted_060803/rp060803_17_0025S.mov,hinted_060803_slug/rp060803p2_17.mov,rp060803_wavelet_jpeg/rp060803_17_w.jpg,,
060803_18,V11129,D1007_C05,REMI,Wild Type,,Wild Type,,Wild Type,,Wild Type,,Wild Type,,Wild Type,,hinted_060803/rp060803_18_0050S.mov,hinted_060803_slug/rp060803p2_18.mov,rp060803_wavelet_jpeg/rp060803_18_w.jpg,,
060803_19,V11126,D1007_C02,REMI,Wild Type,,Wild Type,,Wild Type,,Aberrant,late,Wild Type,,Wild Type,,hinted_060803/rp060803_19_0025S.mov,hinted_060803_slug/rp060803p2_19.mov,rp060803_wavelet_jpeg/rp060803_19_w.jpg,,
060803_20,V11106,D1007_A06,REMI,Wild Type,,Wild Type,,None,,Wild Type,,Wild Type,,Wild Type,,hinted_060803/rp060803_20_0025S.mov,hinted_060803_slug/rp060803p2_20.mov,rp060803_wavelet_jpeg/rp060803_20_w.jpg,,
060803_21,V11103,D1007_A03,REMI,Wild Type,,Aberrant,breakup,,,Aberrant,small,Wild Type,,Wild Type,,hinted_060803/rp060803_21_0025S.mov,hinted_060803_slug/rp060803p2_21.mov,rp060803_wavelet_jpeg/rp060803_21_w.jpg,,
060803_22,V11112,D1007_A12,REMI,Wild Type,,Wild Type,,Wild Type,,Aberrant,long,Wild Type,,Wild Type,,,hinted_060803_slug/rp060803p2_22.mov,rp060803_wavelet_jpeg/rp060803_22_w.jpg,fungi contamination,
060803_23,V11109,D1007_A09,REMI,Wild Type,,Wild Type,,Wild Type,,Wild Type,,Wild Type,,Wild Type,,hinted_060803/rp060803_23_0025S.mov,hinted_060803_slug/rp060803p2_23.mov,rp060803_wavelet_jpeg/rp060803_23_w.jpg,directional,
060803_24,V11118,D1007_B06,REMI,Wild Type,,Wild Type,,,,Wild Type,,Wild Type,,Wild Type,,hinted_060803/rp060803_24_0050S.mov,hinted_060803_slug/rp060803p2_24.mov,rp060803_wavelet_jpeg/rp060803_24_w.jpg,out of focus,
060803_25,V11115,D1007_B03,REMI,Wild Type,,Wild Type,,,,Wild Type,,Wild Type,,Wild Type,,hinted_060803/rp060803_25_0025S.mov,hinted_060803_slug/rp060803p2_25.mov,rp060803_wavelet_jpeg/rp060803_25_w.jpg,out of focus,
060803_26,V11124,D1007_B12,REMI,Wild Type,,Wild Type,,,,Wild Type,,Wild Type,,Wild Type,,hinted_060803/rp060803_26_0025S.mov,hinted_060803_slug/rp060803p2_26.mov,rp060803_wavelet_jpeg/rp060803_26_w.jpg,,
060803_27,V11121,D1007_B09,REMI,Wild Type,,Aberrant,breakup,,,Aberrant,small,Wild Type,,Wild Type,,hinted_060803/rp060803_27_0050S.mov,hinted_060803_slug/rp060803p2_27.mov,rp060803_wavelet_jpeg/rp060803_27_w.jpg,,
060803_28,V11130,D1007_C06,REMI,Wild Type,,Wild Type,,,,Wild Type,,Wild Type,,Wild Type,,hinted_060803/rp060803_28_0050S.mov,hinted_060803_slug/rp060803p2_28.mov,rp060803_wavelet_jpeg/rp060803_28_w.jpg,,
060803_29,V11127,D1007_C03,REMI,Wild Type,,Wild Type,,,,Aberrant,non uniform,Wild Type,,Wild Type,,hinted_060803/rp060803_29_0025S.mov,hinted_060803_slug/rp060803p2_29.mov,rp060803_wavelet_jpeg/rp060803_29_w.jpg,,
061203_00,V00359,D1001_D01,REMI,Wild Type,,Wild Type,,Aberrant,ring,Wild Type,,None,slug arrest,Wild Type,,hinted_061203/rp061203_00_0002S.mov,hinted_061203_slug/rp061203p2_00.mov,rp061203_wavelet_jpeg/rp061203_00_w.jpg,slugger,
061203_01,V00262,D1001_C01,REMI,None,,None,,None,,None,,None,,Wild Type,,,hinted_061203_slug/rp061203p2_01.mov,rp061203_wavelet_jpeg/rp061203_01_w.jpg,agg-,
061203_02,V10112,D1001_A08,REMI,Wild Type,small territory,Wild Type,,,,Aberrant,small arching,Aberrant,"""stalky, sporeless""",Wild Type,,hinted_061203/rp061203_02_0002S.mov,hinted_061203_slug/rp061203p2_02.mov,rp061203_wavelet_jpeg/rp061203_02_w.jpg,no slug migration,
061203_03,V00447,D1001_B01,REMI,Aberrant,fragmented,Aberrant,linear,Wild Type,,Aberrant,small non-directional,Aberrant,partial,Wild Type,,hinted_061203/rp061203_03_0002S.mov,hinted_061203_slug/rp061203p2_03.mov,rp061203_wavelet_jpeg/rp061203_03_w.jpg,arrest at slug,
061203_04,V10119,D1001_B04,REMI,Wild Type,late?,Wild Type,,None,,Wild Type,,Wild Type,,Wild Type,,hinted_061203/rp061203_04_0125S.mov,hinted_061203_slug/rp061203p2_04.mov,rp061203_wavelet_jpeg/rp061203_04_w.jpg,stream to slug,
061203_05,V10115,D1001_A11,REMI,Wild Type,,Wild Type,,None,,Aberrant,aberrant migration,Aberrant,"""aberrant, stalky""",Wild Type,,hinted_061203/rp061203_05_100S.mov,hinted_061203_slug/rp061203p2_05.mov,rp061203_wavelet_jpeg/rp061203_05_w.jpg,,
061203_06,V10136,D1001_C10,REMI,Wild Type,,Wild Type,,Aberrant,breakup,Aberrant,,Wild Type,,Wild Type,,hinted_061203/rp061203_06_0075S.mov,hinted_061203_slug/rp061203p2_06.mov,rp061203_wavelet_jpeg/rp061203_06_w.jpg,no response to light,
061203_07,V10126,D1001_B11,REMI,Aberrant,slow,Aberrant,"""huge, breakup""",,,Aberrant,small,Aberrant,aberrant,Wild Type,,hinted_061203/rp061203_07_0125S.mov,hinted_061203_slug/rp061203p2_07.mov,rp061203_wavelet_jpeg/rp061203_07_w.jpg,,
061203_08,V10147,D1001_D10,REMI,Aberrant,high plateaued,Aberrant,breakup,Aberrant,small,None,,None,,Wild Type,,hinted_061203/rp061203_08_0100S.mov,hinted_061203_slug/rp061203p2_08.mov,rp061203_wavelet_jpeg/rp061203_08_w.jpg,arrested at the mound stage,
061203_09,V10144,D1001_D07,REMI,Wild Type,fragmented,Aberrant,linear,Aberrant,big,None,,None,,Wild Type,,hinted_061203/rp061203_09_0075S.mov,hinted_061203_slug/rp061203p2_09.mov,rp061203_wavelet_jpeg/rp061203_09_w.jpg,arrested at the mound stage,
061203_10,V00394,D1001_F01,REMI,Wild Type,,Wild Type,,Aberrant,"""big, ring""",Wild Type,,None,slug arrest,Wild Type,,hinted_061203/rp061203_10_0025S.mov,hinted_061203_slug/rp061203p2_10.mov,rp061203_wavelet_jpeg/rp061203_10_w.jpg,"slugger ",
061203_11,V00347,D1001_E01,REMI,Wild Type,,Wild Type,,Aberrant,"""big, ring""",Wild Type,,None,slug arrest,Wild Type,,hinted_061203/rp061203_11_0025S.mov,hinted_061203_slug/rp061203p2_11.mov,rp061203_wavelet_jpeg/rp061203_11_w.jpg,"""slugger, respond to light""",
061203_12,V10113,D1001_A09,REMI,None,,None,,None,,None,,None,,Wild Type,,,hinted_061203_slug/rp061203p2_12.mov,rp061203_wavelet_jpeg/rp061203_12_w.jpg,agg-,
061203_13,V10107,D1001_A03,REMI,Wild Type,small territory,Wild Type,,Wild Type,,None,,None,,Wild Type,,hinted_061203/rp061203_13_0050S.mov,hinted_061203_slug/rp061203p2_13.mov,rp061203_wavelet_jpeg/rp061203_13_w.jpg,arrested at the mound stage,
061203_14,V10123,D1001_B08,REMI,Wild Type,,Wild Type,,None,,Aberrant,"""snaky, non-directional""",Wild Type,,Wild Type,,hinted_061203/rp061203_14_0050S.mov,hinted_061203_slug/rp061203p2_14.mov,rp061203_wavelet_jpeg/rp061203_14_w.jpg,,
061203_15,V10116,D1001_A12,REMI,Aberrant,high frequency,Wild Type,,Aberrant,disintegrating,None,,None,mound arrest,Wild Type,,hinted_061203/rp061203_15_0100S.mov,hinted_061203_slug/rp061203p2_15.mov,rp061203_wavelet_jpeg/rp061203_15_w.jpg,cycle back and forth between streaming and mound,
061203_16,V10137,D1001_C11,REMI,Aberrant,minor reverse polarity,Wild Type,,Wild Type,,None,,Aberrant,partial,Wild Type,,hinted_061203/rp061203_16_0050S.mov,hinted_061203_slug/rp061203p2_16.mov,rp061203_wavelet_jpeg/rp061203_16_w.jpg,"yellow, on the spot culmination; no FB",
061203_17,V10127,D1001_B12,REMI,None,local oscillation?,None,,None,,None,,None,,Wild Type,,,hinted_061203_slug/rp061203p2_17.mov,rp061203_wavelet_jpeg/rp061203_17_w.jpg,agg-,
061203_18,V10150,D1001_E02,REMI,Wild Type,,Wild Type,,Wild Type,,Wild Type,,Wild Type,,Wild Type,,hinted_061203/rp061203_18_0050S.mov,hinted_061203_slug/rp061203p2_18.mov,rp061203_wavelet_jpeg/rp061203_18_w.jpg,weak response to light,
061203_19,V10145,D1001_D08,REMI,Aberrant,slight amplitude,Aberrant,branch,,,Aberrant,small,Aberrant,aberrant,Wild Type,,hinted_061203/rp061203_19_0050S.mov,hinted_061203_slug/rp061203p2_19.mov,rp061203_wavelet_jpeg/rp061203_19_w.jpg,,
061203_20,V00398,D1001_G01,REMI,Wild Type,slightly noisy,Wild Type,,Aberrant,"""big, ring""",Aberrant,leaves trail,Aberrant,partial,Wild Type,,hinted_061203/rp061203_20_0025S.mov,hinted_061203_slug/rp061203p2_20.mov,rp061203_wavelet_jpeg/rp061203_20_w.jpg,"""zig-zag migration, slugger""",
061203_21,V00354,D1001_A02,REMI,Undeterminable,oscillatory,Wild Type,,Aberrant,"""big, ring""",Wild Type,,Aberrant,partial,Wild Type,,hinted_061203/rp061203_21_0025S.mov,hinted_061203_slug/rp061203p2_21.mov,rp061203_wavelet_jpeg/rp061203_21_w.jpg,"""respond to light, slugger""",
061203_22,V10114,D1001_A10,REMI,Aberrant,minor amplitude modulation,Aberrant,breakup,,,Aberrant,small,Wild Type,,Wild Type,,hinted_061203/rp061203_22_0002S.mov,hinted_061203_slug/rp061203p2_22.mov,rp061203_wavelet_jpeg/rp061203_22_w.jpg,,
061203_23,V10108,D1001_A04,REMI,None,local oscillation?,None,,None,,None,,None,,Wild Type,,,hinted_061203_slug/rp061203p2_23.mov,rp061203_wavelet_jpeg/rp061203_23_w.jpg,agg-,
061203_24,V10125,D1001_B10,REMI,Aberrant,biphasic,Wild Type,open core,,,Aberrant,strongly directional,Wild Type,,Wild Type,,hinted_061203/rp061203_24_0050S.mov,hinted_061203_slug/rp061203p2_24.mov,rp061203_wavelet_jpeg/rp061203_24_w.jpg,wave similar to caffein or NH3 treated,
061203_25,V10117,D1001_B02,REMI,Wild Type,,Wild Type,,Wild Type,,Aberrant,non-directional,None,slug arrest,Wild Type,,hinted_061203/rp061203_25_0075S.mov,hinted_061203_slug/rp061203p2_25.mov,rp061203_wavelet_jpeg/rp061203_25_w.jpg,slugger,
061203_26,V10141,D1001_D04,REMI,Aberrant,fragmented,Aberrant,"""slow, wide""",,,Aberrant,"""small, directional""",Wild Type,,Wild Type,,hinted_061203/rp061203_26_0150S.mov,hinted_061203_slug/rp061203p2_26.mov,rp061203_wavelet_jpeg/rp061203_26_w.jpg,,
061203_27,V10129,D1001_C03,REMI,Wild Type,,Wild Type,,,,Aberrant,weakly directional,Wild Type,,Wild Type,,hinted_061203/rp061203_27_0125S.mov,hinted_061203_slug/rp061203p2_27.mov,rp061203_wavelet_jpeg/rp061203_27_w.jpg,,
061203_28,V10155,D1001_E07,REMI,Aberrant,"""noisy, oscillatory""",Aberrant,small,,,Aberrant,directional,Wild Type,,Wild Type,,hinted_061203/rp061203_28_0050S.mov,hinted_061203_slug/rp061203p2_28.mov,rp061203_wavelet_jpeg/rp061203_28_w.jpg,regA-like? Asynchronous development,
061203_29,V10146,D1001_D09,REMI,None,local oscillation?,None,,None,,None,,None,partial,Wild Type,,,hinted_061203_slug/rp061203p2_29.mov,rp061203_wavelet_jpeg/rp061203_29_w.jpg,agg- (a few small mounds),
061603_00,V10161,D1001_F02,REMI,Wild Type,,Wild Type,,Wild Type,,Aberrant,non-directional,Wild Type,,Wild Type,,hinted_061603/rp061603_00_0125S.mov,hinted_061603_slug/rp061603p2_00.mov,rp061603_wavelet_jpeg/rp061603_00_w.jpg,"\r",
061603_01,V10157,D1001_E09,REMI,Wild Type,,Wild Type,,,,Aberrant,small,None,,Wild Type,,hinted_061603/rp061603_01_0050S.mov,hinted_061603_slug/rp061603p2_01.mov,rp061603_wavelet_jpeg/rp061603_01_w.jpg,"\r",
061603_02,V10170,D1001_F11,REMI,Aberrant,slow,Wild Type,,,,None,no migration,None,aberrant,Wild Type,,hinted_061603/rp061603_02_0175S.mov,hinted_061603_slug/rp061603p2_02.mov,rp061603_wavelet_jpeg/rp061603_02_w.jpg,"\r",
061603_03,V10166,D1001_F07,REMI,Wild Type,,Wild Type,,Wild Type,,Aberrant,directional,Wild Type,,Wild Type,,hinted_061603/rp061603_03_0075S.mov,hinted_061603_slug/rp061603p2_03.mov,rp061603_wavelet_jpeg/rp061603_03_w.jpg,"\r",
061603_04,V10190,D1001_H09,REMI,Aberrant,,Wild Type,,,,None,,None,partial,Wild Type,,hinted_061603/rp061603_04_0075S.mov,hinted_061603_slug/rp061603p2_04.mov,rp061603_wavelet_jpeg/rp061603_04_w.jpg,"\r",
061603_05,V10179,F1001_G09,REMI,Wild Type,,Wild Type,,,,Aberrant,snaky,Wild Type,,Wild Type,,hinted_061603/rp061603_05_0075S.mov,hinted_061603_slug/rp061603p2_05.mov,rp061603_wavelet_jpeg/rp061603_05_w.jpg,"\r",
061603_06,V20056,A04 TZ,HR,Aberrant,,Wild Type,,,,Aberrant,small,Wild Type,,Wild Type,,hinted_061603/rp061603_06_0150S.mov,hinted_061603_slug/rp061603p2_06.mov,rp061603_wavelet_jpeg/rp061603_06_w.jpg,"\r",
061603_07,V20024(3),A01 TZR,HR,Wild Type,,Wild Type,,,,Aberrant,drop tail,Wild Type,,Wild Type,,hinted_061603/rp061603_07_0075S.mov,hinted_061603_slug/rp061603p2_07.mov,rp061603_wavelet_jpeg/rp061603_07_w.jpg,"\r",
061603_08,V20106,A10 TZR,HR,Wild Type,,Wild Type,,,,Aberrant,leaves trail,Aberrant,stalky,Wild Type,,hinted_061603/rp061603_08_0050S.mov,hinted_061603_slug/rp061603p2_08.mov,rp061603_wavelet_jpeg/rp061603_08_w.jpg,"\r",
061603_09,V20079,A07 TZ,HR,Undeterminable,,Wild Type,,,,Aberrant,small,Wild Type,,Wild Type,,hinted_061603/rp061603_09_0075S.mov,hinted_061603_slug/rp061603p2_09.mov,rp061603_wavelet_jpeg/rp061603_09_w.jpg,"low density; FB fallen down\r",
061603_10,V10164,D1001_F05,REMI,Wild Type,,Wild Type,,,,Aberrant,spherical,None,,Wild Type,,hinted_061603/rp061603_10_0050S.mov,hinted_061603_slug/rp061603p2_10.mov,rp061603_wavelet_jpeg/rp061603_10_w.jpg,"\r",
061603_11,V10158,D1001_E10,REMI,Wild Type,,Wild Type,,None,,Aberrant,directional,Wild Type,,Wild Type,,hinted_061603/rp061603_11_0025S.mov,hinted_061603_slug/rp061603p2_11.mov,rp061603_wavelet_jpeg/rp061603_11_w.jpg,"\r",
061603_12,V10174,D1001_G04,REMI,Aberrant,spiral turbulence,Wild Type,,,,Aberrant,leave tail; zigzag,None,sporeless,Wild Type,,hinted_061603/rp061603_12_0050S.mov,hinted_061603_slug/rp061603p2_12.mov,rp061603_wavelet_jpeg/rp061603_12_w.jpg,"\r",
061603_13,V10167,D1001_F08,REMI,Aberrant,minor amplitude modulation,Wild Type,,,,Aberrant,small,Wild Type,,Wild Type,,hinted_061603/rp061603_13_0150S.mov,hinted_061603_slug/rp061603p2_13.mov,rp061603_wavelet_jpeg/rp061603_13_w.jpg,"\r",
061603_14,V10191,D1001_H10,REMI,Wild Type,target; frequency,Wild Type,,Wild Type,,Wild Type,,None,slugger,Wild Type,,hinted_061603/rp061603_14_0050S.mov,hinted_061603_slug/rp061603p2_14.mov,rp061603_wavelet_jpeg/rp061603_14_w.jpg,"\r",
061603_15,V10185,D1001_H04,REMI,Undeterminable,frequency,Wild Type,,,,Wild Type,,Wild Type,,Wild Type,,hinted_061603/rp061603_15_0300S.mov,hinted_061603_slug/rp061603p2_15.mov,rp061603_wavelet_jpeg/rp061603_15_w.jpg,"low density\r",
061603_16,V20064,A05 TZ,HR,Undeterminable,late,Wild Type,,,,Wild Type,,Wild Type,,Wild Type,,hinted_061603/rp061603_16_0250S.mov,hinted_061603_slug/rp061603p2_16.mov,rp061603_wavelet_jpeg/rp061603_16_w.jpg,"low density\r",
061603_17,V20027,A02 DT2,HR,Wild Type,,Wild Type,,,,Aberrant,directional,Wild Type,,Wild Type,,hinted_061603/rp061603_17_0025S.mov,hinted_061603_slug/rp061603p2_17.mov,rp061603_wavelet_jpeg/rp061603_17_w.jpg,"\r",
061603_18,V20004(2),H12 TZ,HR,Aberrant,weak,None,,,,Aberrant,small,Wild Type,,Wild Type,,hinted_061603/rp061603_18_0002S.mov,hinted_061603_slug/rp061603p2_18.mov,rp061603_wavelet_jpeg/rp061603_18_w.jpg,"\r",
061603_19,V20103,A08 TZ,HR,Aberrant,low frequency,Wild Type,,,,Wild Type,,Wild Type,,Wild Type,,hinted_061603/rp061603_19_0075S.mov,hinted_061603_slug/rp061603p2_19.mov,rp061603_wavelet_jpeg/rp061603_19_w.jpg,"low density\r",
061603_20,V10165,D1001_F06,REMI,Aberrant,targets,None,,Wild Type,,None,,None,stalk-less,Wild Type,,hinted_061603/rp061603_20_0050S.mov,hinted_061603_slug/rp061603p2_20.mov,rp061603_wavelet_jpeg/rp061603_20_w.jpg,"\r",
061603_21,V10159,D1001_E11,REMI,Undeterminable,,Undeterminable,late,,,None,,None,,Wild Type,,hinted_061603/rp061603_21_0150S.mov,hinted_061603_slug/rp061603p2_21.mov,rp061603_wavelet_jpeg/rp061603_21_w.jpg,"low densitiy\r",
061603_22,V10175,D1001_G05,REMI,Wild Type,,Wild Type,,,,Aberrant,directional,Wild Type,,Wild Type,,hinted_061603/rp061603_22_0050S.mov,hinted_061603_slug/rp061603p2_22.mov,rp061603_wavelet_jpeg/rp061603_22_w.jpg,"\r",
061603_23,V10168,D1001_F09,REMI,Undeterminable,?,Wild Type,,,,Aberrant,,Wild Type,,Wild Type,,hinted_061603/rp061603_23_0175S.mov,hinted_061603_slug/rp061603p2_23.mov,rp061603_wavelet_jpeg/rp061603_23_w.jpg,"low density\r",
061603_24,V10192,D1001_H11,REMI,Aberrant,slow deactivation,Wild Type,,,,None,,None,,Wild Type,,hinted_061603/rp061603_24_0100S.mov,hinted_061603_slug/rp061603p2_24.mov,rp061603_wavelet_jpeg/rp061603_24_w.jpg,"arrested at stream-> mound\r",
061603_25,V10186,D1001_H05,REMI,Wild Type,,Wild Type,,,,Aberrant,non-directional,Wild Type,,Wild Type,,hinted_061603/rp061603_25_0025S.mov,hinted_061603_slug/rp061603p2_25.mov,rp061603_wavelet_jpeg/rp061603_25_w.jpg,"\r",
061603_26,V20072(6),A06 TZ,HR,Wild Type,,Wild Type,,,,Aberrant,pulsatile,Wild Type,,Wild Type,,hinted_061603/rp061603_26_0050S.mov,hinted_061603_slug/rp061603p2_26.mov,rp061603_wavelet_jpeg/rp061603_26_w.jpg,"\r",
061603_27,V20040,A03 DT2,HR,Wild Type,,Wild Type,,Wild Type,,None,aberrant,None,,Wild Type,,hinted_061603/rp061603_27_0075S.mov,hinted_061603_slug/rp061603p2_27.mov,rp061603_wavelet_jpeg/rp061603_27_w.jpg,"\r",
061603_29,V20105(3),A09 TZ,HR,Aberrant,turbulent,Aberrant,small,,,Aberrant,"""medum, directional""",Wild Type,,Wild Type,,hinted_061603/rp061603_29_0050S.mov,hinted_061603_slug/rp061603p2_29.mov,rp061603_wavelet_jpeg/rp061603_29_w.jpg,"\r",
062203_00,V10547,21-A9,REMI,Wild Type,,Wild Type,,,,Wild Type,,Aberrant,,Wild Type,,hinted_062203/rp062203_00_0002S.mov,hinted_062203_slug/rp062203p2_00.mov,rp062203_wavelet_jpeg/rp062203_00_w.jpg,early,
062203_01,V20064,A05 TZ,HR,Undeterminable,,Wild Type,,,,Wild Type,,Wild Type,,Wild Type,,hinted_062203/rp062203_01_0002S.mov,hinted_062203_slug/rp062203p2_01.mov,rp062203_wavelet_jpeg/rp062203_01_w.jpg,missed the first phase,
062203_02,V10159,,REMI,Wild Type,high amplitude,Wild Type,,Aberrant,rotating,Aberrant,,Aberrant,,Wild Type,,hinted_062203/rp062203_02_0100S.mov,hinted_062203_slug/rp062203p2_02.mov,rp062203_wavelet_jpeg/rp062203_02_w.jpg,,
062203_03,V10125,,REMI,Aberrant,biphasic,Wild Type,,,,Aberrant,response to light,Wild Type,,Wild Type,,hinted_062203/rp062203_03_0002S.mov,hinted_062203_slug/rp062203p2_03.mov,rp062203_wavelet_jpeg/rp062203_03_w.jpg,,
062203_04,V11105,,REMI,Aberrant,,Aberrant,breakup,,,Aberrant,small,Wild Type,,Wild Type,,hinted_062203/rp062203_04_0050S.mov,hinted_062203_slug/rp062203p2_04.mov,rp062203_wavelet_jpeg/rp062203_04_w.jpg,,
062203_05,V10526,20-D4,REMI,Aberrant,turbulent,Aberrant,small,Wild Type,,Aberrant,response to light,Wild Type,,Wild Type,,hinted_062203/rp062203_05_0025S.mov,hinted_062203_slug/rp062203p2_05.mov,rp062203_wavelet_jpeg/rp062203_05_w.jpg,many firing centers,
062203_06,V20064,,HR,Wild Type,wide white band,Wild Type,,Wild Type,,Wild Type,,Aberrant,slugger,Wild Type,,hinted_062203/rp062203_06_0100S.mov,hinted_062203_slug/rp062203p2_06.mov,rp062203_wavelet_jpeg/rp062203_06_w.jpg,,
062203_07,V11115,,REMI,Aberrant,,Aberrant,breakup,,,Aberrant,small,Wild Type,,Wild Type,,hinted_062203/rp062203_07_0075S.mov,hinted_062203_slug/rp062203p2_07.mov,rp062203_wavelet_jpeg/rp062203_07_w.jpg,,
062203_08,V11137,,REMI,Wild Type,,Wild Type,,,,Wild Type,,Wild Type,,Wild Type,,hinted_062203/rp062203_08_0052S.mov,hinted_062203_slug/rp062203p2_08.mov,rp062203_wavelet_jpeg/rp062203_08_w.jpg,,
062203_09,V11133,,REMI,Wild Type,,Wild Type,,Wild Type,,Aberrant,split upon collision,Wild Type,,Wild Type,,hinted_062203/rp062203_09_0050S.mov,hinted_062203_slug/rp062203p2_09.mov,rp062203_wavelet_jpeg/rp062203_09_w.jpg,,
062203_10,V10527,20-F3,REMI,Wild Type,many firing centers,Wild Type,,,,Aberrant,"""long, response to light""",Wild Type,,Wild Type,,hinted_062203/rp062203_10_0125S.mov,hinted_062203_slug/rp062203p2_10.mov,rp062203_wavelet_jpeg/rp062203_10_w.jpg,,
062203_11,V20040,A03 DT2,HR,Aberrant,?,Aberrant,thin,Wild Type,,Aberrant,aberrant,None,stalkless,Wild Type,,hinted_062203/rp062203_11_0002S.mov,hinted_062203_slug/rp062203p2_11.mov,rp062203_wavelet_jpeg/rp062203_11_w.jpg,,
062203_12,V10168,,REMI,Wild Type,?,Wild Type,,,,Aberrant,long tail,Wild Type,,Wild Type,,hinted_062203/rp062203_12_0002S.mov,hinted_062203_slug/rp062203p2_12.mov,rp062203_wavelet_jpeg/rp062203_12_w.jpg,,
062203_13,V10147,,REMI,Aberrant,biphasic,Wild Type,,,,Aberrant,some aberrant ones,None,,Wild Type,,hinted_062203/rp062203_13_0102S.mov,hinted_062203_slug/rp062203p2_13.mov,rp062203_wavelet_jpeg/rp062203_13_w.jpg,,
062203_14,V11111,,REMI,Wild Type,,Wild Type,,,,Aberrant,response to light,Wild Type,,Wild Type,,hinted_062203/rp062203_14_0075S.mov,hinted_062203_slug/rp062203p2_14.mov,rp062203_wavelet_jpeg/rp062203_14_w.jpg,,
062203_15,V10537,20-A8,REMI,Aberrant,short range,Aberrant,small,,,Aberrant,"""small, response to light""",Wild Type,,Wild Type,,hinted_062203/rp062203_15_0275S.mov,hinted_062203_slug/rp062203p2_15.mov,rp062203_wavelet_jpeg/rp062203_15_w.jpg,,
062203_16,V11131,,REMI,Wild Type,,Wild Type,,,,Aberrant,some response to light,Aberrant,slugger,Wild Type,,hinted_062203/rp062203_16_0050S.mov,hinted_062203_slug/rp062203p2_16.mov,rp062203_wavelet_jpeg/rp062203_16_w.jpg,,
062203_17,V11118,,REMI,Wild Type,,Wild Type,,,,Wild Type,,Wild Type,,Wild Type,,hinted_062203/rp062203_17_0100S.mov,hinted_062203_slug/rp062203p2_17.mov,rp062203_wavelet_jpeg/rp062203_17_w.jpg,,
062203_18,V11138,,REMI,Wild Type,,Wild Type,,Aberrant,async,Aberrant,response to light,Wild Type,,Wild Type,,hinted_062203/rp062203_18_0075S.mov,hinted_062203_slug/rp062203p2_18.mov,rp062203_wavelet_jpeg/rp062203_18_w.jpg,,
062203_19,V11134,,REMI,Aberrant,"""slow, large spiral core""",Aberrant,"""late, breakup""",,,Aberrant,small,Aberrant,aberrant?,Wild Type,,hinted_062203/rp062203_19_0050S.mov,hinted_062203_slug/rp062203p2_19.mov,rp062203_wavelet_jpeg/rp062203_19_w.jpg,,
062203_20,V00354,,REMI,Wild Type,firing,Aberrant,small,Aberrant,expanding ring,Aberrant,leaves tail,Aberrant,"""slugger, large sporehead""",Wild Type,,hinted_062203/rp062203_20_0002S.mov,hinted_062203_slug/rp062203p2_20.mov,rp062203_wavelet_jpeg/rp062203_20_w.jpg,,
062203_21,V10643,23-D4,REMI,Wild Type,,Aberrant,small,,,Aberrant,"""small, leaves tail""",Wild Type,,Wild Type,,hinted_062203/rp062203_21_0002S.mov,hinted_062203_slug/rp062203p2_21.mov,rp062203_wavelet_jpeg/rp062203_21_w.jpg,,
062203_22,V10185,,REMI,Aberrant,wide,Wild Type,,,,Aberrant,small,Wild Type,,Wild Type,,hinted_062203/rp062203_22_0002S.mov,hinted_062203_slug/rp062203p2_22.mov,rp062203_wavelet_jpeg/rp062203_22_w.jpg,,
062203_23,V10155,,REMI,Aberrant,developmental?,None,,None,,None,,None,,Wild Type,,hinted_062203/rp062203_23_0200S.mov,hinted_062203_slug/rp062203p2_23.mov,rp062203_wavelet_jpeg/rp062203_23_w.jpg,agg-,
062203_24,V11112,,REMI,Wild Type,thin?,Wild Type,,,,Wild Type,,Wild Type,,Wild Type,,hinted_062203/rp062203_24_0025S.mov,hinted_062203_slug/rp062203p2_24.mov,rp062203_wavelet_jpeg/rp062203_24_w.jpg,,
062203_25,V10588,21-B12,REMI,Aberrant,short range,Aberrant,small,Wild Type,,Aberrant,aberrant,Wild Type,,Wild Type,,hinted_062203/rp062203_25_0075S.mov,hinted_062203_slug/rp062203p2_25.mov,rp062203_wavelet_jpeg/rp062203_25_w.jpg,,
062203_26,V11132,,REMI,Wild Type,,Aberrant,breakup,,,Aberrant,small,Wild Type,,Wild Type,,hinted_062203/rp062203_26_0075S.mov,hinted_062203_slug/rp062203p2_26.mov,rp062203_wavelet_jpeg/rp062203_26_w.jpg,,
062203_27,V11128,,REMI,Aberrant,large spiral core,Aberrant,late,,,Aberrant,response to light,Wild Type,,Wild Type,,hinted_062203/rp062203_27_0100S.mov,hinted_062203_slug/rp062203p2_27.mov,rp062203_wavelet_jpeg/rp062203_27_w.jpg,,
062203_28,V11139,,REMI,Wild Type,,Wild Type,,,,Wild Type,,Aberrant,slugger,Wild Type,,hinted_062203/rp062203_28_0075S.mov,hinted_062203_slug/rp062203p2_28.mov,rp062203_wavelet_jpeg/rp062203_28_w.jpg,,
062203_29,V11136,,REMI,Wild Type,,Wild Type,,Aberrant,async,Aberrant,response to light,Aberrant,slugger,Wild Type,,hinted_062203/rp062203_29_0075S.mov,hinted_062203_slug/rp062203p2_29.mov,rp062203_wavelet_jpeg/rp062203_29_w.jpg,,
051203_21,V10470,17-F4,REMI,Aberrant,Wild Type?,Wild Type,,,,Wild Type,,Wild Type,,Wild Type,low,hinted_051203/rp051203_21_0150S.mov,,rp051203_wavelet_jpeg/rp051203_21_w.jpg,"cell density uneven\r",
051203_20,V10496,19-A5,REMI,Wild Type,,Wild Type,,Wild Type,,Aberrant,abnormal,None,,Wild Type,med,hinted_051203/rp051203_20_0100S.mov,,rp051203_wavelet_jpeg/rp051203_20_w.jpg,"\r",
051203_19,V10626,23-A6,REMI,Wild Type,,Wild Type,,,,Aberrant,abnormal,Aberrant,abnormal,Wild Type,med,hinted_051203/rp051203_19_0100S.mov,,rp051203_wavelet_jpeg/rp051203_19_w.jpg,"target -> spiral\r",
051203_17,V20056,N/A,HR,Undeterminable,,Undeterminable,,,,,,Undeterminable,,Wild Type,low,,,rp051203_wavelet_jpeg/rp051203_17_w.jpg,"\r",
051203_18,V10620,23-E4,REMI,Undeterminable,local pulses,Undeterminable,,Undeterminable,stalled,None,,Undeterminable,small,Wild Type,low,hinted_051203/rp051203_18_0100S.mov,,rp051203_wavelet_jpeg/rp051203_18_w.jpg,"\r",
051203_16,V10601,22-A12,REMI,Undeterminable,local pulse?,Undeterminable,,,,,,Undeterminable,,Wild Type,low,,,rp051203_wavelet_jpeg/rp051203_16_w.jpg,"\r",
051203_15,V10570,21-B10,REMI,Aberrant,amplitude modulation; high frequency,Aberrant,,Aberrant,small,Aberrant,partial,Aberrant,partial,Wild Type,low,hinted_051203/rp051203_15_0001S.mov,,rp051203_wavelet_jpeg/rp051203_15_w.jpg,"Dh1 like reversed polarity\r",
051203_14,V10621,23-F3,REMI,Wild Type,,Wild Type,,,,Aberrant,drop tail behind,Wild Type,,Wild Type,high,hinted_051203/rp051203_14_0050S.mov,,rp051203_wavelet_jpeg/rp051203_14_w.jpg,"\r",
051203_13,V10523,20-D12,REMI,Wild Type,,Wild Type,,,,Aberrant,long,Wild Type,,Wild Type,med,hinted_051203/rp051203_13_0100S.mov,,rp051203_wavelet_jpeg/rp051203_13_w.jpg,"\r",
051203_12,V10540,20-F9,REMI,Wild Type,,Wild Type,,Aberrant,stalled,Wild Type,,Wild Type,,Wild Type,med,hinted_051203/rp051203_12_0150S.mov,,rp051203_wavelet_jpeg/rp051203_12_w.jpg,"\r",
051203_11,V10467,17-B6,REMI,Wild Type,,Wild Type,,,,Wild Type,,Wild Type,,Wild Type,med,,,rp051203_wavelet_jpeg/rp051203_11_w.jpg,"\r",
051203_10,V10483,19-F6,REMI,Aberrant,,Wild Type,,Aberrant,prolonged,Aberrant,partial,Aberrant,partial,Wild Type,med,hinted_051203/rp051203_10_0125S.mov,,rp051203_wavelet_jpeg/rp051203_10_w.jpg,"many firing centers\r",
051203_09,V10617,22-D6,REMI,Wild Type,,Wild Type,,Wild Type,,Aberrant,abnormal,Wild Type,,Wild Type,low,hinted_051203/rp051203_09_0125S.mov,,rp051203_wavelet_jpeg/rp051203_09_w.jpg,"\r",
051203_08,V10633,23-D10,REMI,Wild Type,,Wild Type,large territory,Wild Type,,,"""late, small""",Aberrant,abnormal,Wild Type,med,hinted_051203/rp051203_08_0075S.mov,,rp051203_wavelet_jpeg/rp051203_08_w.jpg,"\r",
051203_07,V10629,23-H2,REMI,Wild Type,,Wild Type,,,,Aberrant,frequent standing up motion,Wild Type,,Wild Type,low,hinted_051203/rp051203_07_0050S.mov,,rp051203_wavelet_jpeg/rp051203_07_w.jpg,"large territory\r",
051203_06,V20079,N/A,HR,Aberrant,,Aberrant,,,,Aberrant,small,Aberrant,small,Wild Type,low,hinted_051203/rp051203_06_0200S.mov,,rp051203_wavelet_jpeg/rp051203_06_w.jpg,"many firing centers\r",
051203_05,V10547,21-A9,REMI,Wild Type,,Wild Type,,,,,non-directional,Wild Type,,Wild Type,low,hinted_051203/rp051203_05_0001S.mov,,rp051203_wavelet_jpeg/rp051203_05_w.jpg,"\r",
051203_04,V10644,23-E7,REMI,Wild Type,,Wild Type,,,,,culminate,Wild Type,,Wild Type,med,hinted_051203/rp051203_04_0001S.mov,,rp051203_wavelet_jpeg/rp051203_04_w.jpg,"\r",
051203_03,V10523,20-H10,REMI,Wild Type,,Wild Type,,,,Wild Type,,Wild Type,,Wild Type,med,hinted_051203/rp051203_03_0125S.mov,,rp051203_wavelet_jpeg/rp051203_03_w.jpg,"many firing centers\r",
051203_02,V10535,20-B10,REMI,Aberrant,"late, low frequency",Aberrant,,Wild Type,,Wild Type,,Wild Type,,Wild Type,med,hinted_051203/rp051203_02_0150S.mov,,rp051203_wavelet_jpeg/rp051203_02_w.jpg,"some mound stalled\r",
051203_01,V10460,17-A2,REMI,Aberrant,,Wild Type,,,,Wild Type,,Wild Type,,Wild Type,med,hinted_051203/rp051203_01_0001S.mov,,rp051203_wavelet_jpeg/rp051203_01_w.jpg,"\r",
051203_00,V10482,19-C11,REMI,Aberrant,low frequency,None,,None,,None,,None,,Wild Type,low,hinted_051203/rp051203_00_0300S.mov,,rp051203_wavelet_jpeg/rp051203_00_w.jpg,"\r",
051203_22,V10547,21-D11,REMI,Wild Type,,Wild Type,,,,,culminate,Wild Type,,Wild Type,low,hinted_051203/rp051203_22_0004S.mov,,rp051203_wavelet_jpeg/rp051203_22_w.jpg,"\r",
051203_23,V10526,20-D4,REMI,Undeterminable,turbulent,Wild Type,,Aberrant,stalled,,,Aberrant,partial,Wild Type,low,hinted_051203/rp051203_23_0001S.mov,,rp051203_wavelet_jpeg/rp051203_23_w.jpg,"\r",
051203_24,V10623,23-H1,REMI,Wild Type,,Wild Type,,,,,culminated,Wild Type,,Wild Type,med,hinted_051203/rp051203_24_0001S.mov,,rp051203_wavelet_jpeg/rp051203_24_w.jpg,"\r",
051203_25,V10583,21-H5,REMI,Wild Type,,Wild Type,,,,Aberrant,non-directional,Wild Type,,Wild Type,low,hinted_051203/rp051203_25_0075S.mov,,rp051203_wavelet_jpeg/rp051203_25_w.jpg,"\r",
051203_26,V10604,22-B12,REMI,Wild Type,,Wild Type,,,,,leave tail; culminate,Wild Type,,Wild Type,med,hinted_051203/rp051203_26_0100S.mov,,rp051203_wavelet_jpeg/rp051203_26_w.jpg,"\r",
051203_27,V20064,N/A,HR,Undeterminable,,Undeterminable,,,,,,Undeterminable,,Wild Type,low,,[Null],rp051203_wavelet_jpeg/rp051203_27_w.jpg,"low density\r",
051203_28,V10625,23-F1,REMI,Wild Type,,Wild Type,,,,Aberrant,small,Wild Type,,Wild Type,low,hinted_051203/rp051203_28_0075S.mov,,rp051203_wavelet_jpeg/rp051203_28_w.jpg,"target\r",
051203_29,V10642,23-A8,REMI,Aberrant,,Aberrant,,Aberrant,,,streaming slug,Wild Type,,Wild Type,low,hinted_051203/rp051203_29_0125S.mov,,rp051203_wavelet_jpeg/rp051203_29_w.jpg,"target\r",
050403_00,V20068,N/A,HR,Wild Type,,Wild Type,,,,Aberrant,slow migration,Wild Type,,Wild Type,high,hinted_050403/rp050403_00_0001S.mov,,remi050403_wavelet_jpeg/remi050403_00_w.jpg,,
050403_01,V20024,N/A,HR,Wild Type,,Wild Type,,,,None,,Wild Type,,Wild Type,high,hinted_050403/rp050403_01_0001S.mov,,remi050403_wavelet_jpeg/remi050403_01_w.jpg,,
050403_02,V20106,N/A,HR,Wild Type,,Wild Type,,,,Wild Type,,Wild Type,,Wild Type,med,hinted_050403/rp050403_02_0001S.mov,,remi050403_wavelet_jpeg/remi050403_02_w.jpg,,
050403_03,V20074,N/A,HR,Wild Type,,Wild Type,,,,None,,Wild Type,,Wild Type,med,hinted_050403/rp050403_03_0001S.mov,,remi050403_wavelet_jpeg/remi050403_03_w.jpg,targets,
050403_04,V10608,22_H12,REMI,Wild Type,,Wild Type,,,,None,,Wild Type,,Wild Type,low,hinted_050403/rp050403_04_0001S.mov,,remi050403_wavelet_jpeg/remi050403_04_w.jpg,,
050403_05,V10601,22_A12,REMI,Undeterminable,partial,Undeterminable,,,,,,Wild Type,,Wild Type,,hinted_050403/rp050403_05_0075S.mov,,remi050403_wavelet_jpeg/remi050403_05_w.jpg,low cell density,
050403_06,V10627,23_B8,REMI,Wild Type,large territory,Wild Type,,,,,,Wild Type,,Wild Type,med,hinted_050403/rp050403_06_0002S.mov,,remi050403_wavelet_jpeg/remi050403_06_w.jpg,,
050403_07,V10642,23_A8,REMI,Aberrant,targets,Undeterminable,,,,,,Wild Type,,Wild Type,low,hinted_050403/rp050403_07_0002S.mov,,remi050403_wavelet_jpeg/remi050403_07_w.jpg,firing small targets,
050403_08,V10620,23_E4,REMI,Aberrant,targets,Undeterminable,,,,,,Wild Type,,Wild Type,low,hinted_050403/rp050403_08_0001S.mov,,remi050403_wavelet_jpeg/remi050403_08_w.jpg,targets,
050403_09,V10633,23_D10,REMI,Wild Type,,Wild Type,,Wild Type,,None,,None,,Wild Type,med,hinted_050403/rp050403_09_0100S.mov,,remi050403_wavelet_jpeg/remi050403_09_w.jpg,a few FB,
050403_10,V20071,N/A,HR,Wild Type,,Wild Type,,,,Wild Type,,Wild Type,,Wild Type,med,hinted_050403/rp050403_10_0050S.mov,,remi050403_wavelet_jpeg/remi050403_10_w.jpg,,
050403_11,V20056,N/A,HR,Aberrant,"""partial, late""",Aberrant,,,,None,,Wild Type,,Wild Type,low,hinted_050403/rp050403_11_0426S.mov,,remi050403_wavelet_jpeg/remi050403_11_w.jpg,some fast moving pseudo-slug dissociate,
050403_12,V20105,N/A,HR,Wild Type,,Wild Type,,,,,,Wild Type,,Wild Type,high,hinted_050403/rp050403_12_0001S.mov,,remi050403_wavelet_jpeg/remi050403_12_w.jpg,,
050403_13,V20077,N/A,HR,Wild Type,,Wild Type,,,,Wild Type,,Wild Type,,Wild Type,med,hinted_050403/rp050403_13_0001S.mov,,remi050403_wavelet_jpeg/remi050403_13_w.jpg,,
050403_14,V10641,23_A10,REMI,Wild Type,,Wild Type,,,,Wild Type,,Wild Type,,Wild Type,med,hinted_050403/rp050403_14_0001S.mov,,remi050403_wavelet_jpeg/remi050403_14_w.jpg,,
050403_15,V10604,22_B12,REMI,Undeterminable,,Undeterminable,,,,Wild Type,,Wild Type,,Wild Type,low,hinted_050403/rp050403_15_0100S.mov,,remi050403_wavelet_jpeg/remi050403_15_w.jpg,low cell density,
050403_16,V10634,23_C4,REMI,Wild Type,,Wild Type,,,,Wild Type,,Wild Type,,Wild Type,med,hinted_050403/rp050403_16_0050S.mov,,remi050403_wavelet_jpeg/remi050403_16_w.jpg,,
050403_17,V10646,23_B1,REMI,Wild Type,,Wild Type,,,,Wild Type,,Wild Type,,Wild Type,med,hinted_050403/rp050403_17_0050S.mov,,remi050403_wavelet_jpeg/remi050403_17_w.jpg,,
050403_18,V10644,23_E7,REMI,Wild Type,,Wild Type,,,,Wild Type,,Wild Type,,Wild Type,med,hinted_050403/rp050403_18_0001S.mov,,remi050403_wavelet_jpeg/remi050403_18_w.jpg,,
050403_19,V10643,23_D4,REMI,Wild Type,,Wild Type,,,,Wild Type,,Wild Type,,Wild Type,low,hinted_050403/rp050403_19_0100S.mov,,remi050403_wavelet_jpeg/remi050403_19_w.jpg,,
050403_20,V20072,N/A,HR,Wild Type,,Wild Type,,,,Wild Type,,Wild Type,,Wild Type,med,hinted_050403/rp050403_20_0050S.mov,,remi050403_wavelet_jpeg/remi050403_20_w.jpg,,
050403_21,V20064,N/A,HR,Aberrant,low frequency,Wild Type,large territory,,,Aberrant,long slug,Wild Type,,Wild Type,low,hinted_050403/rp050403_21_0100S.mov,,remi050403_wavelet_jpeg/remi050403_21_w.jpg,,
050403_22,V20103,N/A,HR,Aberrant,,Undeterminable,,,,Aberrant,slugger,Wild Type,,Wild Type,low,hinted_050403/rp050403_22_0001S.mov,,remi050403_wavelet_jpeg/remi050403_22_w.jpg,,
050403_23,V20079,N/A,HR,Aberrant,low frequency,Wild Type,large territory,,,Aberrant,DM-like,Wild Type,,Wild Type,low,hinted_050403/rp050403_23_0075S.mov,,remi050403_wavelet_jpeg/remi050403_23_w.jpg,,
050403_24,V10626,23_A6,REMI,Wild Type,,Undeterminable,,,,None,,Wild Type,,Wild Type,med,hinted_050403/rp050403_24_0050S.mov,,remi050403_wavelet_jpeg/remi050403_24_w.jpg,,
050403_25,V10617,22_D6,REMI,Wild Type,fast,Wild Type,,,,None,,Wild Type,,Wild Type,low,hinted_050403/rp050403_25_0050S.mov,,remi050403_wavelet_jpeg/remi050403_25_w.jpg,,
050403_26,V10622,23_C5,REMI,Wild Type,,Wild Type,,,,Aberrant,big slugger,Wild Type,,Wild Type,med,hinted_050403/rp050403_26_0001S.mov,,remi050403_wavelet_jpeg/remi050403_26_w.jpg,,
050403_27,V10632,23_B7,REMI,Wild Type,,Wild Type,,,,Wild Type,,Wild Type,,Wild Type,med,hinted_050403/rp050403_27_0050S.mov,,remi050403_wavelet_jpeg/remi050403_27_w.jpg,,
050403_28,V10625,23_F1,REMI,Wild Type,,Wild Type,,,,Aberrant,drop tail,Wild Type,,Wild Type,med,hinted_050403/rp050403_28_0075S.mov,,remi050403_wavelet_jpeg/remi050403_28_w.jpg,,
050403_29,V10636,23_E3,REMI,Wild Type,,Wild Type,,,,Aberrant,drop tail,Wild Type,,Wild Type,med,hinted_050403/rp050403_29_0075S.mov,,remi050403_wavelet_jpeg/remi050403_29_w.jpg,,
042903_00,V10513,20-B7,REMI,Wild Type,,Wild Type,,,,Wild Type,,Wild Type,,Wild Type,,hinted_042903/rp042903_00_0075S.mov,,remi042903_wavelet_jpeg/remi042903_00_w.jpg,,
042903_01,V10529,20-A3,REMI,Aberrant,weak,Wild Type,,Aberrant,Small,Aberrant,partial,Wild Type,,Wild Type,,hinted_042903/rp042903_01_0175S.mov,,remi042903_wavelet_jpeg/remi042903_01_w.jpg,low to medium density,
042903_02,V10519,20-G7,REMI,Wild Type,,Wild Type,,,,Aberrant,partial,Wild Type,,Wild Type,,hinted_042903/rp042903_02_0050S.mov,,remi042903_wavelet_jpeg/remi042903_02_w.jpg,,
042903_03,V10516,20-E4,REMI,Wild Type,,Wild Type,,,,Wild Type,,Wild Type,,Wild Type,,hinted_042903/rp042903_03_0075S.mov,,remi042903_wavelet_jpeg/remi042903_03_w.jpg,,
042903_04,V10553,21-B5,REMI,Undeterminable,no wave,Undeterminable,,,,Undeterminable,,Undeterminable,,Wild Type,,,,remi042903_wavelet_jpeg/remi042903_04_w.jpg,low cell density,
042903_05,V10530,20-H7,REMI,Wild Type,target,Wild Type,,,,Wild Type,,Wild Type,,Wild Type,,hinted_042903/rp042903_05_0002S.mov,,remi042903_wavelet_jpeg/remi042903_05_w.jpg,low to medium density,
042903_06,V10578,21-D5,REMI,Wild Type,,Wild Type,,,,None,,Wild Type,,Wild Type,,hinted_042903/rp042903_06_0001S.mov,,remi042903_wavelet_jpeg/remi042903_06_w.jpg,"uneven ",
042903_07,V10560,21-B8,REMI,Wild Type,,Wild Type,,,,None,,Wild Type,,Wild Type,,hinted_042903/rp042903_07_0001S.mov,,remi042903_wavelet_jpeg/remi042903_07_w.jpg,,
042903_08,V10579,21-G8,REMI,Wild Type,,Wild Type,,,,Aberrant,non-directional,Wild Type,,Wild Type,,hinted_042903/rp042903_08_0001S.mov,,remi042903_wavelet_jpeg/remi042903_08_w.jpg,,
042903_09,V10563,21-G12,REMI,Wild Type,,Wild Type,,,,,,Wild Type,,Wild Type,,hinted_042903/rp042903_09_0001S.mov,,remi042903_wavelet_jpeg/remi042903_09_w.jpg,,
042903_10,V10531,20-D2,REMI,Wild Type,,Wild Type,,,,Aberrant,directional,Wild Type,,Wild Type,,hinted_042903/rp042903_10_0001S.mov,,remi042903_wavelet_jpeg/remi042903_10_w.jpg,,
042903_11,V10537,20-A8,REMI,Aberrant,weak,None,,,,,,Undeterminable,,Wild Type,,,,remi042903_wavelet_jpeg/remi042903_11_w.jpg,low cell density,
042903_12,V10536,20-H3,REMI,Wild Type,,Wild Type,large aggregate,,,Aberrant,directional,Wild Type,,Wild Type,,hinted_042903/rp042903_12_0002S.mov,,remi042903_wavelet_jpeg/remi042903_12_w.jpg,,
042903_13,V10527,20-F3,REMI,Wild Type,,Wild Type,,,,,,Wild Type,,Wild Type,,hinted_042903/rp042903_13_0050S.mov,,remi042903_wavelet_jpeg/remi042903_13_w.jpg,low to medium,
042903_14,V10589,21-B6,REMI,Wild Type,,Wild Type,,,,None,,Wild Type,,Wild Type,,hinted_042903/rp042903_14_0002S.mov,,remi042903_wavelet_jpeg/remi042903_14_w.jpg,low cell density,
042903_15,V10567,21-A2,REMI,None,no wave,Undeterminable,,,,Undeterminable,,Undeterminable,,Wild Type,,,,remi042903_wavelet_jpeg/remi042903_15_w.jpg,low cell density,
042903_16,V10591,21-E2,REMI,Wild Type,,Wild Type,,,,Aberrant,,Wild Type,,Wild Type,,hinted_042903/rp042903_16_0001S.mov,,remi042903_wavelet_jpeg/remi042903_16_w.jpg,uneven,
042903_17,V10585,21-C1,REMI,Wild Type,,Wild Type,,,,Wild Type,,Wild Type,,Wild Type,,hinted_042903/rp042903_17_0050S.mov,,remi042903_wavelet_jpeg/remi042903_17_w.jpg,,
042903_18,V10587,21-H6,REMI,Wild Type,,Wild Type,,,,Wild Type,,Wild Type,,Wild Type,,hinted_042903/rp042903_18_0002S.mov,,remi042903_wavelet_jpeg/remi042903_18_w.jpg,,
042903_19,V10552,21-G2,REMI,Wild Type,,Wild Type,,,,Wild Type,,Wild Type,,Wild Type,,hinted_042903/rp042903_19_0002S.mov,,remi042903_wavelet_jpeg/remi042903_19_w.jpg,,
042903_20,V10545,20-D9,REMI,,,Wild Type,,,,Wild Type,,Wild Type,,Wild Type,,hinted_042903/rp042903_20_0025S.mov,,remi042903_wavelet_jpeg/remi042903_20_w.jpg,,
042903_21,V10514,20-B6,REMI,Aberrant,low frequency,Aberrant,asynchronous,,,Wild Type,,Wild Type,,Wild Type,,hinted_042903/rp042903_21_0025S.mov,,remi042903_wavelet_jpeg/remi042903_21_w.jpg,,
042903_22,V10534,20-H6,REMI,Wild Type,,Wild Type,,,,Wild Type,,Aberrant,long stalk,Wild Type,,hinted_042903/rp042903_22_0025S.mov,,remi042903_wavelet_jpeg/remi042903_22_w.jpg,,
042903_23,V10532,20-F6,REMI,Wild Type,,Wild Type,,,,Aberrant,directional,Wild Type,,Wild Type,,hinted_042903/rp042903_23_0002S.mov,,remi042903_wavelet_jpeg/remi042903_23_w.jpg,,
042903_24,V10546,21-B7,REMI,Undeterminable,,Wild Type,,,,Aberrant,partial,Wild Type,,Wild Type,,hinted_042903/rp042903_24_0002S.mov,,remi042903_wavelet_jpeg/remi042903_24_w.jpg,,
042903_25,V10588,21-B12,REMI,Undeterminable,no wave,Undeterminable,,,,Undeterminable,,Undeterminable,,Wild Type,,,,remi042903_wavelet_jpeg/remi042903_25_w.jpg,low cell density,
042903_26,V10566,21-F5,REMI,Wild Type,,Wild Type,,,,Wild Type,,Wild Type,,Wild Type,,hinted_042903/rp042903_26_0001S.mov,,remi042903_wavelet_jpeg/remi042903_26_w.jpg,medium but uneven,
042903_27,V10569,21-C12,REMI,Undeterminable,uneven plating,Wild Type,,,,Wild Type,,Wild Type,,Wild Type,,hinted_042903/rp042903_27_0025S.mov,,remi042903_wavelet_jpeg/remi042903_27_w.jpg,,
042903_29,V10571,21-G6,REMI,Wild Type,,Wild Type,,,,,,Wild Type,,Wild Type,,hinted_042903/rp042903_29_0002S.mov,,remi042903_wavelet_jpeg/remi042903_29_w.jpg,,
122903_00,V30328,D1015_C04,REMI,Wild Type,,Undeterminable,Y (medium small),,,,Y (leave tails),Wild Type,Y,Wild Type,,hinted_122903/rp122903_00_0002S.mov,hinted_122903_slug/rp122903p2_00.mov,rp122903_wavelet_jpeg/rp122903_00_w.jpg,,
122903_01,V30325,D1015_C01,REMI,Wild Type,,Wild Type,Y,,,,Y (leave tails),Wild Type,Y,Wild Type,,hinted_122903/rp122903_01_0002S.mov,hinted_122903_slug/rp122903p2_01.mov,rp122903_wavelet_jpeg/rp122903_01_w.jpg,,
122903_02,V30335,D1015_C11,REMI,Wild Type,,Wild Type,Y,,,,Y (leave tails),Wild Type,Y,Wild Type,,hinted_122903/rp122903_02_0002S.mov,hinted_122903_slug/rp122903p2_02.mov,rp122903_wavelet_jpeg/rp122903_02_w.jpg,,
122903_03,V30332,D1015_C08,REMI,Wild Type,,Wild Type,Y (breakup),,,,Y (small),Wild Type,Y,Wild Type,,hinted_122903/rp122903_03_0002S.mov,hinted_122903_slug/rp122903p2_03.mov,rp122903_wavelet_jpeg/rp122903_03_w.jpg,,
122903_04,V30341,D1015_D05,REMI,Wild Type,,Aberrant,?,,,,Y (small; leave tails),Aberrant,Y (small),Wild Type,,hinted_122903/rp122903_04_0002S.mov,hinted_122903_slug/rp122903p2_04.mov,rp122903_wavelet_jpeg/rp122903_04_w.jpg,base of FB  may be abnormal,
122903_05,V30338,D1015_D02,REMI,Wild Type,,Wild Type,Y (no breakup),,,,Y,Wild Type,Y (?),Wild Type,,hinted_122903/rp122903_05_0001S.mov,hinted_122903_slug/rp122903p2_05.mov,rp122903_wavelet_jpeg/rp122903_05_w.jpg,,
122903_06,V30347,D1015_D11,REMI,Wild Type,,Wild Type,Y,,,,,Wild Type,Y,Wild Type,,hinted_122903/rp122903_06_0002S.mov,hinted_122903_slug/rp122903p2_06.mov,rp122903_wavelet_jpeg/rp122903_06_w.jpg,,
122903_07,V30344,D1015_D08,REMI,Wild Type,,Wild Type,Y,,,,Y (leave tails),Wild Type,Y,Wild Type,,hinted_122903/rp122903_07_0002S.mov,hinted_122903_slug/rp122903p2_07.mov,rp122903_wavelet_jpeg/rp122903_07_w.jpg,,
122903_08,V30353,D1015_E05,REMI,Undeterminable,,Undeterminable,N,,,Undeterminable,N,Undeterminable,Y (small),Undeterminable,,hinted_122903/rp122903_08_0250S.mov,hinted_122903_slug/rp122903p2_08.mov,rp122903_wavelet_jpeg/rp122903_08_w.jpg,low cell density; extremely small FB; small spore head if any,
122903_09,V30350,D1015_E02,REMI,Aberrant,,Undeterminable,Y (late),,,,,Wild Type,Y (small),Wild Type,,hinted_122903/rp122903_09_0100S.mov,hinted_122903_slug/rp122903p2_09.mov,rp122903_wavelet_jpeg/rp122903_09_w.jpg,medium low cell density,
122903_10,V30330,D1015_C06,REMI,Wild Type,,Wild Type,Y,,,,Y (leave tails),Wild Type,Y,Wild Type,,hinted_122903/rp122903_10_0002S.mov,hinted_122903_slug/rp122903p2_10.mov,rp122903_wavelet_jpeg/rp122903_10_w.jpg,,
122903_11,V30326,D1015_C02,REMI,Wild Type,,Wild Type,Y,,,,Y (leave tails),Wild Type,Y,Wild Type,,hinted_122903/rp122903_11_0002S.mov,hinted_122903_slug/rp122903p2_11.mov,rp122903_wavelet_jpeg/rp122903_11_w.jpg,,
122903_12,V30336,D1015_C12,REMI,Wild Type,,Wild Type,Y,,,,Y (leave tails),Wild Type,Y,Wild Type,,hinted_122903/rp122903_12_0002S.mov,hinted_122903_slug/rp122903p2_12.mov,rp122903_wavelet_jpeg/rp122903_12_w.jpg,,
122903_13,V30333,D1015_C09,REMI,Undeterminable,late,Undeterminable,Y (late),,,,Y (small; leave tails),Wild Type,Y,Wild Type,,hinted_122903/rp122903_13_0175S.mov,hinted_122903_slug/rp122903p2_13.mov,rp122903_wavelet_jpeg/rp122903_13_w.jpg,,
122903_14,V30342,D1015_D06,REMI,Wild Type,,Wild Type,Y,,,,Y (leave tails),Wild Type,Y,Wild Type,,hinted_122903/rp122903_14_0002S.mov,hinted_122903_slug/rp122903p2_14.mov,rp122903_wavelet_jpeg/rp122903_14_w.jpg,,
122903_15,V30339,D1015_D03,REMI,Wild Type,,Wild Type,Y,,,,Y (small; leave tails),Wild Type,Y,Wild Type,,hinted_122903/rp122903_15_0002S.mov,hinted_122903_slug/rp122903p2_15.mov,rp122903_wavelet_jpeg/rp122903_15_w.jpg,,
122903_16,V30348,D1015_D12,REMI,Aberrant,persistent local oscillations,Aberrant,Aberrant,,,,Y (small; leave tails),Aberrant,Y (small),Undeterminable,,hinted_122903/rp122903_16_0200S.mov,hinted_122903_slug/rp122903p2_16.mov,rp122903_wavelet_jpeg/rp122903_16_w.jpg,chemotactic cell morphology in axenic medium,
122903_17,V30345,D1015_D09,REMI,Wild Type,,Wild Type,Y,,,,Y (leave tails),Wild Type,Y,Wild Type,,hinted_122903/rp122903_17_0002S.mov,hinted_122903_slug/rp122903p2_17.mov,rp122903_wavelet_jpeg/rp122903_17_w.jpg,,
122903_18,V30354,D1015_E06,REMI,Wild Type,,Wild Type,Y,,,,Y (?),Wild Type,Y,Wild Type,,hinted_122903/rp122903_18_0050S.mov,hinted_122903_slug/rp122903p2_18.mov,rp122903_wavelet_jpeg/rp122903_18_w.jpg,,
122903_19,V30351,D1015_E03,REMI,Wild Type,,Wild Type,Y,,,,Y (leave tails),Wild Type,Y,Wild Type,,hinted_122903/rp122903_19_0002S.mov,hinted_122903_slug/rp122903p2_19.mov,rp122903_wavelet_jpeg/rp122903_19_w.jpg,,
122903_20,V30331,D1015_C07,REMI,Wild Type,,Wild Type,Y,,,,Y (leave tails),Wild Type,Y,Wild Type,,hinted_122903/rp122903_20_0002S.mov,hinted_122903_slug/rp122903p2_20.mov,rp122903_wavelet_jpeg/rp122903_20_w.jpg,,
122903_21,V30327,D1015_C03,REMI,Wild Type,,Wild Type,Y,,,,Y (leave tails),Wild Type,Y,Wild Type,,hinted_122903/rp122903_21_0002S.mov,hinted_122903_slug/rp122903p2_21.mov,rp122903_wavelet_jpeg/rp122903_21_w.jpg,,
122903_22,V30337,D1015_D01,REMI,Wild Type,,Wild Type,Y,,,,Y (leave tails),Wild Type,Y,Wild Type,,hinted_122903/rp122903_22_0002S.mov,hinted_122903_slug/rp122903p2_22.mov,rp122903_wavelet_jpeg/rp122903_22_w.jpg,,
122903_23,V30334,D1015_C10,REMI,Wild Type,,Wild Type,Y,,,,Y (leave tails),Wild Type,Y,Wild Type,,hinted_122903/rp122903_23_0002S.mov,hinted_122903_slug/rp122903p2_23.mov,rp122903_wavelet_jpeg/rp122903_23_w.jpg,,
122903_24,V30343,D1015_D07,REMI,Wild Type,,Wild Type,Y,,,,Y (?),Wild Type,Y,Wild Type,,hinted_122903/rp122903_24_0002S.mov,hinted_122903_slug/rp122903p2_24.mov,rp122903_wavelet_jpeg/rp122903_24_w.jpg,,
122903_25,V30340,D1015_D04,REMI,Wild Type,,Wild Type,Y,,,,Y (?),Wild Type,Y,Wild Type,,hinted_122903/rp122903_25_0002S.mov,hinted_122903_slug/rp122903p2_25.mov,rp122903_wavelet_jpeg/rp122903_25_w.jpg,,
122903_26,V30349,D1015_E01,REMI,Wild Type,,Wild Type,Y (small),,,,Y (leave tails),Wild Type,Y,Wild Type,,hinted_122903/rp122903_26_0002S.mov,hinted_122903_slug/rp122903p2_26.mov,rp122903_wavelet_jpeg/rp122903_26_w.jpg,,
122903_27,V30346,D1015_D10,REMI,Wild Type,,Wild Type,Y,,,,Y (leave tails),Wild Type,Y,Wild Type,,hinted_122903/rp122903_27_0002S.mov,hinted_122903_slug/rp122903p2_27.mov,rp122903_wavelet_jpeg/rp122903_27_w.jpg,,
122903_28,V30355,D1015_E07,REMI,Undeterminable,,Wild Type,Y,,,,Y (small; leave tails),Wild Type,Y,Wild Type,,hinted_122903/rp122903_28_0002S.mov,hinted_122903_slug/rp122903p2_28.mov,rp122903_wavelet_jpeg/rp122903_28_w.jpg,non-uniform plating,
122903_29,V30352,D1015_E04,REMI,Wild Type,,Wild Type,Y,,,,Y (leave tails),Wild Type,Y,Wild Type,,hinted_122903/rp122903_29_0002S.mov,hinted_122903_slug/rp122903p2_29.mov,rp122903_wavelet_jpeg/rp122903_29_w.jpg,,
122503_00,V30270,D1014_F09,REMI,Aberrant,"late, low frequency",Wild Type,Y (breakup),,,,,Wild Type,Y,Wild Type,,hinted_122503/rp122503_00_0250S.mov,hinted_122503p2/rp122503p2_00.mov,rp122503_wavelet_jpeg/rp122503_00_w.jpg,,
122503_01,V30266,D1014_F05,REMI,Aberrant,"large territory (late, slow)",Wild Type,,,,,,Wild Type,Y,Wild Type,,hinted_122503/rp122503_01_0175S.mov,hinted_122503p2/rp122503p2_01.mov,rp122503_wavelet_jpeg/rp122503_01_w.jpg,,
122503_02,V30283,D1014_G10,REMI,Undeterminable,?,Undeterminable,,,,,,Undeterminable,N,Aberrant,,,hinted_122503p2/rp122503p2_02.mov,rp122503_wavelet_jpeg/rp122503_02_w.jpg,poor axenic growth; low cell density,
122503_03,V30274,D1014_G01,REMI,Undeterminable,?,Undeterminable,,,,,,Undeterminable,N/A,Undeterminable,,,hinted_122503p2/rp122503p2_03.mov,rp122503_wavelet_jpeg/rp122503_03_w.jpg,no cell blank well,
122503_04,V30295,D1014_H10,REMI,Wild Type,large territory,Wild Type,,,,,,Wild Type,Y,Wild Type,,hinted_122503/rp122503_04_0175S.mov,hinted_122503p2/rp122503p2_04.mov,rp122503_wavelet_jpeg/rp122503_04_w.jpg,,
122503_05,V30290,D1014_H05,REMI,Undeterminable,late,Undeterminable,,,,,,Wild Type,Y,Wild Type,,hinted_122503/rp122503_05_0350S.mov,hinted_122503p2/rp122503p2_05.mov,rp122503_wavelet_jpeg/rp122503_05_w.jpg,low cell density,
122503_06,V30310,D1015_A10,REMI,Wild Type,Wildtype,Wild Type,,,,,,Wild Type,Y,Wild Type,,hinted_122503/rp122503_06_0100S.mov,hinted_122503p2/rp122503p2_06.mov,rp122503_wavelet_jpeg/rp122503_06_w.jpg,,
122503_07,V30307,D1015_A07,REMI,Wild Type,Wildtype,Wild Type,,,,,,Wild Type,Y,Wild Type,,hinted_122503/rp122503_07_0025S.mov,hinted_122503p2/rp122503p2_07.mov,rp122503_wavelet_jpeg/rp122503_07_w.jpg,,
122503_08,V30322,D1015_B10,REMI,Wild Type,Wildtype,Wild Type,,,,,,Wild Type,Y,Wild Type,,hinted_122503/rp122503_08_0050S.mov,hinted_122503p2/rp122503p2_08.mov,rp122503_wavelet_jpeg/rp122503_08_w.jpg,,
122503_09,V30313,D1015_B01,REMI,Wild Type,late,Wild Type,,,,,,Wild Type,Y,Wild Type,,hinted_122503/rp122503_09_0200S.mov,hinted_122503p2/rp122503p2_09.mov,rp122503_wavelet_jpeg/rp122503_09_w.jpg,low cell density,
122503_10,V30271,D1014_F10,REMI,Undeterminable,,Undeterminable,,,,,,Undeterminable,N/A,Undeterminable,,,hinted_122503p2/rp122503p2_10.mov,rp122503_wavelet_jpeg/rp122503_10_w.jpg,no cell blank well,
122503_11,V30267,D1014_F06,REMI,Aberrant,,Aberrant,,,,,,Wild Type,Y,Wild Type,,hinted_122503/rp122503_11_0025S.mov,hinted_122503p2/rp122503p2_11.mov,rp122503_wavelet_jpeg/rp122503_11_w.jpg,,
122503_12,V30287,D1014_H02,REMI,Wild Type,Wildtype,Undeterminable,,,,,,Wild Type,Y,Wild Type,,hinted_122503/rp122503_12_0100S.mov,hinted_122503p2/rp122503p2_12.mov,rp122503_wavelet_jpeg/rp122503_12_w.jpg,,
122503_13,V30277,D1014_G04,REMI,Wild Type,Wildtype,Wild Type,,,,,,Wild Type,Y,Wild Type,,hinted_122503/rp122503_13_0100S.mov,hinted_122503p2/rp122503p2_13.mov,rp122503_wavelet_jpeg/rp122503_13_w.jpg,,
122503_14,V30297,D1014_H12,REMI,Wild Type,Wildtype,Wild Type,,,,,,Wild Type,Y,Wild Type,,hinted_122503/rp122503_14_0050S.mov,hinted_122503p2/rp122503p2_14.mov,rp122503_wavelet_jpeg/rp122503_14_w.jpg,,
122503_15,V30291,D1014_H06,REMI,Wild Type,Wildtype,Wild Type,,,,,,Wild Type,Y,Wild Type,,hinted_122503/rp122503_15_0100S.mov,hinted_122503p2/rp122503p2_15.mov,rp122503_wavelet_jpeg/rp122503_15_w.jpg,,
122503_16,V30311,D1015_A11,REMI,Wild Type,Wildtype,Wild Type,,,,,,Wild Type,Y,Wild Type,,hinted_122503/rp122503_16_0125S.mov,hinted_122503p2/rp122503p2_16.mov,rp122503_wavelet_jpeg/rp122503_16_w.jpg,,
122503_17,V30308,D1015_A08,REMI,Undeterminable,Wildtype (late),Wild Type,,,,,,Wild Type,Y,Wild Type,,hinted_122503/rp122503_17_0225S.mov,hinted_122503p2/rp122503p2_17.mov,rp122503_wavelet_jpeg/rp122503_17_w.jpg,medium-low cell density,
122503_18,V30324,D1015_B12,REMI,Wild Type,Wildtype,Wild Type,,,,,,Wild Type,Y,Wild Type,,hinted_122503/rp122503_18_0050S.mov,hinted_122503p2/rp122503p2_18.mov,rp122503_wavelet_jpeg/rp122503_18_w.jpg,,
122503_19,V30320,D1015_B08,REMI,Wild Type,Wildtype,Wild Type,,,,,,Wild Type,Y,Wild Type,,hinted_122503/rp122503_19_0001S.mov,hinted_122503p2/rp122503p2_19.mov,rp122503_wavelet_jpeg/rp122503_19_w.jpg,,
122503_20,V30272,D1014_F11,REMI,Undeterminable,late (slow),Undeterminable,,,,,,Wild Type,Y,Wild Type,,hinted_122503/rp122503_20_0350S.mov,hinted_122503p2/rp122503p2_20.mov,rp122503_wavelet_jpeg/rp122503_20_w.jpg,medium-low cell density,
122503_21,V30268,D1014_F07,REMI,Undeterminable,,Undeterminable,,,,,,Wild Type,Y,Wild Type,,,hinted_122503p2/rp122503p2_21.mov,rp122503_wavelet_jpeg/rp122503_21_w.jpg,low cell density,
122503_22,V30289,D1014_H04,REMI,Undeterminable,"poor ",Undeterminable,,,,,,Wild Type,Y,Wild Type,,hinted_122503/rp122503_22_0300S.mov,hinted_122503p2/rp122503p2_22.mov,rp122503_wavelet_jpeg/rp122503_22_w.jpg,low cell density,
122503_23,V30279,D1014_G06,REMI,Undeterminable,late,Undeterminable,,,,,,Wild Type,Y,Wild Type,,hinted_122503/rp122503_23_0400S.mov,hinted_122503p2/rp122503p2_23.mov,rp122503_wavelet_jpeg/rp122503_23_w.jpg,low cell density,
122503_24,V30301,D1015_A01,REMI,Undeterminable,,Undeterminable,,,,,,Wild Type,Y,Wild Type,,,hinted_122503p2/rp122503p2_24.mov,rp122503_wavelet_jpeg/rp122503_24_w.jpg,low cell density,
122503_25,V30292,D1014_H07,REMI,Undeterminable,late,Wild Type,,,,,,Wild Type,Y,Wild Type,,hinted_122503/rp122503_25_0225S.mov,hinted_122503p2/rp122503p2_25.mov,rp122503_wavelet_jpeg/rp122503_25_w.jpg,medium-low cell density,
122503_26,V30312,D1015_A12,REMI,Wild Type,Wildtype,Wild Type,,,,,,Wild Type,Y,Wild Type,,hinted_122503/rp122503_26_0125S.mov,hinted_122503p2/rp122503p2_26.mov,rp122503_wavelet_jpeg/rp122503_26_w.jpg,,
122503_27,V30309,D1015_A09,REMI,Undeterminable,Wildtype (late),Wild Type,,,,,,Wild Type,Y,Wild Type,,hinted_122503/rp122503_27_0250S.mov,hinted_122503p2/rp122503p2_27.mov,rp122503_wavelet_jpeg/rp122503_27_w.jpg,medium-low cell density,
122503_28,V30329,D1015_C05,REMI,Wild Type,,Undeterminable,,,,,,Wild Type,Y,Wild Type,,hinted_122503/rp122503_28_0001S.mov,hinted_122503p2/rp122503p2_28.mov,rp122503_wavelet_jpeg/rp122503_28_w.jpg,,
122503_29,V30321,D1015_B09,REMI,Wild Type,Wildtype,Wild Type,,,,,,Wild Type,Y,Wild Type,,hinted_122503/rp122503_29_0075S.mov,hinted_122503p2/rp122503p2_29.mov,rp122503_wavelet_jpeg/rp122503_29_w.jpg,,
122203_00,V30265,D1014_F04,REMI,Undeterminable,?,Undeterminable,,,,,,Undeterminable,N,Wild Type,,,hinted_122203_slug/rp122203p2_00.mov,rp122203_wavelet_jpeg/rp122203_00_w.jpg,low cell density,
122203_01,V30262,D1014_F01,REMI,Aberrant,Aberrant?,Undeterminable,Y,,,,,Aberrant,Y (aberrant),Wild Type,,hinted_122203/rp122203_01_0002S.mov,hinted_122203_slug/rp122203p2_01.mov,rp122203_wavelet_jpeg/rp122203_01_w.jpg,no spore head,
122203_02,V30281,D1014_G08,REMI,Undeterminable,?,Undeterminable,,,,,,Undeterminable,partial,Wild Type,,,hinted_122203_slug/rp122203p2_02.mov,rp122203_wavelet_jpeg/rp122203_02_w.jpg,low cell density,
122203_03,V30276,D1014_G03,REMI,Aberrant,"weak, late",Undeterminable,,,,,,Undeterminable,partial,Wild Type,,hinted_122203/rp122203_03_0450S.mov,hinted_122203_slug/rp122203p2_03.mov,rp122203_wavelet_jpeg/rp122203_03_w.jpg,medium low cell density,
122203_04,V30293,D1014_H08,REMI,,? Late,Wild Type,,,,,,Aberrant,"partial ",Wild Type,,hinted_122203/rp122203_04_0200S.mov,hinted_122203_slug/rp122203p2_04.mov,rp122203_wavelet_jpeg/rp122203_04_w.jpg,,
122203_05,V30285,D1014_G12,REMI,Undeterminable,"weak, late",Undeterminable,,,,,,Aberrant,Y (small),Aberrant,,hinted_122203/rp122203_05_0050S.mov,hinted_122203_slug/rp122203p2_05.mov,rp122203_wavelet_jpeg/rp122203_05_w.jpg,large cells (multi-nucleate?) during axenic growth,
122203_06,V30305,D1015_A05,REMI,Wild Type,Wildtype,Wild Type,,,,,,Wild Type,Y,Wild Type,,hinted_122203/rp122203_06_0050S.mov,hinted_122203_slug/rp122203p2_06.mov,rp122203_wavelet_jpeg/rp122203_06_w.jpg,,
122203_07,V30302,D1015_A02,REMI,Wild Type,Wildtype,Wild Type,,,,,,Wild Type,Y,Wild Type,,hinted_122203/rp122203_07_0075S.mov,hinted_122203_slug/rp122203p2_07.mov,rp122203_wavelet_jpeg/rp122203_07_w.jpg,,
122203_08,V30318,D1015_B06,REMI,Wild Type,Wildtype,Wild Type,,,,,,Wild Type,Y,Wild Type,,hinted_122203/rp122203_08_0050S.mov,hinted_122203_slug/rp122203p2_08.mov,rp122203_wavelet_jpeg/rp122203_08_w.jpg,low cell density,
122203_09,V30315,D1015_B03,REMI,Wild Type,Wildtype,Wild Type,,,,,,Wild Type,Y,Wild Type,,hinted_122203/rp122203_09_0075S.mov,hinted_122203_slug/rp122203p2_09.mov,rp122203_wavelet_jpeg/rp122203_09_w.jpg,low cell density,
122203_10,V30269,D1014_F08,REMI,Wild Type,Wildtype,Wild Type,,,,,,Wild Type,Y,Wild Type,,hinted_122203/rp122203_10_0025S.mov,hinted_122203_slug/rp122203p2_10.mov,rp122203_wavelet_jpeg/rp122203_10_w.jpg,,
122203_11,V30263,D1014_F02,REMI,Wild Type,Wildtype (weak),Wild Type,,,,,,Wild Type,Y,Wild Type,,hinted_122203/rp122203_11_0025S.mov,hinted_122203_slug/rp122203p2_11.mov,rp122203_wavelet_jpeg/rp122203_11_w.jpg,,
122203_12,V30282,D1014_G09,REMI,Aberrant,weak,Aberrant,,,,,,Aberrant,partial,Wild Type,,hinted_122203/rp122203_12_0050S.mov,hinted_122203_slug/rp122203p2_12.mov,rp122203_wavelet_jpeg/rp122203_12_w.jpg,,
122203_13,V30278,D1014_G05,REMI,,?,Wild Type,,,,,,Wild Type,Y,Wild Type,,hinted_122203/rp122203_13_0125S.mov,hinted_122203_slug/rp122203p2_13.mov,rp122203_wavelet_jpeg/rp122203_13_w.jpg,,
122203_14,V30294,D1014_H09,REMI,Wild Type,late,Wild Type,,,,,,Wild Type,?,Wild Type,,hinted_122203/rp122203_14_0200S.mov,hinted_122203_slug/rp122203p2_14.mov,rp122203_wavelet_jpeg/rp122203_14_w.jpg,,
122203_15,V30286,D1014_H01,REMI,Undeterminable,"weak, late",Undeterminable,,,,,,Undeterminable,Y (small),Wild Type,,hinted_122203/rp122203_15_0450S.mov,hinted_122203_slug/rp122203p2_15.mov,rp122203_wavelet_jpeg/rp122203_15_w.jpg,low cell density,
122203_16,V30306,D1015_A06,REMI,Wild Type,Wildtype,Wild Type,,,,,,Wild Type,Y,Wild Type,,hinted_122203/rp122203_16_0025S.mov,hinted_122203_slug/rp122203p2_16.mov,rp122203_wavelet_jpeg/rp122203_16_w.jpg,,
122203_17,V30303,D1015_A03,REMI,Aberrant,amplitude,Wild Type,,,,,,Wild Type,Y,Wild Type,,hinted_122203/rp122203_17_0100S.mov,hinted_122203_slug/rp122203p2_17.mov,rp122203_wavelet_jpeg/rp122203_17_w.jpg,,
122203_18,V30319,D1015_B07,REMI,Aberrant,Aberrant?,Undeterminable,,,,,,Wild Type,Y,Wild Type,,,hinted_122203_slug/rp122203p2_18.mov,rp122203_wavelet_jpeg/rp122203_18_w.jpg,,
122203_19,V30316,D1015_B04,REMI,Wild Type,Wildtype,Wild Type,,,,,,Wild Type,Y,Wild Type,,hinted_122203/rp122203_19_0050S.mov,hinted_122203_slug/rp122203p2_19.mov,rp122203_wavelet_jpeg/rp122203_19_w.jpg,,
122203_20,V30275,D1014_G02,REMI,Undeterminable,,Undeterminable,,,,,,Undeterminable,partial,Wild Type,,,hinted_122203_slug/rp122203p2_20.mov,rp122203_wavelet_jpeg/rp122203_20_w.jpg,low cell density,
122203_21,V30264,D1014_F03,REMI,Undeterminable,? late,Undeterminable,,,,,,Wild Type,Y,Wild Type,,hinted_122203/rp122203_21_0125S.mov,hinted_122203_slug/rp122203p2_21.mov,rp122203_wavelet_jpeg/rp122203_21_w.jpg,medium low cell density,
122203_22,V30284,D1014_G11,REMI,Aberrant,Aberrant?,Aberrant,Aberrant,,,,,Aberrant,partial,Wild Type,,hinted_122203/rp122203_22_0200S.mov,hinted_122203_slug/rp122203p2_22.mov,rp122203_wavelet_jpeg/rp122203_22_w.jpg,,
122203_23,V30280,D1014_G07,REMI,Undeterminable,,Undeterminable,,,,,,Undeterminable,partial,Wild Type,,,hinted_122203_slug/rp122203p2_23.mov,rp122203_wavelet_jpeg/rp122203_23_w.jpg,low cell density,
122203_24,V30296,D1014_H11,REMI,Aberrant,,Undeterminable,,,,,,Aberrant,Y (small),Wild Type,,,hinted_122203_slug/rp122203p2_24.mov,rp122203_wavelet_jpeg/rp122203_24_w.jpg,,
122203_25,V30288,D1014_H03,REMI,Aberrant,late,Undeterminable,,,,,,Wild Type,Y,Wild Type,,hinted_122203/rp122203_25_0200S.mov,hinted_122203_slug/rp122203p2_25.mov,rp122203_wavelet_jpeg/rp122203_25_w.jpg,,
122203_26,V30314,D1015_B02,REMI,Wild Type,"late, target",Wild Type,,,,,,Wild Type,Y,Wild Type,,hinted_122203/rp122203_26_0075S.mov,hinted_122203_slug/rp122203p2_26.mov,rp122203_wavelet_jpeg/rp122203_26_w.jpg,,
122203_27,V30304,D1015_A04,REMI,Wild Type,Late,Wild Type,,,,,,Wild Type,Y,Wild Type,,hinted_122203/rp122203_27_0100S.mov,hinted_122203_slug/rp122203p2_27.mov,rp122203_wavelet_jpeg/rp122203_27_w.jpg,,
122203_28,V30323,D1015_B11,REMI,Wild Type,Wildtype,Wild Type,,,,,,Wild Type,Y,Wild Type,,hinted_122203/rp122203_28_0050S.mov,hinted_122203_slug/rp122203p2_28.mov,rp122203_wavelet_jpeg/rp122203_28_w.jpg,,
122203_29,V30317,D1015_B05,REMI,Wild Type,Wildtype,Wild Type,,,,,,Wild Type,Y,Wild Type,,hinted_122203/rp122203_29_0050S.mov,hinted_122203_slug/rp122203p2_29.mov,rp122203_wavelet_jpeg/rp122203_29_w.jpg,,
121803_00,V30205,D1014_A04,REMI,Wild Type,,Wild Type,,,,,,Wild Type,Y,Wild Type,,hinted_121803/rp121803_00_0050S.mov,hinted_121803_slug/rp121803p2_00.mov,rp121803_wavelet_jpeg/rp121803_00_w.jpg,,
121803_01,V30202,D1014_A01,REMI,Wild Type,,Wild Type,,,,,,Wild Type,Y,Wild Type,,hinted_121803/rp121803_01_0050S.mov,hinted_121803_slug/rp121803p2_01.mov,rp121803_wavelet_jpeg/rp121803_01_w.jpg,,
121803_02,V30216,D1014_B03,REMI,Wild Type,,Wild Type,,,,,,Wild Type,Y,Wild Type,,hinted_121803/rp121803_02_0050S.mov,hinted_121803_slug/rp121803p2_02.mov,rp121803_wavelet_jpeg/rp121803_02_w.jpg,,
121803_03,V30211,D1014_A10,REMI,Wild Type,,Wild Type,,,,,,Wild Type,Y,Wild Type,,hinted_121803/rp121803_03_0050S.mov,hinted_121803_slug/rp121803p2_03.mov,rp121803_wavelet_jpeg/rp121803_03_w.jpg,,
121803_04,V30224,D1014_B11,REMI,Wild Type,,Wild Type,,,,,,Wild Type,Y,Wild Type,,hinted_121803/rp121803_04_0050S.mov,hinted_121803_slug/rp121803p2_04.mov,rp121803_wavelet_jpeg/rp121803_04_w.jpg,,
121803_05,V30220,D1014_B07,REMI,Wild Type,,Wild Type,,,,,,Wild Type,Y,Wild Type,,hinted_121803/rp121803_05_0075S.mov,hinted_121803_slug/rp121803p2_05.mov,rp121803_wavelet_jpeg/rp121803_05_w.jpg,,
121803_06,V30232,D1014_C07,REMI,Undeterminable,,Undeterminable,,,,,,Undeterminable,?,Wild Type,,,hinted_121803_slug/rp121803p2_06.mov,rp121803_wavelet_jpeg/rp121803_06_w.jpg,low cell density,
121803_07,V30229,D1014_C04,REMI,Aberrant,late,Wild Type,,,,,,Wild Type,Y,Wild Type,,hinted_121803/rp121803_07_0125S.mov,hinted_121803_slug/rp121803p2_07.mov,rp121803_wavelet_jpeg/rp121803_07_w.jpg,,
121803_08,V30245,D1014_D08,REMI,Aberrant,large territory,Wild Type,,,,,,Aberrant,Y (aberrant),Wild Type,,hinted_121803/rp121803_08_0200S.mov,hinted_121803_slug/rp121803p2_08.mov,rp121803_wavelet_jpeg/rp121803_08_w.jpg,zig-zag stalk on substrate before finally lifted,
121803_09,V30242,D1014_D05,REMI,Wild Type,,Wild Type,,,,,,Wild Type,Y,Wild Type,,hinted_121803/rp121803_09_0075S.mov,hinted_121803_slug/rp121803p2_09.mov,rp121803_wavelet_jpeg/rp121803_09_w.jpg,,
121803_10,V30206,D1014_A05,REMI,Wild Type,,Wild Type,,,,,,Wild Type,Y,Wild Type,,hinted_121803/rp121803_10_0025S.mov,hinted_121803_slug/rp121803p2_10.mov,rp121803_wavelet_jpeg/rp121803_10_w.jpg,,
121803_11,V30203,D1014_A02,REMI,Wild Type,,Wild Type,,,,,,Wild Type,Y,Wild Type,,hinted_121803/rp121803_11_0025S.mov,hinted_121803_slug/rp121803p2_11.mov,rp121803_wavelet_jpeg/rp121803_11_w.jpg,,
121803_12,V30218,D1014_B05,REMI,Wild Type,,Wild Type,,,,,,Wild Type,Y,Wild Type,,hinted_121803/rp121803_12_0050S.mov,hinted_121803_slug/rp121803p2_12.mov,rp121803_wavelet_jpeg/rp121803_12_w.jpg,,
121803_13,V30212,D1014_A11,REMI,Wild Type,,Wild Type,,,,,,Wild Type,Y,Wild Type,,hinted_121803/rp121803_13_0025S.mov,hinted_121803_slug/rp121803p2_13.mov,rp121803_wavelet_jpeg/rp121803_13_w.jpg,,
121803_14,V30226,D1014_C01,REMI,Undeterminable,,Wild Type,,,,,,Wild Type,Y,Wild Type,,hinted_121803/rp121803_14_0025S.mov,hinted_121803_slug/rp121803p2_14.mov,rp121803_wavelet_jpeg/rp121803_14_w.jpg,,
121803_15,V30221,D1014_B08,REMI,Undeterminable,,Wild Type,,,,,,Wild Type,Y,Wild Type,,hinted_121803/rp121803_15_0100S.mov,hinted_121803_slug/rp121803p2_15.mov,rp121803_wavelet_jpeg/rp121803_15_w.jpg,,
121803_16,V30234,D1014_C09,REMI,Wild Type,,Wild Type,,,,,,Wild Type,Y,Wild Type,,hinted_121803/rp121803_16_0050S.mov,hinted_121803_slug/rp121803p2_16.mov,rp121803_wavelet_jpeg/rp121803_16_w.jpg,,
121803_17,V30230,D1014_C05,REMI,Aberrant,local oscillations?,Aberrant,N,,"Y ",None,N,None,N,Wild Type,,hinted_121803/rp121803_17_0050S.mov,hinted_121803_slug/rp121803p2_17.mov,rp121803_wavelet_jpeg/rp121803_17_w.jpg,arrested at mound; markedly yellow culminant on KA/SM,
121803_18,V30246,D1014_D09,REMI,Aberrant,reversed polarity,Wild Type,,,,,,Aberrant,Y (small partial),Wild Type,,hinted_121803/rp121803_18_0150S.mov,hinted_121803_slug/rp121803p2_18.mov,rp121803_wavelet_jpeg/rp121803_18_w.jpg,,
121803_19,V30243,D1014_D06,REMI,Wild Type,,Wild Type,,,,,,Wild Type,Y,Wild Type,,hinted_121803/rp121803_19_0050S.mov,hinted_121803_slug/rp121803p2_19.mov,rp121803_wavelet_jpeg/rp121803_19_w.jpg,,
121803_20,V30210,D1014_A09,REMI,Wild Type,,Wild Type,,,,,,Wild Type,Y,Wild Type,,hinted_121803/rp121803_20_0025S.mov,hinted_121803_slug/rp121803p2_20.mov,rp121803_wavelet_jpeg/rp121803_20_w.jpg,,
121803_21,V30204,D1014_A03,REMI,Wild Type,,Wild Type,,,,,,Wild Type,Y,Wild Type,,hinted_121803/rp121803_21_0025S.mov,hinted_121803_slug/rp121803p2_21.mov,rp121803_wavelet_jpeg/rp121803_21_w.jpg,,
121803_22,V30219,D1014_B06,REMI,Wild Type,target,Wild Type,,,,,,Wild Type,Y,Wild Type,,hinted_121803/rp121803_22_0050S.mov,hinted_121803_slug/rp121803p2_22.mov,rp121803_wavelet_jpeg/rp121803_22_w.jpg,,
121803_23,V30213,D1014_A12,REMI,Undeterminable,,Undeterminable,,,,,,Aberrant,Y (small spore head; stalky),Wild Type,,hinted_121803/rp121803_23_0175S.mov,hinted_121803_slug/rp121803p2_23.mov,rp121803_wavelet_jpeg/rp121803_23_w.jpg,,
121803_24,V30228,D1014_C03,REMI,Wild Type,,Wild Type,,,,,,Wild Type,Y,Wild Type,,hinted_121803/rp121803_24_0050S.mov,hinted_121803_slug/rp121803p2_24.mov,rp121803_wavelet_jpeg/rp121803_24_w.jpg,,
121803_25,V30222,D1014_B09,REMI,Aberrant,weak; late,Undeterminable,,,,,,Aberrant,Y (small; small spore head),Wild Type,,hinted_121803/rp121803_25_0450S.mov,hinted_121803_slug/rp121803p2_25.mov,rp121803_wavelet_jpeg/rp121803_25_w.jpg,,
121803_26,V30241,D1014_D04,REMI,Aberrant,late,Wild Type,,,,,Y (small),Wild Type,Y,Wild Type,,hinted_121803/rp121803_26_0225S.mov,hinted_121803_slug/rp121803p2_26.mov,rp121803_wavelet_jpeg/rp121803_26_w.jpg,,
121803_27,V30231,D1014_C06,REMI,Undeterminable,?,Wild Type,,,,,,Wild Type,Y,Wild Type,,hinted_121803/rp121803_27_0002S.mov,hinted_121803_slug/rp121803p2_27.mov,rp121803_wavelet_jpeg/rp121803_27_w.jpg,,
121803_28,V30273,D1014_F12,REMI,Wild Type,,Wild Type,,,,,Y (drop tails),Wild Type,Y,Wild Type,,hinted_121803/rp121803_28_0025S.mov,hinted_121803_slug/rp121803p2_28.mov,rp121803_wavelet_jpeg/rp121803_28_w.jpg,,
121803_29,V30244,D1014_D07,REMI,Wild Type,,Wild Type,,,,,Y (drop tails),Wild Type,Y,Wild Type,,hinted_121803/rp121803_29_0025S.mov,hinted_121803_slug/rp121803p2_29.mov,rp121803_wavelet_jpeg/rp121803_29_w.jpg,,
121503_00,V30214,D1014_B01,REMI,Wild Type,Y,Wild Type,,,,,drop tail,Wild Type,Y,Wild Type,,hinted_121503/rp121503_00_0001S.mov,,rp121503_wavelet_jpeg/rp121503_00_w.jpg,,
121503_01,V30207,D1014_A06,REMI,Wild Type,Y,Wild Type,,,,,drop tail,Wild Type,Y,Wild Type,,hinted_121503/rp121503_01_0001S.mov,,rp121503_wavelet_jpeg/rp121503_01_w.jpg,,
121503_02,V30233,D1014_C08,REMI,Wild Type,Y,Wild Type,,,,,drop tail,Wild Type,Y,Wild Type,,hinted_121503/rp121503_02_0050S.mov,,rp121503_wavelet_jpeg/rp121503_02_w.jpg,,
121503_03,V30223,D1014_B10,REMI,Wild Type,Y,Wild Type,,,,,drop tail,Wild Type,Y,Wild Type,,hinted_121503/rp121503_03_0025S.mov,,rp121503_wavelet_jpeg/rp121503_03_w.jpg,,
121503_04,V30240,D1014_D03,REMI,Wild Type,Y,Wild Type,,,,,,Wild Type,estimated,Wild Type,,hinted_121503/rp121503_04_0001S.mov,,rp121503_wavelet_jpeg/rp121503_04_w.jpg,,
121503_05,V30237,D1014_C12,REMI,Wild Type,Y,Wild Type,,,,,,Wild Type,estimated,Wild Type,,hinted_121503/rp121503_05_0001S.mov,,rp121503_wavelet_jpeg/rp121503_05_w.jpg,,
121503_06,V30252,D1014_E03,REMI,Wild Type,Y,Wild Type,,,,,,Wild Type,estimated,Wild Type,,hinted_121503/rp121503_06_0025S.mov,,rp121503_wavelet_jpeg/rp121503_06_w.jpg,,
121503_07,V30249,D1014_D12,REMI,Wild Type,Y,Wild Type,,,,,,Wild Type,estimated,Wild Type,,hinted_121503/rp121503_07_0001S.mov,,rp121503_wavelet_jpeg/rp121503_07_w.jpg,,
121503_08,V30259,D1014_E10,REMI,Wild Type,Y,Wild Type,,,,,,Wild Type,estimated,Wild Type,,hinted_121503/rp121503_08_0001S.mov,,rp121503_wavelet_jpeg/rp121503_08_w.jpg,,
121503_09,V30256,D1014_E07,REMI,Wild Type,Y,Wild Type,,,,,,Wild Type,estimated,Wild Type,,hinted_121503/rp121503_09_0001S.mov,,rp121503_wavelet_jpeg/rp121503_09_w.jpg,,
121503_10,V30125,D1014_B02,REMI,Wild Type,Y,Wild Type,,,,,,Wild Type,estimated,Wild Type,,hinted_121503/rp121503_10_0001S.mov,,rp121503_wavelet_jpeg/rp121503_10_w.jpg,,
121503_11,V30208,D1014_A07,REMI,Wild Type,Y,Wild Type,,,,,,Wild Type,estimated,Wild Type,,hinted_121503/rp121503_11_0001S.mov,,rp121503_wavelet_jpeg/rp121503_11_w.jpg,,
121503_12,V30235,D1014_C10,REMI,Wild Type,Y,Wild Type,,,,,,Wild Type,estimated,Wild Type,,hinted_121503/rp121503_12_0075S.mov,,rp121503_wavelet_jpeg/rp121503_12_w.jpg,,
121503_13,V30225,D1014_B12,REMI,Wild Type,Y,Wild Type,,,,,,Wild Type,estimated,Wild Type,,hinted_121503/rp121503_13_0001S.mov,,rp121503_wavelet_jpeg/rp121503_13_w.jpg,,
121503_14,V30247,D1014_D10,REMI,Wild Type,Y,Wild Type,,,,,,Wild Type,estimated,Wild Type,,hinted_121503/rp121503_14_0001S.mov,,rp121503_wavelet_jpeg/rp121503_14_w.jpg,,
121503_15,V30238,D1014_D01,REMI,Wild Type,Y,Wild Type,,,,,,Wild Type,estimated,Wild Type,,hinted_121503/rp121503_15_0025S.mov,,rp121503_wavelet_jpeg/rp121503_15_w.jpg,,
121503_16,V30253,D1014_E04,REMI,Wild Type,Y,Wild Type,,,,,,Wild Type,estimated,Wild Type,,hinted_121503/rp121503_16_0001S.mov,,rp121503_wavelet_jpeg/rp121503_16_w.jpg,,
121503_17,V30250,D1014_E01,REMI,Wild Type,Y,Wild Type,,,,,,Wild Type,estimated,Wild Type,,hinted_121503/rp121503_17_0001S.mov,,rp121503_wavelet_jpeg/rp121503_17_w.jpg,,
121503_18,V30260,D1014_E11,REMI,Wild Type,Y,Wild Type,,,,,,Wild Type,estimated,Wild Type,,hinted_121503/rp121503_18_0025S.mov,,rp121503_wavelet_jpeg/rp121503_18_w.jpg,,
121503_19,V30257,D1014_E08,REMI,Wild Type,Y,Wild Type,,,,,,Wild Type,estimated,Wild Type,,hinted_121503/rp121503_19_0001S.mov,,rp121503_wavelet_jpeg/rp121503_19_w.jpg,,
121503_20,V30217,D1014_B04,REMI,Wild Type,Y,Wild Type,,,,,,Wild Type,estimated,Wild Type,,hinted_121503/rp121503_20_0001S.mov,,rp121503_wavelet_jpeg/rp121503_20_w.jpg,,
121503_21,V30209,D1014_A08,REMI,Wild Type,Y,Wild Type,,,,,,Wild Type,estimated,Wild Type,,hinted_121503/rp121503_21_0001S.mov,,rp121503_wavelet_jpeg/rp121503_21_w.jpg,,
121503_22,V30236,D1014_C11,REMI,Wild Type,Y,Wild Type,,,,,,Wild Type,estimated,Wild Type,,hinted_121503/rp121503_22_0025S.mov,,rp121503_wavelet_jpeg/rp121503_22_w.jpg,,
121503_23,V30227,D1014_C02,REMI,Wild Type,Y,Wild Type,,,,,,Wild Type,estimated,Wild Type,,hinted_121503/rp121503_23_0001S.mov,,rp121503_wavelet_jpeg/rp121503_23_w.jpg,,
121503_24,V30248,D1014_D11,REMI,Wild Type,Y,Wild Type,,,,,,Wild Type,estimated,Wild Type,,hinted_121503/rp121503_24_0001S.mov,,rp121503_wavelet_jpeg/rp121503_24_w.jpg,,
121503_25,V30239,D1014_D02,REMI,Wild Type,Y,Wild Type,,,,,,Wild Type,estimated,Wild Type,,hinted_121503/rp121503_25_0001S.mov,,rp121503_wavelet_jpeg/rp121503_25_w.jpg,,
121503_26,V30255,D1014_E06,REMI,Wild Type,Y,Wild Type,,,,,,Wild Type,estimated,Wild Type,,hinted_121503/rp121503_26_0025S.mov,,rp121503_wavelet_jpeg/rp121503_26_w.jpg,,
121503_27,V30251,D1014_E02,REMI,Wild Type,Y,Wild Type,,,,,,Wild Type,estimated,Wild Type,,hinted_121503/rp121503_27_0025S.mov,,rp121503_wavelet_jpeg/rp121503_27_w.jpg,,
121503_28,V30261,D1014_E12,REMI,Wild Type,Y,Aberrant,breakup,,,,,Aberrant,Aberrant (many without spore head),Wild Type,,hinted_121503/rp121503_28_0001S.mov,,rp121503_wavelet_jpeg/rp121503_28_w.jpg,markedly yellow culminant on KA/SM,
121503_29,V30258,D1014_E09,REMI,Wild Type,Y,Wild Type,,,,,,Wild Type,estimated,Wild Type,,hinted_121503/rp121503_29_0001S.mov,,rp121503_wavelet_jpeg/rp121503_29_w.jpg,,
112403_00,V30114,D1013_B06,REMI,,,Wild Type,no breakup,,,,"Y (small, drop tails)",,,Wild Type,,,hinted_112403p2/rp112403p2_00.mov,rp112403_wavelet_jpeg/rp112403_00_w.jpg,,
112403_01,V30114,D1013_B06,REMI,,,Wild Type,breakup,,,,"Y (small, drop tails)",,,Wild Type,,hinted_112403/rp112403_01_0002S.mov,hinted_112403p2/rp112403p2_01.mov,rp112403_wavelet_jpeg/rp112403_01_w.jpg,,
112403_02,V30129,D1013_C09,REMI,,,Wild Type,almost no breakup,,,,"Y (small, drop tails)",,,Wild Type,,hinted_112403/rp112403_02_0025S.mov,hinted_112403p2/rp112403p2_02.mov,rp112403_wavelet_jpeg/rp112403_02_w.jpg,,
112403_03,V30129,D1013_C09,REMI,,,Wild Type,late breakup,,,,"Y (small, drop tails)",,,Wild Type,,hinted_112403/rp112403_03_0050S.mov,hinted_112403p2/rp112403p2_03.mov,rp112403_wavelet_jpeg/rp112403_03_w.jpg,,
112403_04,V30133,D1013_D01,REMI,,,Wild Type,almost no breakup,,,,"Y (small, drop tails)",,,Wild Type,,hinted_112403/rp112403_04_0025S.mov,hinted_112403p2/rp112403p2_04.mov,rp112403_wavelet_jpeg/rp112403_04_w.jpg,,
112403_05,V30133,D1013_D01,REMI,,,Wild Type,almost no breakup,,,,"Y (small, drop tails)",,,Wild Type,,hinted_112403/rp112403_05_0050S.mov,hinted_112403p2/rp112403p2_05.mov,rp112403_wavelet_jpeg/rp112403_05_w.jpg,,
112403_06,V00398,,,Undeterminable,?,Aberrant,breakup,,,,Y (small),,,Wild Type,,hinted_112403/rp112403_06_0100S.mov,hinted_112403p2/rp112403p2_06.mov,rp112403_wavelet_jpeg/rp112403_06_w.jpg,,
112403_07,V00398,,,Wild Type,large territory,Wild Type,almost no breakup,,,,Y,,,Wild Type,,hinted_112403/rp112403_07_0002S.mov,hinted_112403p2/rp112403p2_07.mov,rp112403_wavelet_jpeg/rp112403_07_w.jpg,,
112403_08,V11108,,,Wild Type,,Wild Type,no breakup,,,,Y,,,Wild Type,,hinted_112403/rp112403_08_0050S.mov,hinted_112403p2/rp112403p2_08.mov,rp112403_wavelet_jpeg/rp112403_08_w.jpg,,
112403_09,V11108,,,Wild Type,,Wild Type,no breakup,,,,Y,,,Wild Type,,hinted_112403/rp112403_09_0075S.mov,hinted_112403p2/rp112403p2_09.mov,rp112403_wavelet_jpeg/rp112403_09_w.jpg,,
112403_10,V30121,D1013_B06,REMI,,,Wild Type,breakup,,,,"Y (small, drop tails)",,,Wild Type,,hinted_112403/rp112403_10_0002S.mov,hinted_112403p2/rp112403p2_10.mov,rp112403_wavelet_jpeg/rp112403_10_w.jpg,,
112403_11,V30121,D1013_B06,REMI,,,Wild Type,breakup,,,,"Y (small, drop tails)",,,Wild Type,,hinted_112403/rp112403_11_0025S.mov,hinted_112403p2/rp112403p2_11.mov,rp112403_wavelet_jpeg/rp112403_11_w.jpg,,
112403_12,V30130,D1013_C10,REMI,,minor spiral turbulence,Wild Type,breakup,,,,"Y (small, drop tails)",,,Wild Type,,hinted_112403/rp112403_12_0002S.mov,hinted_112403p2/rp112403p2_12.mov,rp112403_wavelet_jpeg/rp112403_12_w.jpg,,
112403_13,V30130,D1013_C10,REMI,,minor spiral turbulence,Wild Type,no breakup,,,,Y (small),,,Wild Type,,hinted_112403/rp112403_13_0002S.mov,hinted_112403p2/rp112403p2_13.mov,rp112403_wavelet_jpeg/rp112403_13_w.jpg,,
112403_14,V30139,D1013_D07,REMI,,,Wild Type,almost no breakup,,,,"Y (small, drop tails)",,,Wild Type,,hinted_112403/rp112403_14_0025S.mov,hinted_112403p2/rp112403p2_14.mov,rp112403_wavelet_jpeg/rp112403_14_w.jpg,,
112403_15,V30139,D1013_D07,REMI,,,Wild Type,breakup,,,,Y (small),,,Wild Type,,hinted_112403/rp112403_15_0025S.mov,hinted_112403p2/rp112403p2_15.mov,rp112403_wavelet_jpeg/rp112403_15_w.jpg,,
112403_16,V10136,,REMI,Aberrant,minor amplitude,Wild Type,no breakup,,,,Y,,,Wild Type,,hinted_112403/rp112403_16_0100S.mov,hinted_112403p2/rp112403p2_16.mov,rp112403_wavelet_jpeg/rp112403_16_w.jpg,,
112403_17,V10136,,REMI,Undeterminable,,Wild Type,no breakup,,,,Y,,,Wild Type,,hinted_112403/rp112403_17_0100S.mov,hinted_112403p2/rp112403p2_17.mov,rp112403_wavelet_jpeg/rp112403_17_w.jpg,,
112403_18,V11125,,REMI,Wild Type,,Wild Type,no breakup,,,,Y,,,Wild Type,,hinted_112403/rp112403_18_0025S.mov,hinted_112403p2/rp112403p2_18.mov,rp112403_wavelet_jpeg/rp112403_18_w.jpg,,
112403_19,V11125,,REMI,Wild Type,,Wild Type,no breakup,,,,Y,,,Wild Type,,hinted_112403/rp112403_19_0025S.mov,hinted_112403p2/rp112403p2_19.mov,rp112403_wavelet_jpeg/rp112403_19_w.jpg,,
112403_20,V30123,D1013_C03,REMI,,,Wild Type,almost no breakup,,,,drop tails,,,Wild Type,,hinted_112403/rp112403_20_0025S.mov,hinted_112403p2/rp112403p2_20.mov,rp112403_wavelet_jpeg/rp112403_20_w.jpg,,
112403_21,V30123,D1013_C03,REMI,,,Wild Type,breakup,,,,Y (small),,,Wild Type,,hinted_112403/rp112403_21_0125S.mov,hinted_112403p2/rp112403p2_21.mov,rp112403_wavelet_jpeg/rp112403_21_w.jpg,,
112403_22,V30131,D1013_C11,REMI,,,Wild Type,no breakup,,,,Y,,,Wild Type,,hinted_112403/rp112403_22_0025S.mov,hinted_112403p2/rp112403p2_22.mov,rp112403_wavelet_jpeg/rp112403_22_w.jpg,,
112403_23,V30131,D1013_C11,REMI,,,Wild Type,no breakup,,,,Y,,,Wild Type,,hinted_112403/rp112403_23_0050S.mov,hinted_112403p2/rp112403p2_23.mov,rp112403_wavelet_jpeg/rp112403_23_w.jpg,,
112403_24,V30141,D1013_D09,REMI,Undeterminable,,Wild Type,almost no breakup,,,,"Y (small, drop tails)",,,Wild Type,,hinted_112403/rp112403_24_0075S.mov,hinted_112403p2/rp112403p2_24.mov,rp112403_wavelet_jpeg/rp112403_24_w.jpg,,
112403_25,V30141,D1013_D09,REMI,Aberrant,late,Wild Type,breakup,,,,Y (small),,,Wild Type,,hinted_112403/rp112403_25_0200S.mov,hinted_112403p2/rp112403p2_25.mov,rp112403_wavelet_jpeg/rp112403_25_w.jpg,,
112403_26,V11105,,,Undeterminable,,Wild Type,no breakup,,,,Y,,,Wild Type,,hinted_112403/rp112403_26_0025S.mov,hinted_112403p2/rp112403p2_26.mov,rp112403_wavelet_jpeg/rp112403_26_w.jpg,,
112403_27,V11105,,,Undeterminable,large territory,Wild Type,almost no breakup,,,,Y,,,Wild Type,,hinted_112403/rp112403_27_0050S.mov,hinted_112403p2/rp112403p2_27.mov,rp112403_wavelet_jpeg/rp112403_27_w.jpg,,
112403_28,AX4,,,,,Wild Type,no breakup,,Y,,Y,,,Wild Type,,hinted_112403/rp112403_28_0025S.mov,hinted_112403p2/rp112403p2_28.mov,rp112403_wavelet_jpeg/rp112403_28_w.jpg,low cell density,
112403_29,AX4,,,,,Wild Type,almost no breakup,,,,Y,,,Wild Type,,hinted_112403/rp112403_29_0075S.mov,hinted_112403p2/rp112403p2_29.mov,rp112403_wavelet_jpeg/rp112403_29_w.jpg,,
111203_00,V30114,D1013_B06,REMI,Wild Type,Wildtype,Wild Type,,,,,Y,Wild Type,Y,Wild Type,,,,rp111203_wavelet_jpeg/rp111203_00_w.jpg,,
111203_01,V30097,D1013_A01,REMI,Wild Type,large territory,Wild Type,breakup,,,,Y (small),Wild Type,Y,Wild Type,,hinted_111203/rp111203_01_0001S.mov,hinted_111203p2/rp111203p2_01.mov,rp111203_wavelet_jpeg/rp111203_01_w.jpg,,
111203_02,V30133,D1013_D01,REMI,Wild Type,"Wildtype ",Wild Type,,,,,Y (leaving tails),,,Wild Type,,hinted_111203/rp111203_02_0025S.mov,hinted_111203p2/rp111203p2_02.mov,rp111203_wavelet_jpeg/rp111203_02_w.jpg,,
111203_03,V30129,D1013_C09,REMI,Wild Type,"Wildtype ",Wild Type,,,,,?,,,Wild Type,,hinted_111203/rp111203_03_0050S.mov,hinted_111203p2/rp111203p2_03.mov,rp111203_wavelet_jpeg/rp111203_03_w.jpg,,
111203_04,V30159,D1013_F03,REMI,Wild Type,Wildtype,Wild Type,,,,,Y (leave tails),Wild Type,Y,Wild Type,,hinted_111203/rp111203_04_0001S.mov,hinted_111203p2/rp111203p2_04.mov,rp111203_wavelet_jpeg/rp111203_04_w.jpg,,
111203_05,V30143,D1013_D11,REMI,Wild Type,Wildtype,Wild Type,,,,,Y (leave tails),Wild Type,Y,Wild Type,,hinted_111203/rp111203_05_0001S.mov,hinted_111203p2/rp111203p2_05.mov,rp111203_wavelet_jpeg/rp111203_05_w.jpg,,
111203_06,V30192,D1013_H12,REMI,Wild Type,Wildtype,Wild Type,breakup,,,,Y,Wild Type,Y,Wild Type,,hinted_111203/rp111203_06_0025S.mov,hinted_111203p2/rp111203p2_06.mov,rp111203_wavelet_jpeg/rp111203_06_w.jpg,,
111203_07,V30189,D1013_H09,REMI,,Wildtype (late),Wild Type,,,,,Y (leave tails),Wild Type,Y,Wild Type,,hinted_111203/rp111203_07_0050S.mov,hinted_111203p2/rp111203p2_07.mov,rp111203_wavelet_jpeg/rp111203_07_w.jpg,,
111203_08,V30180,D1013_G12,REMI,Wild Type,Wildtype,Wild Type,,,,,Y (small),Wild Type,Y,Wild Type,,hinted_111203/rp111203_08_0025S.mov,hinted_111203p2/rp111203p2_08.mov,rp111203_wavelet_jpeg/rp111203_08_w.jpg,,
111203_09,V30147,D1013_E03,REMI,Wild Type,Wildtype,Wild Type,,,Y,,Y (leave tails),Wild Type,Y,Wild Type,,hinted_111203/rp111203_09_0001S.mov,hinted_111203p2/rp111203p2_09.mov,rp111203_wavelet_jpeg/rp111203_09_w.jpg,,
111203_10,V30121,D1013_C01,REMI,Wild Type,Wildtype,Wild Type,,,,,Y (leave tails),Wild Type,Y,Wild Type,,hinted_111203/rp111203_10_0001S.mov,hinted_111203p2/rp111203p2_10.mov,rp111203_wavelet_jpeg/rp111203_10_w.jpg,,
111203_11,V30101,D1013_A05,REMI,Wild Type,Wildtype,Wild Type,,,Y (slightly prolonged),Aberrant,Y (curly motion),Aberrant,huge spore head,Wild Type,,hinted_111203/rp111203_11_0001S.mov,hinted_111203p2/rp111203p2_11.mov,rp111203_wavelet_jpeg/rp111203_11_w.jpg,fb has a huge spore head; dancing slugs,
111203_12,V30139,D1013_D07,REMI,Wild Type,Wildtype,Wild Type,,,,,Y (leave tails),,,Wild Type,,hinted_111203/rp111203_12_0001S.mov,hinted_111203p2/rp111203p2_12.mov,rp111203_wavelet_jpeg/rp111203_12_w.jpg,,
111203_13,V30130,D1013_C10,REMI,Wild Type,Wildtype,Wild Type,,,,,Y (leave tails),,,Wild Type,,hinted_111203/rp111203_13_0001S.mov,hinted_111203p2/rp111203p2_13.mov,rp111203_wavelet_jpeg/rp111203_13_w.jpg,,
111203_14,V30162,D1013_F06,REMI,Wild Type,larage territory,Wild Type,breakup,,,,Y (leave tails),Wild Type,Y,Wild Type,,hinted_111203/rp111203_14_0025S.mov,hinted_111203p2/rp111203p2_14.mov,rp111203_wavelet_jpeg/rp111203_14_w.jpg,,
111203_15,V30148,D1013_E04,REMI,Wild Type,Wildtype,Wild Type,,,,,Y (leave tails),,,Wild Type,,hinted_111203/rp111203_15_0001S.mov,hinted_111203p2/rp111203p2_15.mov,rp111203_wavelet_jpeg/rp111203_15_w.jpg,,
111203_16,V30110,D1013_B02,REMI,Undeterminable,,Undeterminable,,,,Undeterminable,,Undeterminable,,Aberrant,,hinted_111203/rp111203_16_0100S.mov,hinted_111203p2/rp111203p2_16.mov,rp111203_wavelet_jpeg/rp111203_16_w.jpg,low cell density due to poor growth,
111203_17,V30190,D1013_H10,REMI,Wild Type,Wildtype,Aberrant,breakup,,,,Y (small),Wild Type,Y,Wild Type,,hinted_111203/rp111203_17_0025S.mov,hinted_111203p2/rp111203p2_17.mov,rp111203_wavelet_jpeg/rp111203_17_w.jpg,,
111203_19,V30165,D1013_F09,REMI,Aberrant,late (slow),Wild Type,breakup,,,,?,Wild Type,Y,Wild Type,,hinted_111203/rp111203_19_0125S.mov,hinted_111203p2/rp111203p2_19.mov,rp111203_wavelet_jpeg/rp111203_19_w.jpg,,
111203_20,V30123,D1013_C03,REMI,Wild Type,Wildtype,Wild Type,,,,,Y (small),Wild Type,Y,Wild Type,,hinted_111203/rp111203_20_0001S.mov,hinted_111203p2/rp111203p2_20.mov,rp111203_wavelet_jpeg/rp111203_20_w.jpg,,
111203_21,V30108,D1013_A12,REMI,Wild Type,Wildtype,Wild Type,,,,,Y (leaves tail),Wild Type,Y,Wild Type,,hinted_111203/rp111203_21_0001S.mov,hinted_111203p2/rp111203p2_21.mov,rp111203_wavelet_jpeg/rp111203_21_w.jpg,,
111203_22,V30141,D1013_D09,REMI,Aberrant,late,Wild Type,breakup,,,,Y (small),Wild Type,Y,Wild Type,,hinted_111203/rp111203_22_0100S.mov,hinted_111203p2/rp111203p2_22.mov,rp111203_wavelet_jpeg/rp111203_22_w.jpg,,
111203_23,V30131,D1013_C11,REMI,,,Wild Type,,,Y,,Y,,,Wild Type,,hinted_111203/rp111203_23_0001S.mov,hinted_111203p2/rp111203p2_23.mov,rp111203_wavelet_jpeg/rp111203_23_w.jpg,able to get young slugs without breakup,
111203_24,V30188,D1013_H08,REMI,,slow oscillations?,Undeterminable,breakup,,,,Y (small),Wild Type,Y,Wild Type,,hinted_111203/rp111203_24_0075S.mov,hinted_111203p2/rp111203p2_24.mov,rp111203_wavelet_jpeg/rp111203_24_w.jpg,,
111203_25,V30153,D1013_E09,REMI,Wild Type,Wildtype,Wild Type,,,,,Y (leaves tail),Wild Type,,Wild Type,,hinted_111203/rp111203_25_0001S.mov,hinted_111203p2/rp111203p2_25.mov,rp111203_wavelet_jpeg/rp111203_25_w.jpg,,
111203_26,V30126,D1013_C06,REMI,None,,None,,,,None,N,None,N,Wild Type,,hinted_111203/rp111203_26_0250S.mov,hinted_111203p2/rp111203p2_26.mov,rp111203_wavelet_jpeg/rp111203_26_w.jpg,agg-; medium low cell density,
111203_27,V30191,D1013_H11,REMI,,late,Undeterminable,late (breakup),,,,?,Wild Type,Y,Wild Type,,hinted_111203/rp111203_27_0350S.mov,hinted_111203p2/rp111203p2_27.mov,rp111203_wavelet_jpeg/rp111203_27_w.jpg,medium low density,
111203_29,V30171,D1013_G03,REMI,Undeterminable,,Undeterminable,,,,,,Undeterminable,,Aberrant,,,,rp111203_wavelet_jpeg/rp111203_29_w.jpg,low cell density due to poor growth,
110303_00,V30114,D1013_B06,REMI,Wild Type,Y,Wild Type,breakup,,,,Y (leave tails),Wild Type,Y,Wild Type,,hinted_110303/rp110303_00_0100S.mov,hinted_110303p2/rp110303p2_00.mov,rp110303_wavelet_jpeg/rp110303_00_w.jpg,culture by GG,
110303_01,V30097,D1013_A01,REMI,Wild Type,Y,Wild Type,,,,,Y (leave tails),Wild Type,Y,Wild Type,,hinted_110303/rp110303_01_0075S.mov,hinted_110303p2/rp110303p2_01.mov,rp110303_wavelet_jpeg/rp110303_01_w.jpg,culture by GG,
110303_02,V30133,D1013_D01,REMI,Aberrant,Y,Aberrant,,,,,Y (leave tails),Wild Type,Y,Wild Type,,hinted_110303/rp110303_02_0002S.mov,hinted_110303p2/rp110303p2_02.mov,rp110303_wavelet_jpeg/rp110303_02_w.jpg,culture by GG,
110303_03,V30129,D1013_C09,REMI,,Y,Wild Type,,,,,Y (leave tails),Wild Type,Y,Wild Type,,hinted_110303/rp110303_03_0002S.mov,hinted_110303p2/rp110303p2_03.mov,rp110303_wavelet_jpeg/rp110303_03_w.jpg,culture by GG,
110303_04,V30159,D1013_F03,REMI,Wild Type,Y,Wild Type,,,,,Y,Wild Type,Y,Wild Type,,hinted_110303/rp110303_04_0002S.mov,hinted_110303p2/rp110303p2_04.mov,rp110303_wavelet_jpeg/rp110303_04_w.jpg,culture by GG,
110303_05,V30143,D1013_D11,REMI,Wild Type,Y,Wild Type,breakup,,,,Y (leave tails),Wild Type,Y,Wild Type,,hinted_110303/rp110303_05_0075S.mov,hinted_110303p2/rp110303p2_05.mov,rp110303_wavelet_jpeg/rp110303_05_w.jpg,culture by GG,
110303_06,V30192,D1013_H12,REMI,,large aggregate,Wild Type,breakup,,,,Y (leave tails),Wild Type,Y,Wild Type,,hinted_110303/rp110303_06_0075S.mov,hinted_110303p2/rp110303p2_06.mov,rp110303_wavelet_jpeg/rp110303_06_w.jpg,culture by GG,
110303_07,V30189,D1013_H09,REMI,,Y,Wild Type,,,,,Y (leave tails),Wild Type,Y,Wild Type,,hinted_110303/rp110303_07_0002S.mov,hinted_110303p2/rp110303p2_07.mov,rp110303_wavelet_jpeg/rp110303_07_w.jpg,culture by GG,
110303_09,V30180,D1013_G12,REMI,Wild Type,target,Wild Type,,,,,Y (leave tails),Wild Type,Y,Wild Type,,hinted_110303/rp110303_09_0050S.mov,hinted_110303p2/rp110303p2_09.mov,rp110303_wavelet_jpeg/rp110303_09_w.jpg,culture by GG,
110303_10,V30121,D1013_C01,REMI,,Y,Wild Type,,,,,Y (leave tails),Wild Type,Y,Wild Type,,hinted_110303/rp110303_10_0050S.mov,hinted_110303p2/rp110303p2_10.mov,rp110303_wavelet_jpeg/rp110303_10_w.jpg,culture by GG,
110303_11,V30101,D1013_A05,REMI,Wild Type,target,Wild Type,,,,,Y (leave tails),Wild Type,Y,Wild Type,,hinted_110303/rp110303_11_0025S.mov,hinted_110303p2/rp110303p2_11.mov,rp110303_wavelet_jpeg/rp110303_11_w.jpg,culture by GG,
110303_12,V30139,D1013_D07,REMI,Wild Type,Y,Wild Type,,,,,Y (leave tails),Wild Type,Y,Wild Type,,hinted_110303/rp110303_12_0002S.mov,hinted_110303p2/rp110303p2_12.mov,rp110303_wavelet_jpeg/rp110303_12_w.jpg,culture by GG,
110303_13,V30130,D1013_C10,REMI,,Y,Wild Type,,,,,Y (leave tails),Wild Type,Y,Wild Type,,hinted_110303/rp110303_13_0002S.mov,hinted_110303p2/rp110303p2_13.mov,rp110303_wavelet_jpeg/rp110303_13_w.jpg,culture by GG,
110303_14,V30162,D1013_F06,REMI,Wild Type,target,Wild Type,,,,,Y (leave tails),Wild Type,Y,Wild Type,,hinted_110303/rp110303_14_0050S.mov,hinted_110303p2/rp110303p2_14.mov,rp110303_wavelet_jpeg/rp110303_14_w.jpg,culture by GG,
110303_15,V30148,D1013_E04,REMI,Wild Type,Y,Wild Type,,,,,Y (leave tails),Wild Type,Y,Wild Type,,hinted_110303/rp110303_15_0025S.mov,hinted_110303p2/rp110303p2_15.mov,rp110303_wavelet_jpeg/rp110303_15_w.jpg,culture by GG,
110303_16,V30126,D1013_C06,REMI,None,N,None,,,,None,,None,N,Wild Type,,hinted_110303/rp110303_16_0200S.mov,hinted_110303p2/rp110303p2_16.mov,rp110303_wavelet_jpeg/rp110303_16_w.jpg,agg-; culture by GG,
110303_17,V30190,D1013_H10,REMI,Wild Type,Y,Aberrant,breakup,Aberrant,Aberrant,,Y (leave tails),Wild Type,Y,Wild Type,,hinted_110303/rp110303_17_0200S.mov,hinted_110303p2/rp110303p2_17.mov,rp110303_wavelet_jpeg/rp110303_17_w.jpg,culture by GG,
110303_20,V30123,D1013_C03,REMI,Wild Type,target,Wild Type,,,,,Y (leave tails),Wild Type,Y,Wild Type,,hinted_110303/rp110303_20_0002S.mov,hinted_110303p2/rp110303p2_20.mov,rp110303_wavelet_jpeg/rp110303_20_w.jpg,culture by GG,
110303_21,V30108,D1013_A12,REMI,,Y,Wild Type,,,,,Y (leave tails),Wild Type,Y,Wild Type,,hinted_110303/rp110303_21_0002S.mov,hinted_110303p2/rp110303p2_21.mov,rp110303_wavelet_jpeg/rp110303_21_w.jpg,culture by GG,
110303_22,V30141,D1013_D09,REMI,Aberrant,late,Wild Type,,,,,Y (leave tails),Wild Type,Y,Wild Type,,hinted_110303/rp110303_22_0125S.mov,hinted_110303p2/rp110303p2_22.mov,rp110303_wavelet_jpeg/rp110303_22_w.jpg,culture by GG,
110303_23,V30131,D1013_C11,REMI,Wild Type,Y,Wild Type,,,,,Y (slugger?),Wild Type,Y,Wild Type,,hinted_110303/rp110303_23_0002S.mov,hinted_110303p2/rp110303p2_23.mov,rp110303_wavelet_jpeg/rp110303_23_w.jpg,able to get slugs without breakup; culture by GG,
110303_24,V30188,D1013_H08,REMI,Aberrant,turbulent,Aberrant,,,,,Y (leave tails),Wild Type,Y,Wild Type,,hinted_110303/rp110303_24_0002S.mov,hinted_110303p2/rp110303p2_24.mov,rp110303_wavelet_jpeg/rp110303_24_w.jpg,culture by GG,
110303_25,V30153,D1013_E09,REMI,Wild Type,target,Wild Type,,,,,Y (leave tails),Wild Type,Y,Wild Type,,hinted_110303/rp110303_25_0002S.mov,hinted_110303p2/rp110303p2_25.mov,rp110303_wavelet_jpeg/rp110303_25_w.jpg,culture by GG,
110303_26,V30165,D1013_F09,REMI,Aberrant,Y,Aberrant,,,Y,,Y (small),Wild Type,Y,Wild Type,,hinted_110303/rp110303_26_0002S.mov,hinted_110303p2/rp110303p2_26.mov,rp110303_wavelet_jpeg/rp110303_26_w.jpg,culture by GG,
110303_27,V30191,D1013_H11,REMI,,Y,Wild Type,,,,,Y (breakup),Wild Type,Y,Wild Type,,hinted_110303/rp110303_27_0002S.mov,hinted_110303p2/rp110303p2_27.mov,rp110303_wavelet_jpeg/rp110303_27_w.jpg,culture by GG,
102703_00,V30158,D1013_F02,REMI,Wild Type,Wildtype,Wild Type,Y,,,,Y (leave tails),Wild Type,Y,Wild Type,,hinted_102703/rp102703_00_0002S.mov,hinted_102703p2/rp102703p2_00.mov,rp102703_wavelet_jpeg/rp102703_00_w.jpg,,
102703_01,V30155,D1013_E11,REMI,Wild Type,Wildtype,Wild Type,Y,,,,Y (leave tails),Wild Type,Y,Wild Type,,hinted_102703/rp102703_01_0005S.mov,hinted_102703p2/rp102703p2_01.mov,rp102703_wavelet_jpeg/rp102703_01_w.jpg,,
102703_02,V30166,D1013_F10,REMI,Wild Type,Wildtype,Wild Type,"Y ",,,,Y (leave tails),Wild Type,Y,Wild Type,,hinted_102703/rp102703_02_0002S.mov,hinted_102703p2/rp102703p2_02.mov,rp102703_wavelet_jpeg/rp102703_02_w.jpg,,
102703_03,V30163,D1013_F07,REMI,Wild Type,Wildtype,Wild Type,Y,,,,Y (leave tails),Wild Type,Y,Wild Type,,hinted_102703/rp102703_03_0002S.mov,hinted_102703p2/rp102703p2_03.mov,rp102703_wavelet_jpeg/rp102703_03_w.jpg,,
102703_04,V30172,D1013_G04,REMI,Wild Type,Wildtype,Wild Type,Y (breakup by oscillatory clusters),,,,Y (leave tails),Wild Type,Y,Wild Type,,hinted_102703/rp102703_04_0002S.mov,hinted_102703p2/rp102703p2_04.mov,rp102703_wavelet_jpeg/rp102703_04_w.jpg,,
102703_05,V30169,D1013_G01,REMI,Wild Type,Wildtype,Wild Type,Y,,,,Y (leave tails),Wild Type,Y,Wild Type,,hinted_102703/rp102703_05_0025S.mov,hinted_102703p2/rp102703p2_05.mov,rp102703_wavelet_jpeg/rp102703_05_w.jpg,,
102703_06,V30178,D1013_G10,REMI,Wild Type,Wildtype,Wild Type,Y,,,,Y (leave tails),Wild Type,Y,Wild Type,,hinted_102703/rp102703_06_0002S.mov,hinted_102703p2/rp102703p2_06.mov,rp102703_wavelet_jpeg/rp102703_06_w.jpg,,
102703_07,V30175,D1013_G07,REMI,Wild Type,Wildtype,Wild Type,Y,,,None,Y,Wild Type,Y,Wild Type,,hinted_102703/rp102703_07_0002S.mov,hinted_102703p2/rp102703p2_07.mov,rp102703_wavelet_jpeg/rp102703_07_w.jpg,culmination without migration,
102703_08,V30185,D1013_H05,REMI,Wild Type,Wildtype,Wild Type,Y,,,,Y (leave tails),Wild Type,Y,Wild Type,,hinted_102703/rp102703_08_0025S.mov,hinted_102703p2/rp102703p2_08.mov,rp102703_wavelet_jpeg/rp102703_08_w.jpg,,
102703_09,V30181,D1013_H01,REMI,Wild Type,Wildtype,Wild Type,Y,,,,Y (leave tails),Wild Type,Y,Wild Type,,hinted_102703/rp102703_09_0025S.mov,hinted_102703p2/rp102703p2_09.mov,rp102703_wavelet_jpeg/rp102703_09_w.jpg,,
102703_10,V30160,D1013_F04,REMI,Wild Type,Wildtype,Wild Type,Y (async),,,,Y (leave tails),Wild Type,Y,Wild Type,,hinted_102703/rp102703_10_0002S.mov,hinted_102703p2/rp102703p2_10.mov,rp102703_wavelet_jpeg/rp102703_10_w.jpg,,
102703_11,V30156,D1013_E12,REMI,Wild Type,Wildtype,Wild Type,Y,,,,Y (leave tails),Wild Type,Y,Wild Type,,hinted_102703/rp102703_11_0002S.mov,hinted_102703p2/rp102703p2_11.mov,rp102703_wavelet_jpeg/rp102703_11_w.jpg,,
102703_12,V30167,D1013_F11,REMI,Wild Type,Wildtype,Wild Type,Y,,,,Y (leave tails),Wild Type,Y,Wild Type,,hinted_102703/rp102703_12_0002S.mov,hinted_102703p2/rp102703p2_12.mov,rp102703_wavelet_jpeg/rp102703_12_w.jpg,,
102703_13,V30164,D1013_F08,REMI,Wild Type,Wildtype,Wild Type,Y,,,,Y (leave tails),Wild Type,Y,Wild Type,,hinted_102703/rp102703_13_0002S.mov,hinted_102703p2/rp102703p2_13.mov,rp102703_wavelet_jpeg/rp102703_13_w.jpg,,
102703_14,V30173,D1013_G05,REMI,Wild Type,Wildtype,Wild Type,Y,,,,Y (leave tails),Wild Type,Y,Wild Type,,hinted_102703/rp102703_14_0025S.mov,hinted_102703p2/rp102703p2_14.mov,rp102703_wavelet_jpeg/rp102703_14_w.jpg,,
102703_15,V30170,D1013_G02,REMI,Wild Type,Wildtype,Wild Type,Y,,,,Y (leave tails),Wild Type,Y,Wild Type,,hinted_102703/rp102703_15_0002S.mov,hinted_102703p2/rp102703p2_15.mov,rp102703_wavelet_jpeg/rp102703_15_w.jpg,,
102703_16,V30179,D1013_G11,REMI,Undeterminable,late,Undeterminable,late,,,,?,Wild Type,Y,Wild Type,,hinted_102703/rp102703_16_0075S.mov,hinted_102703p2/rp102703p2_16.mov,rp102703_wavelet_jpeg/rp102703_16_w.jpg,medium  low cell density,
102703_17,V30176,D1013_G08,REMI,Wild Type,Wildtype,Wild Type,Y,,,,Y (leave tails),Wild Type,Y,Wild Type,,hinted_102703/rp102703_17_0002S.mov,hinted_102703p2/rp102703p2_17.mov,rp102703_wavelet_jpeg/rp102703_17_w.jpg,,
102703_18,V30186,D1013_H06,REMI,Wild Type,Wildtype,Wild Type,Y,,,,Y (leave tails),Wild Type,Y,Wild Type,,hinted_102703/rp102703_18_0025S.mov,hinted_102703p2/rp102703p2_18.mov,rp102703_wavelet_jpeg/rp102703_18_w.jpg,,
102703_19,V30182,D1013_H02,REMI,Wild Type,Wildtype,Wild Type,Y,,,,Y (leave tails),Wild Type,Y,Wild Type,,hinted_102703/rp102703_19_0025S.mov,hinted_102703p2/rp102703p2_19.mov,rp102703_wavelet_jpeg/rp102703_19_w.jpg,,
102703_20,V30161,D1013_F05,REMI,Wild Type,Wildtype,Wild Type,Y,,,,Y (leave tails),Wild Type,Y,Wild Type,,hinted_102703/rp102703_20_0002S.mov,hinted_102703p2/rp102703p2_20.mov,rp102703_wavelet_jpeg/rp102703_20_w.jpg,,
102703_21,V30157,D1013_F01,REMI,Wild Type,Wildtype,Wild Type,Y,,,,Y (leave tails),Wild Type,Y,Wild Type,,hinted_102703/rp102703_21_0002S.mov,hinted_102703p2/rp102703p2_21.mov,rp102703_wavelet_jpeg/rp102703_21_w.jpg,,
102703_22,V30168,D1013_F12,REMI,Wild Type,Wildtype,Wild Type,Y,,,,Y (leave tails),Wild Type,Y,Wild Type,,hinted_102703/rp102703_22_0002S.mov,hinted_102703p2/rp102703p2_22.mov,rp102703_wavelet_jpeg/rp102703_22_w.jpg,,
102703_23,V30165,D1013_F09,REMI,Aberrant,Aberrant,Aberrant,N (aberrant),,Y (partially arrested),None,N,Aberrant,Y (partial),Wild Type,,hinted_102703/rp102703_23_0002S.mov,hinted_102703p2/rp102703p2_23.mov,rp102703_wavelet_jpeg/rp102703_23_w.jpg,do not form slugs; mostly arrested at mound,
102703_24,V30174,D1013_G06,REMI,Wild Type,Wildtype,Wild Type,Y,,,,Y (leave tails),Wild Type,Y,Wild Type,,hinted_102703/rp102703_24_0002S.mov,hinted_102703p2/rp102703p2_24.mov,rp102703_wavelet_jpeg/rp102703_24_w.jpg,,
102703_25,V30171,D1013_G03,REMI,Aberrant,Aberrant,Aberrant,Y (aberrant),,,,Y (small),Wild Type,Y,Wild Type,,hinted_102703/rp102703_25_0050S.mov,hinted_102703p2/rp102703p2_25.mov,rp102703_wavelet_jpeg/rp102703_25_w.jpg,aberrant streaming,
102703_26,V30180,D1013_G12,REMI,Aberrant,Aberrant,Aberrant,Y (aberrant),,,,Y (small),Wild Type,Y,Wild Type,,hinted_102703/rp102703_26_0050S.mov,hinted_102703p2/rp102703p2_26.mov,rp102703_wavelet_jpeg/rp102703_26_w.jpg,aberrant streaming,
102703_27,V30177,D1013_G09,REMI,Wild Type,Wildtype,Wild Type,Y,,,,Y (leave tails),Wild Type,Y,Wild Type,,hinted_102703/rp102703_27_0002S.mov,hinted_102703p2/rp102703p2_27.mov,rp102703_wavelet_jpeg/rp102703_27_w.jpg,,
102703_28,V30187,D1013_H07,REMI,Wild Type,Wildtype,Wild Type,Y,,,,Y (leave tails),Wild Type,Y,Wild Type,,hinted_102703/rp102703_28_0025S.mov,hinted_102703p2/rp102703p2_28.mov,rp102703_wavelet_jpeg/rp102703_28_w.jpg,,
102703_29,V30184,D1013_H04,REMI,Wild Type,Wildtype,Wild Type,Y,,,,Y (leave tails),Wild Type,Y,Wild Type,,hinted_102703/rp102703_29_0002S.mov,hinted_102703p2/rp102703p2_29.mov,rp102703_wavelet_jpeg/rp102703_29_w.jpg,,
102403_00,V30117,D1013_B09,REMI,Wild Type,Wildtype,Wild Type,Y,,,,Y (small),Wild Type,Y,Wild Type,,,,rp102403_wavelet_jpeg/rp102403_00_w.jpg,,
102403_01,V30113,D1013_B05,REMI,Wild Type,Wildtype,Wild Type,Y,,,,Y (small),Wild Type,Y,Wild Type,,hinted_102403/rp102403_01_0125S.mov,hinted_102403p2/rp102403p2_01.mov,rp102403_wavelet_jpeg/rp102403_01_w.jpg,,
102403_02,V30125,D1013_C05,REMI,Wild Type,Wildtype,Aberrant,early breakup,,,,Y (leave tails),Wild Type,Y,Wild Type,,hinted_102403/rp102403_02_0025S.mov,hinted_102403p2/rp102403p2_02.mov,rp102403_wavelet_jpeg/rp102403_02_w.jpg,,
102403_03,V30120,D1013_B12,REMI,Wild Type,Wildtype,Wild Type,Y (breakup),,,,Y (leave tails),Wild Type,Y,Wild Type,,hinted_102403/rp102403_03_0150S.mov,hinted_102403p2/rp102403p2_03.mov,rp102403_wavelet_jpeg/rp102403_03_w.jpg,,
102403_04,V30135,D1013_D03,REMI,Wild Type,Wildtype,Wild Type,Y,,,,Y (leave tails),Wild Type,Y,Wild Type,,hinted_102403/rp102403_04_0100S.mov,hinted_102403p2/rp102403p2_04.mov,rp102403_wavelet_jpeg/rp102403_04_w.jpg,,
102403_05,V30128,D1013_C08,REMI,Aberrant,Aberrant,Aberrant,agglomeration,,,,Y (small),,Y (relatiavely small),Wild Type,,,,rp102403_wavelet_jpeg/rp102403_05_w.jpg,medium low density,
102403_06,V30144,D1013_D12,REMI,Wild Type,Wildtype,Wild Type,Y,,,,Y (leave tails),Wild Type,Y,Wild Type,,hinted_102403/rp102403_06_0100S.mov,hinted_102403p2/rp102403p2_06.mov,rp102403_wavelet_jpeg/rp102403_06_w.jpg,,
102403_07,V30138,D1013_D06,REMI,Wild Type,Wildtype,Wild Type,Y,,,,Y (small),Wild Type,Y,Wild Type,,hinted_102403/rp102403_07_0050S.mov,hinted_102403p2/rp102403p2_07.mov,rp102403_wavelet_jpeg/rp102403_07_w.jpg,,
102403_08,V30151,D1013_E07,REMI,Wild Type,Wildtype,Wild Type,Y,,,,Y (leave tails),Wild Type,Y,Wild Type,,hinted_102403/rp102403_08_0025S.mov,hinted_102403p2/rp102403p2_08.mov,rp102403_wavelet_jpeg/rp102403_08_w.jpg,,
102403_09,V30147,D1013_E03,REMI,Undeterminable,N/A,Undeterminable,,,,,,Wild Type,Y,Undeterminable,,,,rp102403_wavelet_jpeg/rp102403_09_w.jpg,,
102403_10,V30118,D1013_B10,REMI,Wild Type,Wildtype,Wild Type,Y,,,,Y (leave tails),Wild Type,Y,Wild Type,,hinted_102403/rp102403_10_0100S.mov,hinted_102403p2/rp102403p2_10.mov,rp102403_wavelet_jpeg/rp102403_10_w.jpg,,
102403_11,V30115,D1013_B07,REMI,Wild Type,Wildtype,Wild Type,Y (breakup),,,,Y (leave tails),Wild Type,Y,Wild Type,,hinted_102403/rp102403_11_0075S.mov,hinted_102403p2/rp102403p2_11.mov,rp102403_wavelet_jpeg/rp102403_11_w.jpg,,
102403_12,V30126,D1013_C06,REMI,Aberrant,Aberrant,None,N,,Y,Aberrant,Y (aberrant),None,N,Wild Type,,hinted_102403/rp102403_12_0175S.mov,hinted_102403p2/rp102403p2_12.mov,rp102403_wavelet_jpeg/rp102403_12_w.jpg,mounds form without apparent waves and streaming; some  early aggregates are disintegrating; aberrant slugs with zig-zag motion,
102403_13,V30122,D1013_C02,REMI,Wild Type,Wildtype,Wild Type,Y,,,,Y (leave tails),Wild Type,Y,Wild Type,,hinted_102403/rp102403_13_0050S.mov,hinted_102403p2/rp102403p2_13.mov,rp102403_wavelet_jpeg/rp102403_13_w.jpg,,
102403_14,V30136,D1013_D04,REMI,Wild Type,Wildtype,Undeterminable,Y,,,,Y (small),Wild Type,Y,Wild Type,,hinted_102403/rp102403_14_0150S.mov,hinted_102403p2/rp102403p2_14.mov,rp102403_wavelet_jpeg/rp102403_14_w.jpg,,
102403_15,V30132,D1013_C12,REMI,Wild Type,Wildtype,Wild Type,early breakup,,,,Y (small),Wild Type,Y,Wild Type,,hinted_102403/rp102403_15_0175S.mov,hinted_102403p2/rp102403p2_15.mov,rp102403_wavelet_jpeg/rp102403_15_w.jpg,,
102403_16,V30145,D1013_E01,REMI,Wild Type,Wildtype,Wild Type,Y,,,,Y (leave tails),Wild Type,Y,Wild Type,,hinted_102403/rp102403_16_0050S.mov,hinted_102403p2/rp102403p2_16.mov,rp102403_wavelet_jpeg/rp102403_16_w.jpg,,
102403_17,V30140,D1013_D08,REMI,Wild Type,Wildtype,Wild Type,Y,,,,Y (small),Wild Type,Y,Wild Type,,hinted_102403/rp102403_17_0100S.mov,hinted_102403p2/rp102403p2_17.mov,rp102403_wavelet_jpeg/rp102403_17_w.jpg,,
102403_18,V30152,D1013_E08,REMI,Wild Type,Wildtype,Wild Type,Y,,,,Y (small),Wild Type,Y,Wild Type,,hinted_102403/rp102403_18_0200S.mov,hinted_102403p2/rp102403p2_18.mov,rp102403_wavelet_jpeg/rp102403_18_w.jpg,,
102403_19,V30149,D1013_E05,REMI,Wild Type,Wildtype,Wild Type,Y,,,,Y (leave tails),Wild Type,Y,Wild Type,,hinted_102403/rp102403_19_0100S.mov,hinted_102403p2/rp102403p2_19.mov,rp102403_wavelet_jpeg/rp102403_19_w.jpg,,
102403_20,V30119,D1013_B11,REMI,Wild Type,Wildtype,Wild Type,Y,,,,Y (leave tails),Wild Type,Y,Wild Type,,hinted_102403/rp102403_20_0100S.mov,hinted_102403p2/rp102403p2_20.mov,rp102403_wavelet_jpeg/rp102403_20_w.jpg,,
102403_21,V30116,D1013_B08,REMI,Wild Type,Wildtype,Wild Type,Y,,,,Y (small),Wild Type,Y,Wild Type,,hinted_102403/rp102403_21_0125S.mov,hinted_102403p2/rp102403p2_21.mov,rp102403_wavelet_jpeg/rp102403_21_w.jpg,,
102403_22,V30127,D1013_C07,REMI,Wild Type,Wildtype,Wild Type,Y,,,,Y (leave tails),Wild Type,Y,Wild Type,,hinted_102403/rp102403_22_0100S.mov,hinted_102403p2/rp102403p2_22.mov,rp102403_wavelet_jpeg/rp102403_22_w.jpg,,
102403_23,V30124,D1013_C04,REMI,Wild Type,Wildtype,Wild Type,Y,,,,Y (leave tails),Wild Type,Y,Wild Type,,hinted_102403/rp102403_23_0050S.mov,hinted_102403p2/rp102403p2_23.mov,rp102403_wavelet_jpeg/rp102403_23_w.jpg,,
102403_24,V30137,D1013_D05,REMI,Wild Type,Wildtype,Undeterminable,Y (breakup due to oscillatory clusters),,,,Y (leave tails),Wild Type,Y,Wild Type,,hinted_102403/rp102403_24_0050S.mov,hinted_102403p2/rp102403p2_24.mov,rp102403_wavelet_jpeg/rp102403_24_w.jpg,,
102403_25,V30134,D1013_D02,REMI,Wild Type,Wildtype,Wild Type,Y,,,,Y (leave tails),Wild Type,Y,Wild Type,,hinted_102403/rp102403_25_0075S.mov,hinted_102403p2/rp102403p2_25.mov,rp102403_wavelet_jpeg/rp102403_25_w.jpg,,
102403_26,V30146,D1013_E02,REMI,Wild Type,Wildtype,Wild Type,Y,,,,Y (small),Wild Type,Y,Wild Type,,hinted_102403/rp102403_26_0150S.mov,hinted_102403p2/rp102403p2_26.mov,rp102403_wavelet_jpeg/rp102403_26_w.jpg,,
102403_27,V30142,D1013_D10,REMI,Wild Type,Wildtype,Wild Type,Y,,,,Y (leave tails),Wild Type,Y,Wild Type,,hinted_102403/rp102403_27_0050S.mov,hinted_102403p2/rp102403p2_27.mov,rp102403_wavelet_jpeg/rp102403_27_w.jpg,,
102403_28,V30154,D1013_E10,REMI,Wild Type,Wildtype,Wild Type,Y,,,,Y (aberrant?),Wild Type,Y,Wild Type,,hinted_102403/rp102403_28_0075S.mov,hinted_102403p2/rp102403p2_28.mov,rp102403_wavelet_jpeg/rp102403_28_w.jpg,,
102403_29,V30150,D1013_E06,REMI,Wild Type,Wildtype,Wild Type,Y,,,,Y (leave tails),Wild Type,Y,Wild Type,,hinted_102403/rp102403_29_0075S.mov,hinted_102403p2/rp102403p2_29.mov,rp102403_wavelet_jpeg/rp102403_29_w.jpg,,
102003_00,V30059,D1012_E11,REMI,Wild Type,Wildtype,Wild Type,Y,,,,Y (drop tails),Wild Type,Y,Wild Type,,hinted_102003/rp102003_00_0005S.mov,hinted_102003p2/rp102003p2_00.mov,rp102003_wavelet_jpeg/rp102003_00_w.jpg,,
102003_01,V30050,D1012_E02,REMI,Wild Type,Wildtype,Wild Type,Y (breakup),,,,Y (drop tails),Wild Type,Y,Wild Type,,hinted_102003/rp102003_01_0005S.mov,hinted_102003p2/rp102003p2_01.mov,rp102003_wavelet_jpeg/rp102003_01_w.jpg,,
102003_02,V30080,D1012_G08,REMI,Wild Type,Wildtype,Wild Type,Y,,,,Y (drop tails),Wild Type,Y,Wild Type,,hinted_102003/rp102003_02_0005S.mov,hinted_102003p2/rp102003p2_02.mov,rp102003_wavelet_jpeg/rp102003_02_w.jpg,,
102003_03,V30072,D1012_F12,REMI,Wild Type,Wildtype,Wild Type,Y,,,,Y (drop tails),Wild Type,Y,Wild Type,,hinted_102003/rp102003_03_0005S.mov,hinted_102003p2/rp102003p2_03.mov,rp102003_wavelet_jpeg/rp102003_03_w.jpg,,
102003_04,V30094,D1012_H10,REMI,Wild Type,Wildtype,Wild Type,Y,,,,?,Wild Type,Y,Wild Type,,hinted_102003/rp102003_04_0005S.mov,hinted_102003p2/rp102003p2_04.mov,rp102003_wavelet_jpeg/rp102003_04_w.jpg,,
102003_05,V30090,D1012_H06,REMI,Wild Type,Wildtype,Wild Type,Y,,,,Y (drop tails),Wild Type,Y,Wild Type,,hinted_102003/rp102003_05_0005S.mov,hinted_102003p2/rp102003p2_05.mov,rp102003_wavelet_jpeg/rp102003_05_w.jpg,,
102003_06,V30103,D1013_A07,REMI,Wild Type,Wildtype,Wild Type,Y,,,,Y (drop tails),Wild Type,Y,Wild Type,,hinted_102003/rp102003_06_0025S.mov,hinted_102003p2/rp102003p2_06.mov,rp102003_wavelet_jpeg/rp102003_06_w.jpg,,
102003_07,V30099,D1013_A03,REMI,Wild Type,Wildtype,Wild Type,Y,,,,Y (drop tails),Wild Type,Y,Wild Type,,hinted_102003/rp102003_07_0005S.mov,hinted_102003p2/rp102003p2_07.mov,rp102003_wavelet_jpeg/rp102003_07_w.jpg,,
102003_08,V30110,D1013_B02,REMI,Aberrant,Aberrant (large spiral cores),Wild Type,Y (breakup),,,,?,Wild Type,Y,Wild Type,,hinted_102003/rp102003_08_0075S.mov,hinted_102003p2/rp102003p2_08.mov,rp102003_wavelet_jpeg/rp102003_08_w.jpg,frequency is relatively slower so the wave territory is bigger -but this is minor,
102003_09,V30106,D1013_A10,REMI,Wild Type,Wildtype,Wild Type,Y,,,,Y (drop tails),Wild Type,Y,Wild Type,,hinted_102003/rp102003_09_0005S.mov,hinted_102003p2/rp102003p2_09.mov,rp102003_wavelet_jpeg/rp102003_09_w.jpg,,
102003_10,V30064,D1012_F04,REMI,Wild Type,Wildtype,Wild Type,Y (breakup),,,,Y (small),Wild Type,Y,Wild Type,,hinted_102003/rp102003_10_0025S.mov,hinted_102003p2/rp102003p2_10.mov,rp102003_wavelet_jpeg/rp102003_10_w.jpg,,
102003_11,V30055,D1012_E07,REMI,Wild Type,Wildtype,Wild Type,Y (breakup),,,,Y (drop tails),Wild Type,Y,Wild Type,,hinted_102003/rp102003_11_0005S.mov,hinted_102003p2/rp102003p2_11.mov,rp102003_wavelet_jpeg/rp102003_11_w.jpg,,
102003_12,V30087,D1012_H03,REMI,Wild Type,Wildtype,Wild Type,Y,,,,Y (drop tails),Wild Type,Y,Wild Type,,hinted_102003/rp102003_12_0005S.mov,hinted_102003p2/rp102003p2_12.mov,rp102003_wavelet_jpeg/rp102003_12_w.jpg,,
102003_13,V30075,D1012_G03,REMI,Wild Type,Wildtype,Wild Type,Y (breakup),,,,Y (drop tails),Wild Type,Y,Wild Type,,hinted_102003/rp102003_13_0005S.mov,hinted_102003p2/rp102003p2_13.mov,rp102003_wavelet_jpeg/rp102003_13_w.jpg,,
102003_14,V30096,D1012_H12,REMI,Wild Type,Wildtype,Wild Type,Y,,,,Y (drop tails),Wild Type,Y,Wild Type,,hinted_102003/rp102003_14_0005S.mov,hinted_102003p2/rp102003p2_14.mov,rp102003_wavelet_jpeg/rp102003_14_w.jpg,,
102003_15,V30091,D1012_H07,REMI,Wild Type,Wildtype,Wild Type,Y (breakup),,,,Y (small),Wild Type,Y,Wild Type,,hinted_102003/rp102003_15_0025S.mov,hinted_102003p2/rp102003p2_15.mov,rp102003_wavelet_jpeg/rp102003_15_w.jpg,,
102003_16,V30104,D1013_A08,REMI,Wild Type,Wildtype,Wild Type,Y,,,,Y (drop tails),Wild Type,Y,Wild Type,,hinted_102003/rp102003_16_0005S.mov,hinted_102003p2/rp102003p2_16.mov,rp102003_wavelet_jpeg/rp102003_16_w.jpg,,
102003_17,V30100,D1013_A04,REMI,Wild Type,Wildtype,Wild Type,Y (breakup),,,,Y (drop tails),Wild Type,Y,Wild Type,,hinted_102003/rp102003_17_0025S.mov,hinted_102003p2/rp102003p2_17.mov,rp102003_wavelet_jpeg/rp102003_17_w.jpg,,
102003_18,V30111,D1013_B03,REMI,Wild Type,Wildtype,Wild Type,Y,,,,Y (drop tails),Wild Type,Y,Wild Type,,hinted_102003/rp102003_18_0005S.mov,hinted_102003p2/rp102003p2_18.mov,rp102003_wavelet_jpeg/rp102003_18_w.jpg,,
102003_19,V30107,D1013_A11,REMI,Wild Type,Wildtype,Wild Type,Y,,,,Y (drop tails),Wild Type,Y,Wild Type,,hinted_102003/rp102003_19_0005S.mov,hinted_102003p2/rp102003p2_19.mov,rp102003_wavelet_jpeg/rp102003_19_w.jpg,,
102003_20,V30065,D1012_F05,REMI,Wild Type,Wildtype,Wild Type,Y (breakup),,,,Y (small),Wild Type,Y,Wild Type,,hinted_102003/rp102003_20_0005S.mov,hinted_102003p2/rp102003p2_20.mov,rp102003_wavelet_jpeg/rp102003_20_w.jpg,,
102003_21,V30058,D1012_E10,REMI,Wild Type,Wildtype,Wild Type,Y (breakup),,,,?,Wild Type,Y,Wild Type,,hinted_102003/rp102003_21_0005S.mov,hinted_102003p2/rp102003p2_21.mov,rp102003_wavelet_jpeg/rp102003_21_w.jpg,,
102003_22,V30088,D1012_H04,REMI,Wild Type,Wildtype,Wild Type,Y (breakup),,,,Y (drop tails),Wild Type,Y,Wild Type,,hinted_102003/rp102003_22_0005S.mov,hinted_102003p2/rp102003p2_22.mov,rp102003_wavelet_jpeg/rp102003_22_w.jpg,,
102003_23,V30076,D1012_G04,REMI,Wild Type,Wildtype,Wild Type,Y (breakup),,,,Y (small),Wild Type,Y,Wild Type,,hinted_102003/rp102003_23_0005S.mov,hinted_102003p2/rp102003p2_23.mov,rp102003_wavelet_jpeg/rp102003_23_w.jpg,,
102003_24,V30098,D1013_A02,REMI,Wild Type,Wildtype,Wild Type,Y (breakup),,,,?,Wild Type,Y,Wild Type,,hinted_102003/rp102003_24_0025S.mov,hinted_102003p2/rp102003p2_24.mov,rp102003_wavelet_jpeg/rp102003_24_w.jpg,,
102003_25,V30092,D1012_H08,REMI,Wild Type,Wildtype,Wild Type,Y,,,,Y (drop tails),Wild Type,Y,Wild Type,,hinted_102003/rp102003_25_0005S.mov,hinted_102003p2/rp102003p2_25.mov,rp102003_wavelet_jpeg/rp102003_25_w.jpg,,
102003_26,V30105,D1013_A09,REMI,Wild Type,Wildtype,Wild Type,Y (breakup),,,,Y (drop tails),Wild Type,Y,Wild Type,,hinted_102003/rp102003_26_0025S.mov,hinted_102003p2/rp102003p2_26.mov,rp102003_wavelet_jpeg/rp102003_26_w.jpg,,
102003_27,V30102,D1013_A06,REMI,Wild Type,Wildtype,Wild Type,Y (breakup),,,,Y (drop tails),Wild Type,Y,Wild Type,,hinted_102003/rp102003_27_0005S.mov,hinted_102003p2/rp102003p2_27.mov,rp102003_wavelet_jpeg/rp102003_27_w.jpg,,
102003_28,V30112,D1013_B04,REMI,Wild Type,Wildtype,Wild Type,Y (breakup),,,,Y (drop tails),Wild Type,Y,Wild Type,,hinted_102003/rp102003_28_0005S.mov,hinted_102003p2/rp102003p2_28.mov,rp102003_wavelet_jpeg/rp102003_28_w.jpg,,
102003_29,V30109,D1013_B01,REMI,Wild Type,Wildtype,Wild Type,Y (breakup),,,,Y (drop tails),Wild Type,Y,Wild Type,,hinted_102003/rp102003_29_0005S.mov,hinted_102003p2/rp102003p2_29.mov,rp102003_wavelet_jpeg/rp102003_29_w.jpg,,
101603_00,V30047,D1012_D11,REMI,Wild Type,Wildtype,Wild Type,Y,,,,Y (leave tails),Wild Type,Y,Wild Type,,hinted_101603/rp101603_00_0025S.mov,hinted_101603p2/rp101603p2_00.mov,rp101603_wavelet_jpeg/rp101603_00_w.jpg,,
101603_01,V30043,D1012_D07,REMI,Wild Type,Wildtype,Wild Type,Y,,,,Y (leave tails),Wild Type,Y,Wild Type,,hinted_101603/rp101603_01_0075S.mov,hinted_101603p2/rp101603p2_01.mov,rp101603_wavelet_jpeg/rp101603_01_w.jpg,,
101603_02,V30054,D1012_E06,REMI,Wild Type,Wildtype,Wild Type,Y,,,,Y (leave tails),Wild Type,Y,Wild Type,,hinted_101603/rp101603_02_0050S.mov,hinted_101603p2/rp101603p2_02.mov,rp101603_wavelet_jpeg/rp101603_02_w.jpg,,
101603_03,V30051,D1012_E03,REMI,Wild Type,Wildtype,Wild Type,Y,,,,Y (leave tails),Wild Type,Y,Wild Type,,hinted_101603/rp101603_03_0100S.mov,hinted_101603p2/rp101603p2_03.mov,rp101603_wavelet_jpeg/rp101603_03_w.jpg,,
101603_04,V30067,D1012_F07,REMI,Wild Type,Wildtype,Wild Type,Y,,,,Y (leave tails),Wild Type,Y,Wild Type,,hinted_101603/rp101603_04_0025S.mov,hinted_101603p2/rp101603p2_04.mov,rp101603_wavelet_jpeg/rp101603_04_w.jpg,,
101603_05,V30060,D1012_E12,REMI,Wild Type,Wildtype,Wild Type,Y,,,,Y (leave tails),Wild Type,Y,Wild Type,,hinted_101603/rp101603_05_0075S.mov,hinted_101603p2/rp101603p2_05.mov,rp101603_wavelet_jpeg/rp101603_05_w.jpg,,
101603_06,V30086,D1012_H02,REMI,Wild Type,Wildtype,Wild Type,Y,,,,Y (leave tails),Wild Type,Y,Wild Type,,hinted_101603/rp101603_06_0050S.mov,hinted_101603p2/rp101603p2_06.mov,rp101603_wavelet_jpeg/rp101603_06_w.jpg,,
101603_07,V30078,D1012_G06,REMI,Wild Type,Wildtype,Wild Type,Y,,,,Y (leave tails),Wild Type,Y,Wild Type,,hinted_101603/rp101603_07_0025S.mov,hinted_101603p2/rp101603p2_07.mov,rp101603_wavelet_jpeg/rp101603_07_w.jpg,,
101603_10,V30048,D1012_D12,REMI,Wild Type,Wildtype,Wild Type,Y,,,,Y (leave tails),Wild Type,Y,Wild Type,,hinted_101603/rp101603_10_0025S.mov,hinted_101603p2/rp101603p2_10.mov,rp101603_wavelet_jpeg/rp101603_10_w.jpg,,
101603_11,V30044,D1012_D08,REMI,Wild Type,Wildtype,Wild Type,Y,,,,,Wild Type,Y,Wild Type,,hinted_101603/rp101603_11_0100S.mov,hinted_101603p2/rp101603p2_11.mov,rp101603_wavelet_jpeg/rp101603_11_w.jpg,,
101603_12,V30056,D1012_E08,REMI,Wild Type,Wildtype,Wild Type,Y,,,,Y (leave tails),Wild Type,Y,Wild Type,,hinted_101603/rp101603_12_0050S.mov,hinted_101603p2/rp101603p2_12.mov,rp101603_wavelet_jpeg/rp101603_12_w.jpg,,
101603_13,V30052,D1012_E04,REMI,Wild Type,Wildtype,Wild Type,Y,,,,Y (leave tails),Wild Type,Y,Wild Type,,hinted_101603/rp101603_13_0050S.mov,hinted_101603p2/rp101603p2_13.mov,rp101603_wavelet_jpeg/rp101603_13_w.jpg,,
101603_14,V30069,D1012_F09,REMI,Aberrant,Aberrant,Aberrant,Y (small),,,,Y (leave tails),Wild Type,Y,Wild Type,,hinted_101603/rp101603_14_0001S.mov,hinted_101603p2/rp101603p2_14.mov,rp101603_wavelet_jpeg/rp101603_14_w.jpg,,
101603_15,V30061,D1012_F01,REMI,Wild Type,Wildtype,Wild Type,Y,,,,Y (leave tails),Wild Type,Y,Wild Type,,hinted_101603/rp101603_15_0025S.mov,hinted_101603p2/rp101603p2_15.mov,rp101603_wavelet_jpeg/rp101603_15_w.jpg,,
101603_16,V30093,D1012_H09,REMI,Wild Type,Wildtype,Wild Type,Y,,,,Y (leave tails),Wild Type,Y,Wild Type,,hinted_101603/rp101603_16_0025S.mov,hinted_101603p2/rp101603p2_16.mov,rp101603_wavelet_jpeg/rp101603_16_w.jpg,,
101603_17,V30084,D1012_G12,REMI,Wild Type,Wildtype,Wild Type,Y,,,,Y (leave tails),Wild Type,Y,Wild Type,,hinted_101603/rp101603_17_0025S.mov,hinted_101603p2/rp101603p2_17.mov,rp101603_wavelet_jpeg/rp101603_17_w.jpg,,
101603_20,V30049,D1012_E01,REMI,Wild Type,Wildtype,Wild Type,Y,,,,Y (leave tails),Wild Type,Y,Wild Type,,hinted_101603/rp101603_20_0025S.mov,hinted_101603p2/rp101603p2_20.mov,rp101603_wavelet_jpeg/rp101603_20_w.jpg,,
101603_21,V30045,D1012_D09,REMI,Wild Type,Wildtype,Wild Type,Y,,,,Y (leave tails),Wild Type,Y,Wild Type,,hinted_101603/rp101603_21_0025S.mov,hinted_101603p2/rp101603p2_21.mov,rp101603_wavelet_jpeg/rp101603_21_w.jpg,,
101603_22,V30057,D1012_E09,REMI,Wild Type,Wildtype,Wild Type,Y,,,,Y (leave tails),Wild Type,Y,Wild Type,,hinted_101603/rp101603_22_0025S.mov,hinted_101603p2/rp101603p2_22.mov,rp101603_wavelet_jpeg/rp101603_22_w.jpg,,
101603_23,V30053,D1012_E05,REMI,Wild Type,Wildtype,Wild Type,Y,,,,Y (leave tails),Wild Type,Y,Wild Type,,hinted_101603/rp101603_23_0025S.mov,hinted_101603p2/rp101603p2_23.mov,rp101603_wavelet_jpeg/rp101603_23_w.jpg,,
101603_24,V30073,D1012_G01,REMI,Wild Type,Wildtype,Wild Type,Y,,,,Y (leave tails),Wild Type,Y,Wild Type,,hinted_101603/rp101603_24_0075S.mov,hinted_101603p2/rp101603p2_24.mov,rp101603_wavelet_jpeg/rp101603_24_w.jpg,,
101603_25,V30066,D1012_F06,REMI,Wild Type,Wildtype,Wild Type,Y,,,,Y (leave tails),Wild Type,Y,Wild Type,,hinted_101603/rp101603_25_0025S.mov,hinted_101603p2/rp101603p2_25.mov,rp101603_wavelet_jpeg/rp101603_25_w.jpg,,
101603_26,V30095,D1012_H11,REMI,Wild Type,Wildtype,Wild Type,Y,,,,Y (leave tails),Wild Type,Y,Wild Type,,hinted_101603/rp101603_26_0075S.mov,hinted_101603p2/rp101603p2_26.mov,rp101603_wavelet_jpeg/rp101603_26_w.jpg,,
101603_27,V30085,D1012_H01,REMI,Wild Type,Wildtype,Wild Type,Y,,,,Y (leave tails),Wild Type,Y,Wild Type,,hinted_101603/rp101603_27_0025S.mov,hinted_101603p2/rp101603p2_27.mov,rp101603_wavelet_jpeg/rp101603_27_w.jpg,,
101303_00,V30004,D1012_A04,REMI,Wild Type,Wildtype,Wild Type,Y,,,,Y,Wild Type,Y,Wild Type,,hinted_101303/rp101303_00_0050S.mov,hinted_101303p2/rp101303p2_00.mov,rp101303_wavelet_jpeg/rp101303_00_w.jpg,,
101303_01,V30001,D1012_A01,REMI,Wild Type,Wildtype,Wild Type,Y,,,,Y (drop tails),Wild Type,Y,Wild Type,,hinted_101303/rp101303_01_0150S.mov,hinted_101303p2/rp101303p2_01.mov,rp101303_wavelet_jpeg/rp101303_01_w.jpg,,
101303_02,V30013,D1012_B01,REMI,Wild Type,Wildtype,Wild Type,Y,,,,Y (drop tails),Wild Type,Y,Wild Type,,hinted_101303/rp101303_02_0075S.mov,hinted_101303p2/rp101303p2_02.mov,rp101303_wavelet_jpeg/rp101303_02_w.jpg,,
101303_03,V30008,D1012_A08,REMI,Wild Type,Wildtype,Wild Type,Y,,,,Y (drop tails),Wild Type,Y,Wild Type,,hinted_101303/rp101303_03_0075S.mov,hinted_101303p2/rp101303p2_03.mov,rp101303_wavelet_jpeg/rp101303_03_w.jpg,,
101303_04,V30023,D1012_B11,REMI,Wild Type,Wildtype,Undeterminable,Y,,,,Y,Wild Type,Y,Wild Type,,hinted_101303/rp101303_04_0025S.mov,hinted_101303p2/rp101303p2_04.mov,rp101303_wavelet_jpeg/rp101303_04_w.jpg,,
101303_05,V30018,D1012_B06,REMI,Wild Type,Wildtype,Wild Type,Y,,,,"Y ",Wild Type,Y,Wild Type,,hinted_101303/rp101303_05_0075S.mov,hinted_101303p2/rp101303p2_05.mov,rp101303_wavelet_jpeg/rp101303_05_w.jpg,,
101303_06,V30030,D1012_C06,REMI,Wild Type,Wildtype,Wild Type,Y,,,,Y (drop tails),Wild Type,Y,Wild Type,,hinted_101303/rp101303_06_0050S.mov,hinted_101303p2/rp101303p2_06.mov,rp101303_wavelet_jpeg/rp101303_06_w.jpg,,
101303_07,V30027,D1012_C03,REMI,Wild Type,Wildtype,Wild Type,Y,,,,Y,Wild Type,Y,Wild Type,,hinted_101303/rp101303_07_0050S.mov,hinted_101303p2/rp101303p2_07.mov,rp101303_wavelet_jpeg/rp101303_07_w.jpg,slugger,
101303_08,V30038,D1012_D02,REMI,Wild Type,Wildtype,Wild Type,Y,,,,Y (drop tails),Wild Type,Y,Wild Type,,hinted_101303/rp101303_08_0050S.mov,hinted_101303p2/rp101303p2_08.mov,rp101303_wavelet_jpeg/rp101303_08_w.jpg,,
101303_09,V30034,D1012_C10,REMI,Wild Type,Wildtype,Wild Type,Y,,,,Y (drop tails),Wild Type,Y,Wild Type,,hinted_101303/rp101303_09_0050S.mov,hinted_101303p2/rp101303p2_09.mov,rp101303_wavelet_jpeg/rp101303_09_w.jpg,,
101303_10,V30006,D1012_A06,REMI,Wild Type,Wildtype,Wild Type,Y,,,,Y (drop tails),Wild Type,Y,Wild Type,,hinted_101303/rp101303_10_0100S.mov,hinted_101303p2/rp101303p2_10.mov,rp101303_wavelet_jpeg/rp101303_10_w.jpg,,
101303_11,V30002,D1012_A02,REMI,Wild Type,Wildtype,Wild Type,Y,,,,Y,Wild Type,Y,Wild Type,,hinted_101303/rp101303_11_0100S.mov,hinted_101303p2/rp101303p2_11.mov,rp101303_wavelet_jpeg/rp101303_11_w.jpg,,
101303_12,V30014,D1012_B02,REMI,Wild Type,Wildtype,Wild Type,Y,,,,Y (drop tails),Wild Type,Y,Wild Type,,hinted_101303/rp101303_12_0075S.mov,hinted_101303p2/rp101303p2_12.mov,rp101303_wavelet_jpeg/rp101303_12_w.jpg,,
101303_13,V30009,D1012_A09,REMI,Wild Type,Wildtype,Wild Type,Y,,,,Y (drop tails),Wild Type,Y,Wild Type,,hinted_101303/rp101303_13_0125S.mov,hinted_101303p2/rp101303p2_13.mov,rp101303_wavelet_jpeg/rp101303_13_w.jpg,,
101303_14,V30024,D1012_B12,REMI,Wild Type,Wildtype,Wild Type,Y,,,,Y (drop tails),Wild Type,Y,Wild Type,,hinted_101303/rp101303_14_0150S.mov,hinted_101303p2/rp101303p2_14.mov,rp101303_wavelet_jpeg/rp101303_14_w.jpg,,
101303_15,V30019,D1012_B07,REMI,Wild Type,Wildtype,Wild Type,Y,,,,Y (drop tails),Wild Type,Y,Wild Type,,hinted_101303/rp101303_15_0150S.mov,hinted_101303p2/rp101303p2_15.mov,rp101303_wavelet_jpeg/rp101303_15_w.jpg,,
101303_16,V30031,D1012_C07,REMI,Wild Type,Wildtype,Wild Type,Y,,,,Y,Wild Type,Y,Wild Type,,hinted_101303/rp101303_16_0050S.mov,hinted_101303p2/rp101303p2_16.mov,rp101303_wavelet_jpeg/rp101303_16_w.jpg,,
101303_17,V30028,D1012_C04,REMI,Wild Type,Wildtype,Wild Type,Y,,,,Y (drop tails),Wild Type,Y,Wild Type,,hinted_101303/rp101303_17_0075S.mov,hinted_101303p2/rp101303p2_17.mov,rp101303_wavelet_jpeg/rp101303_17_w.jpg,,
101303_18,V30040,D1012_D04,REMI,Wild Type,Wildtype,Wild Type,Y,,,,Y (drop tails),Wild Type,Y,Wild Type,,hinted_101303/rp101303_18_0075S.mov,hinted_101303p2/rp101303p2_18.mov,rp101303_wavelet_jpeg/rp101303_18_w.jpg,,
101303_19,V30035,D1012_C11,REMI,Wild Type,Wildtype,Wild Type,Y,,,,Y (drop tails),Wild Type,Y,Wild Type,,hinted_101303/rp101303_19_0075S.mov,hinted_101303p2/rp101303p2_19.mov,rp101303_wavelet_jpeg/rp101303_19_w.jpg,,
101303_20,V30007,D1012_A07,REMI,Wild Type,Wildtype,Wild Type,Y,,,,Y (drop tails),Wild Type,Y,Wild Type,,hinted_101303/rp101303_20_0075S.mov,hinted_101303p2/rp101303p2_20.mov,rp101303_wavelet_jpeg/rp101303_20_w.jpg,,
101303_21,V30003,D1012_A03,REMI,Wild Type,Wildtype,Wild Type,Y,,,,Y (drop tails),Wild Type,Y,Wild Type,,hinted_101303/rp101303_21_0050S.mov,hinted_101303p2/rp101303p2_21.mov,rp101303_wavelet_jpeg/rp101303_21_w.jpg,,
101303_22,V30017,D1012_B05,REMI,Wild Type,Wildtype,Wild Type,Y,,,,Y,Wild Type,Y,Wild Type,,hinted_101303/rp101303_22_0125S.mov,hinted_101303p2/rp101303p2_22.mov,rp101303_wavelet_jpeg/rp101303_22_w.jpg,,
101303_23,V30010,D1012_A10,REMI,Wild Type,Wildtype,Wild Type,Y,,,,Y (drop tails),Wild Type,Y,Wild Type,,hinted_101303/rp101303_23_0075S.mov,hinted_101303p2/rp101303p2_23.mov,rp101303_wavelet_jpeg/rp101303_23_w.jpg,,
101303_24,V30025,D1012_C01,REMI,Wild Type,Wildtype,Wild Type,Y,,,,Y (small),Wild Type,Y,Wild Type,,hinted_101303/rp101303_24_0100S.mov,hinted_101303p2/rp101303p2_24.mov,rp101303_wavelet_jpeg/rp101303_24_w.jpg,,
101303_25,V30021,D1012_B09,REMI,Wild Type,Wildtype,Wild Type,Y,,,,Y (drop tails),Wild Type,Y,Wild Type,,hinted_101303/rp101303_25_0050S.mov,hinted_101303p2/rp101303p2_25.mov,rp101303_wavelet_jpeg/rp101303_25_w.jpg,,
101303_26,V30032,D1012_C08,REMI,Wild Type,Wildtype,Wild Type,Y,,,,Y (drop tails),Wild Type,Y,Wild Type,,hinted_101303/rp101303_26_0050S.mov,hinted_101303p2/rp101303p2_26.mov,rp101303_wavelet_jpeg/rp101303_26_w.jpg,,
101303_27,V30029,D1012_C05,REMI,Wild Type,Wildtype,Wild Type,Y,,,,Y,Wild Type,Y,Wild Type,,hinted_101303/rp101303_27_0050S.mov,hinted_101303p2/rp101303p2_27.mov,rp101303_wavelet_jpeg/rp101303_27_w.jpg,,
101303_28,V30042,D1012_D06,REMI,Wild Type,Wildtype,Wild Type,Y,,,,Y (drop tails),Wild Type,Y,Wild Type,,hinted_101303/rp101303_28_0075S.mov,hinted_101303p2/rp101303p2_28.mov,rp101303_wavelet_jpeg/rp101303_28_w.jpg,,
101303_29,V30037,D1012_D01,REMI,Wild Type,Wildtype,Wild Type,Y,,,,Y (drop tails),Wild Type,Y,Wild Type,,hinted_101303/rp101303_29_0050S.mov,hinted_101303p2/rp101303p2_29.mov,rp101303_wavelet_jpeg/rp101303_29_w.jpg,,
100803_00,D1003_B11,D1003_B11,,Undeterminable,,Undeterminable,Y,,,,Y (small),Wild Type,Y (small),Wild Type,,hinted_100803/rp100803_00_0400S.mov,hinted_100803p2/rp100803p2_00.mov,rp100803_wavelet_jpeg/rp100803_00_w.jpg,low cell density,
100803_01,D1003_A11,D1003_A11,,Wild Type,Wildtype,Wild Type,Y,,,,N,Wild Type,Y,Wild Type,,hinted_100803/rp100803_01_0025S.mov,hinted_100803p2/rp100803p2_01.mov,rp100803_wavelet_jpeg/rp100803_01_w.jpg,,
100803_02,V10316,D1003_C12 (V-id,REMI,Wild Type,Wildtype,Wild Type,Y,,,,Y,Wild Type,Y,Wild Type,,hinted_100803/rp100803_02_0100S.mov,hinted_100803p2/rp100803p2_02.mov,rp100803_wavelet_jpeg/rp100803_02_w.jpg,,
100803_03,V10305,D1003_C03 (V-id,REMI,Undeterminable,,Undeterminable,Y (late),,,,Y,Wild Type,Y,Wild Type,,hinted_100803/rp100803_03_0300S.mov,hinted_100803p2/rp100803p2_03.mov,rp100803_wavelet_jpeg/rp100803_03_w.jpg,low cell density,
100803_04,V20070,D1003_E06 (V-id,HR,Wild Type,Wildtype,Wild Type,Y,,Y,,Y (drop tail),Wild Type,Y,Wild Type,,hinted_100803/rp100803_04_0001S.mov,hinted_100803p2/rp100803p2_04.mov,rp100803_wavelet_jpeg/rp100803_04_w.jpg,,
100803_05,V20055,D1003_E02 (V-id,HR,Wild Type,Wildtype,Wild Type,Y,,,,Y,Wild Type,Y,Wild Type,,hinted_100803/rp100803_05_0050S.mov,hinted_100803p2/rp100803p2_05.mov,rp100803_wavelet_jpeg/rp100803_05_w.jpg,,
100803_06,V10454,D1003_G09 (V-id,REMI,Wild Type,Wildtype,Wild Type,Y,,Y,,Y,Wild Type,Y,Wild Type,,hinted_100803/rp100803_06_0050S.mov,hinted_100803p2/rp100803p2_06.mov,rp100803_wavelet_jpeg/rp100803_06_w.jpg,,
100803_07,V10356,D1003_F08 (V-id,REMI,Wild Type,Wildtype,Wild Type,Y,,Y,Aberrant,Y (splitting),Wild Type,Y,Wild Type,,hinted_100803/rp100803_07_0050S.mov,hinted_100803p2/rp100803p2_07.mov,rp100803_wavelet_jpeg/rp100803_07_w.jpg,,
100803_08,V10477,D1003_H10 (V-id,REMI,Wild Type,Wildtype,Wild Type,Y,,Y,Aberrant,Y,,Y,Wild Type,,hinted_100803/rp100803_08_0100S.mov,hinted_100803p2/rp100803p2_08.mov,rp100803_wavelet_jpeg/rp100803_08_w.jpg,slugger,
100803_09,V10443,D1003_H02 (V-id,REMI,Wild Type,Wildtype,Wild Type,Y,,,,Y,Wild Type,Y,Wild Type,,hinted_100803/rp100803_09_0025S.mov,hinted_100803p2/rp100803p2_09.mov,rp100803_wavelet_jpeg/rp100803_09_w.jpg,,
100803_10,V10302,D1003_C01 (V-id,REMI,Wild Type,Wildtype,Wild Type,Y,,,,Y (no response to light),Wild Type,Y,Wild Type,,hinted_100803/rp100803_10_0025S.mov,hinted_100803p2/rp100803p2_10.mov,rp100803_wavelet_jpeg/rp100803_10_w.jpg,,
100803_11,D1003_B06,D1003_B06,,Wild Type,Wildtype,Wild Type,Y (breakup),,,,Y,Wild Type,Y,Wild Type,,hinted_100803/rp100803_11_0001S.mov,hinted_100803p2/rp100803p2_11.mov,rp100803_wavelet_jpeg/rp100803_11_w.jpg,,
100803_12,V10325,D1003_D07 (V-id,REMI,Wild Type,Wildtype,Wild Type,large territory,,,,Y,Wild Type,Y,Wild Type,,hinted_100803/rp100803_12_0050S.mov,hinted_100803p2/rp100803p2_12.mov,rp100803_wavelet_jpeg/rp100803_12_w.jpg,,
100803_13,V10314,D1003_C10 (V-id,REMI,Wild Type,Wildtype,Wild Type,Y,,Y,,Y,Wild Type,Y,Wild Type,,hinted_100803/rp100803_13_0025S.mov,hinted_100803p2/rp100803p2_13.mov,rp100803_wavelet_jpeg/rp100803_13_w.jpg,,
100803_14,V20043,D1003_F01 (V-id,HR,Wild Type,Wildtype,Aberrant,Cells not stacking up?,,,None,N,None,N,Wild Type,,hinted_100803/rp100803_14_0050S.mov,hinted_100803p2/rp100803p2_14.mov,rp100803_wavelet_jpeg/rp100803_14_w.jpg,aberrant small stalk-like structures,
100803_15,V20061,D1003_E03 (V-id,HR,Wild Type,Wildtype,Wild Type,Y (breakup),,,,Y (small),Wild Type,Y,Wild Type,,hinted_100803/rp100803_15_0125S.mov,hinted_100803p2/rp100803p2_15.mov,rp100803_wavelet_jpeg/rp100803_15_w.jpg,,
100803_16,V10455,D1003_G10 (V-id,REMI,Wild Type,Wildtype,Wild Type,Y,,Y,,Y,Wild Type,Y,Wild Type,,hinted_100803/rp100803_16_0050S.mov,hinted_100803p2/rp100803p2_16.mov,rp100803_wavelet_jpeg/rp100803_16_w.jpg,,
100803_17,V10369,D1003_F12 (V-id,REMI,Aberrant,Amplitude,Wild Type,Y,,Y,None,N,None,N,Wild Type,,hinted_100803/rp100803_17_0050S.mov,hinted_100803p2/rp100803p2_17.mov,rp100803_wavelet_jpeg/rp100803_17_w.jpg,bulb like structure are made on top of mounds,
100803_18,V10488,D1003_H12 (V-id,REMI,Aberrant,target,Aberrant,Y (medium small),,Y,,Y,Wild Type,Y,Wild Type,,hinted_100803/rp100803_18_0001S.mov,hinted_100803p2/rp100803p2_18.mov,rp100803_wavelet_jpeg/rp100803_18_w.jpg,,
100803_19,V10445,D1003_H03 (V-id,REMI,Wild Type,Wildtype,Wild Type,Y,,,,Y (splitting),Wild Type,Y,Wild Type,,hinted_100803/rp100803_19_0100S.mov,hinted_100803p2/rp100803p2_19.mov,rp100803_wavelet_jpeg/rp100803_19_w.jpg,,
100803_20,V10304,D1003_C02 (V-id,REMI,Wild Type,amplitude,Wild Type,Y,,Y,,Y,Wild Type,Y,Wild Type,,hinted_100803/rp100803_20_0001S.mov,hinted_100803p2/rp100803p2_20.mov,rp100803_wavelet_jpeg/rp100803_20_w.jpg,,
100803_21,D1003_B07,D1003_B07,,Aberrant,Aberrant,Aberrant,Y (aberrant; minute),,Y,None,N,None,N,Wild Type,,hinted_100803/rp100803_21_0100S.mov,hinted_100803p2/rp100803p2_21.mov,rp100803_wavelet_jpeg/rp100803_21_w.jpg,mound arrest,
100803_22,V20009,D1003_D09 (V-id,HR,Wild Type,Wildtype,Wild Type,Y,,,,Y,Wild Type,Y,Wild Type,,hinted_100803/rp100803_22_0075S.mov,hinted_100803p2/rp100803p2_22.mov,rp100803_wavelet_jpeg/rp100803_22_w.jpg,,
100803_23,V10315,D1003_C11 (V-id,REMI,Wild Type,,Wild Type,Y,,,,Y,Wild Type,Y,Wild Type,,hinted_100803/rp100803_23_0150S.mov,hinted_100803p2/rp100803p2_23.mov,rp100803_wavelet_jpeg/rp100803_23_w.jpg,low cell density,
100803_24,V10326,D1003_F03 (V-id,REMI,Aberrant,amplitude,Wild Type,minor ring formation,,,,Y (no response to light),Wild Type,Y,Wild Type,,hinted_100803/rp100803_24_0001S.mov,hinted_100803p2/rp100803p2_24.mov,rp100803_wavelet_jpeg/rp100803_24_w.jpg,,
100803_25,V20065,D1003_E05 (V-id,HR,Aberrant,,Aberrant,,,,,Y (small),Wild Type,Y,Wild Type,,hinted_100803/rp100803_25_0175S.mov,hinted_100803p2/rp100803p2_25.mov,rp100803_wavelet_jpeg/rp100803_25_w.jpg,low cell density,
100803_26,V10472,D1003_G11 (V-id,REMI,Wild Type,Wildtype,Wild Type,Y,,,,Y,Wild Type,Y,Wild Type,,hinted_100803/rp100803_26_0050S.mov,hinted_100803p2/rp100803p2_26.mov,rp100803_wavelet_jpeg/rp100803_26_w.jpg,,
100803_27,V10433,D1003_G03 (V-id,REMI,Wild Type,Wildtype,Wild Type,Y,,,,Y,Wild Type,Y,Wild Type,,hinted_100803/rp100803_27_0050S.mov,hinted_100803p2/rp100803p2_27.mov,rp100803_wavelet_jpeg/rp100803_27_w.jpg,,
100103_00,V20001,D1003_E07 (V-id,HR,Wild Type,Wildtype,Wild Type,Y,,,,Y,Wild Type,Y,Wild Type,,hinted_100103/rp100103_00_0100S.mov,hinted_100103p2/rp100103p2_00.mov,rp100103_wavelet_jpeg/rp100103_00_w.jpg,,
100803_29,V10458,F1003_H04 (V-id,REMI,Wild Type,Wildtype,Wild Type,Y,,,,Y (splitting),Wild Type,Y,Wild Type,,hinted_100803/rp100803_29_0075S.mov,hinted_100803p2/rp100803p2_29.mov,rp100803_wavelet_jpeg/rp100803_29_w.jpg,,
100103_01,V20046,D1003_D12 (V-id,HR,Aberrant,Wildtype (short lived),Undeterminable,Y,,Y,,Y,Wild Type,Y,Wild Type,,hinted_100103/rp100103_01_0050S.mov,hinted_100103p2/rp100103p2_01.mov,rp100103_wavelet_jpeg/rp100103_01_w.jpg,,
100103_02,V20101,D1003_F02 (V-id,HR,Undeterminable,Aberrant (weak; sporadic ),Undeterminable,N,,,,,None,N,Wild Type,,hinted_100103/rp100103_02_0499S.mov,,rp100103_wavelet_jpeg/rp100103_02_w.jpg,,
100103_03,V20022,D1003_E10 (V-id,HR,Wild Type,Wildtype,Wild Type,Y,,,,,Wild Type,Y,Wild Type,,hinted_100103/rp100103_03_0001S.mov,hinted_100103p2/rp100103p2_03.mov,rp100103_wavelet_jpeg/rp100103_03_w.jpg,,
100103_04,V10363,D1003_F10 (V-id,REMI,Aberrant,Aberrant (weak),Aberrant,"Y (partial, late, small)",,late,,Y (late),Wild Type,Y,Wild Type,,hinted_100103/rp100103_04_0150S.mov,hinted_100103p2/rp100103p2_04.mov,rp100103_wavelet_jpeg/rp100103_04_w.jpg,,
100103_05,V10347,D1003_F06 (V-id,REMI,Undeterminable,"Aberrant (late, slow)",Undeterminable,Y (late),,,,Y,Wild Type,Y,Wild Type,,hinted_100103/rp100103_05_0250S.mov,hinted_100103p2/rp100103p2_05.mov,rp100103_wavelet_jpeg/rp100103_05_w.jpg,slug migration: strong response to light,
100103_06,V10441,D1003_G06 (V-id,REMI,Wild Type,Wildtype,Wild Type,Y,,,,Y,Wild Type,Y,Wild Type,,hinted_100103/rp100103_06_0075S.mov,hinted_100103p2/rp100103p2_06.mov,rp100103_wavelet_jpeg/rp100103_06_w.jpg,,
100103_07,V10431,D1003_G02 (V-id,REMI,Wild Type,Wildtype,Wild Type,large territory,,,Aberrant,Y (Aberrant),Aberrant,Y,Wild Type,,hinted_100103/rp100103_07_0075S.mov,hinted_100103p2/rp100103p2_07.mov,rp100103_wavelet_jpeg/rp100103_07_w.jpg,FB is slightly aberrant,
100103_08,V10469,D1003_H07 (V-id,REMI,Wild Type,Wildtype,Wild Type,Y,,,,Y,Wild Type,Y,Wild Type,,hinted_100103/rp100103_08_0100S.mov,hinted_100103p2/rp100103p2_08.mov,rp100103_wavelet_jpeg/rp100103_08_w.jpg,,
100103_09,V10442,D1003_H01 (V-id,REMI,Wild Type,frequency,Wild Type,Y,,,,Y,Wild Type,Y,Wild Type,,hinted_100103/rp100103_09_0100S.mov,hinted_100103p2/rp100103p2_09.mov,rp100103_wavelet_jpeg/rp100103_09_w.jpg,,
100103_10,V20011,D1003_E08 (V-id,HR,Wild Type,Wildtype,Wild Type,Y,,,,Y,Wild Type,Y,Wild Type,,hinted_100103/rp100103_10_0050S.mov,hinted_100103p2/rp100103p2_10.mov,rp100103_wavelet_jpeg/rp100103_10_w.jpg,,
100103_11,V20054,D1003_E01 (V-id,HR,Undeterminable,Aberrant (fast),Undeterminable,Y,,,,Y,Wild Type,Y,Wild Type,,hinted_100103/rp100103_11_0100S.mov,hinted_100103p2/rp100103p2_11.mov,rp100103_wavelet_jpeg/rp100103_11_w.jpg,,
100103_12,V10300,D1003_F04 (V-id,REMI,Aberrant,late; amplitude,Wild Type,Y,,,,Y,Aberrant,Y (aberrant),Wild Type,,hinted_100103/rp100103_12_0200S.mov,hinted_100103p2/rp100103p2_12.mov,rp100103_wavelet_jpeg/rp100103_12_w.jpg,heavy trail; large spore heads,
100103_13,V20023,D1003_E11 (V-id,HR,Aberrant,Aberrant,Undeterminable,Y (partial late),,"Y (small, partial, late)",None,N,None,N,Wild Type,,hinted_100103/rp100103_13_0350S.mov,hinted_100103p2/rp100103p2_13.mov,rp100103_wavelet_jpeg/rp100103_13_w.jpg,,
100103_14,V10367,D1003_F11 (V-id,REMI,Aberrant,,Wild Type,Y,,,,Y,None,N,Wild Type,,hinted_100103/rp100103_14_0050S.mov,hinted_100103p2/rp100103p2_14.mov,rp100103_wavelet_jpeg/rp100103_14_w.jpg,,
100103_15,V10353,D1003_F07 (V-id,REMI,Wild Type,Wildtype,Wild Type,Y,,,,Y,Wild Type,Y,Wild Type,,hinted_100103/rp100103_15_0075S.mov,hinted_100103p2/rp100103p2_15.mov,rp100103_wavelet_jpeg/rp100103_15_w.jpg,,
100103_16,V10452,D1003_G07 (V-id,REMI,Wild Type,Undeterminable,Undeterminable,Y,,Y,,Y,Wild Type,Y,Wild Type,,hinted_100103/rp100103_16_0050S.mov,hinted_100103p2/rp100103p2_16.mov,rp100103_wavelet_jpeg/rp100103_16_w.jpg,,
100103_17,V10435,D1003_G04 (V-id,REMI,Aberrant,frequency,Aberrant,large holes,,,None,N,Aberrant,Y (aberrant),Wild Type,,hinted_100103/rp100103_17_0100S.mov,hinted_100103p2/rp100103p2_17.mov,rp100103_wavelet_jpeg/rp100103_17_w.jpg,,
100103_18,V10473,D1003_H08 (V-id,REMI,Wild Type,Wildtype,Wild Type,Y,,,,Y,Wild Type,Y,Wild Type,,hinted_100103/rp100103_18_0075S.mov,hinted_100103p2/rp100103p2_18.mov,rp100103_wavelet_jpeg/rp100103_18_w.jpg,,
100103_19,V10461,D1003_H05 (V-id,REMI,Undeterminable,"Aberrant (late, slow)",Undeterminable,Y,,,,Y,Wild Type,Y,Wild Type,,hinted_100103/rp100103_19_0150S.mov,hinted_100103p2/rp100103p2_19.mov,rp100103_wavelet_jpeg/rp100103_19_w.jpg,,
100103_20,V20020,D1003_E09 (V-id,HR,Wild Type,Wildtype,Wild Type,Y,,,,Y,Wild Type,Y,Wild Type,,hinted_100103/rp100103_20_0050S.mov,hinted_100103p2/rp100103p2_20.mov,rp100103_wavelet_jpeg/rp100103_20_w.jpg,,
100103_21,V20063,D1003_E04 (V-id,HR,Wild Type,Wildtype,Wild Type,Y,,,,Y,Wild Type,Y,Wild Type,,hinted_100103/rp100103_21_0050S.mov,hinted_100103p2/rp100103p2_21.mov,rp100103_wavelet_jpeg/rp100103_21_w.jpg,no response to light,
100103_22,V10342,D1003_F05 (V-id,REMI,Undeterminable,,Undeterminable,Y,,,,Y,Wild Type,Y,Wild Type,,hinted_100103/rp100103_22_0075S.mov,hinted_100103p2/rp100103p2_22.mov,rp100103_wavelet_jpeg/rp100103_22_w.jpg,,
100103_23,V20041,D1003_E12 (V-id,HR,Undeterminable,Aberrant,Undeterminable,Y,,,,Y (small),Wild Type,Y,Wild Type,,hinted_100103/rp100103_23_0450S.mov,hinted_100103p2/rp100103p2_23.mov,rp100103_wavelet_jpeg/rp100103_23_w.jpg,,
100103_24,V10429,D1003_G01 (V-id,REMI,Wild Type,Wildtype,Wild Type,Y (breakup),,,,Y,Wild Type,Y,Wild Type,,hinted_100103/rp100103_24_0075S.mov,hinted_100103p2/rp100103p2_24.mov,rp100103_wavelet_jpeg/rp100103_24_w.jpg,,
100103_25,V10358,D1003_F09 (V-id,REMI,Wild Type,Wildtype,Wild Type,Y (breakup),,,,Y,Wild Type,Y,Wild Type,,hinted_100103/rp100103_25_0100S.mov,hinted_100103p2/rp100103p2_25.mov,rp100103_wavelet_jpeg/rp100103_25_w.jpg,,
100103_26,V10453,D1003_G08 (V-id,REMI,Wild Type,Wildtype,Wild Type,Y,,Y,,Y,Wild Type,Y,Wild Type,,hinted_100103/rp100103_26_0050S.mov,hinted_100103p2/rp100103p2_26.mov,rp100103_wavelet_jpeg/rp100103_26_w.jpg,little resonse to light,
100103_27,V10439,D1003_G05 (V-id,REMI,Wild Type,Wildtype,Wild Type,Y (breakup),,,,Y,Wild Type,Y,Wild Type,,hinted_100103/rp100103_27_0075S.mov,hinted_100103p2/rp100103p2_27.mov,rp100103_wavelet_jpeg/rp100103_27_w.jpg,,
100103_28,V10476,D1003_H09 (V-id,REMI,Undeterminable,Undeterminable,Undeterminable,breakup,,,,Y (small),Undeterminable,Y,Wild Type,,hinted_100103/rp100103_28_0150S.mov,hinted_100103p2/rp100103p2_28.mov,rp100103_wavelet_jpeg/rp100103_28_w.jpg,small  FB,
100103_29,V10464,D1003_H06 (V-id,REMI,Wild Type,Wildtype,Wild Type,Y,,,,Y,Wild Type,Y,Wild Type,,hinted_100103/rp100103_29_0100S.mov,hinted_100103p2/rp100103p2_29.mov,rp100103_wavelet_jpeg/rp100103_29_w.jpg,,
092903_00,D1003_A04,D1003_A04,,Undeterminable,,Undeterminable,Y,,,,Y,Wild Type,Y,Wild Type,,hinted_092903p2/rp092903p2_00_0250S.mov,hinted_092903p3/rp092903p3_00.mov,rp092903p2_wavelet_jpeg/rp092903p2_00_w.jpg,low density,
092903_01,V20052,D1003_A01 (V-id,HR,Wild Type,Wildtype,Wild Type,Y,,Y,,Y,Wild Type,Y,Wild Type,,hinted_092903p2/rp092903p2_01_0001S.mov,hinted_092903p3/rp092903p3_01.mov,rp092903p2_wavelet_jpeg/rp092903p2_01_w.jpg,,
092903_02,D1003_A12,D1003_A12,,Wild Type,Wildtype,Aberrant,breakup,,,None,N,Aberrant,Y,Wild Type,,hinted_092903p2/rp092903p2_02_0001S.mov,hinted_092903p3/rp092903p3_02.mov,rp092903p2_wavelet_jpeg/rp092903p2_02_w.jpg,FB has a small spore head,
092903_03,V20002,D1003_A07 (V-id,HR,Undeterminable,"Aberrant (weak, late)",Undeterminable,Y (partial late),,partial late,None,N,Undeterminable,N,Wild Type,,hinted_092903p2/rp092903p2_03_0425S.mov,hinted_092903p3/rp092903p3_03.mov,rp092903p2_wavelet_jpeg/rp092903p2_03_w.jpg,"partial aberrant FB ",
092903_04,D1003_B09,D1003_B09,,Wild Type,Wildtype,Wild Type,Y,,,Aberrant,Y,Wild Type,Y,Wild Type,,hinted_092903p2/rp092903p2_04_0001S.mov,hinted_092903p3/rp092903p3_04.mov,rp092903p2_wavelet_jpeg/rp092903p2_04_w.jpg,slugs leave heavy trail,
092903_05,D1003_B04,D1003_B04,,Aberrant,Aberrant,Aberrant,"late, small, breakup",,,None,N,Aberrant,N,Wild Type,,hinted_092903p2/rp092903p2_05_0449S.mov,hinted_092903p3/rp092903p3_05.mov,rp092903p2_wavelet_jpeg/rp092903p2_05_w.jpg,aberrant FB,
092903_06,V10311,D1003_C08 (V-id,REMI,Wild Type,Wildtype,Wild Type,Y,,,,Y,Wild Type,Y,Wild Type,,hinted_092903p2/rp092903p2_06_0001S.mov,hinted_092903p3/rp092903p3_06.mov,rp092903p2_wavelet_jpeg/rp092903p2_06_w.jpg,,
092903_07,V10308,D1003_C05 (V-id,REMI,Wild Type,moderately low frequency,Wild Type,Y,,,,Y,Wild Type,Y,Wild Type,,hinted_092903p2/rp092903p2_07_0075S.mov,hinted_092903p3/rp092903p3_07.mov,rp092903p2_wavelet_jpeg/rp092903p2_07_w.jpg,,
092903_08,V10322,D1003_D05 (V-id,REMI,Aberrant,amplitude modulation,Wild Type,Y,,Y (ring),,Y,None,N,Wild Type,,hinted_092903p2/rp092903p2_08_0100S.mov,hinted_092903p3/rp092903p3_08.mov,rp092903p2_wavelet_jpeg/rp092903p2_08_w.jpg,aberrant slug migration;aberrant FB,
092903_09,V10318,D1003_D02 (V-id,REMI,Aberrant,moderately low frequency; amplitude modulation,Wild Type,Y (breakup),,,,Y,Wild Type,Y,Wild Type,,hinted_092903p2/rp092903p2_09_0075S.mov,hinted_092903p3/rp092903p3_09.mov,rp092903p2_wavelet_jpeg/rp092903p2_09_w.jpg,,
092903_10,D1003_A05,D1003_A05,,Undeterminable,Aberrant,Undeterminable,Y,,,,Y,Aberrant,Y,Wild Type,,hinted_092903p2/rp092903p2_10_0325S.mov,hinted_092903p3/rp092903p3_10.mov,rp092903p2_wavelet_jpeg/rp092903p2_10_w.jpg,large spore head,
092903_11,V10289,D1003_A02 (V-id,REMI,Undeterminable,Aberrant (late),Undeterminable,Y,,,,Y (partial),Aberrant,Aberrant,Wild Type,,hinted_092903p2/rp092903p2_11_0175S.mov,hinted_092903p3/rp092903p3_11.mov,rp092903p2_wavelet_jpeg/rp092903p2_11_w.jpg,aberrant FB,
092903_12,D1003_B02,D1003_B02,,Wild Type,Wildtype,Undeterminable,Y (small),,,,Y (drop tail),Wild Type,Y,Wild Type,,hinted_092903p2/rp092903p2_12_0001S.mov,hinted_092903p3/rp092903p3_12.mov,rp092903p2_wavelet_jpeg/rp092903p2_12_w.jpg,,
092903_13,D1003_A08,D1003_A08,,Undeterminable,some local pulses,Undeterminable,N,,partial late small,None,N,Undeterminable,N,Wild Type,,hinted_092903p2/rp092903p2_13_0449S.mov,hinted_092903p3/rp092903p3_13.mov,rp092903p2_wavelet_jpeg/rp092903p2_13_w.jpg,small mounds are partially developed,
092903_14,D1003_B10,D1003_B10,,Wild Type,Wildtype,Wild Type,Y,,,,Y,Aberrant,N,Wild Type,,hinted_092903p2/rp092903p2_14_0001S.mov,hinted_092903p3/rp092903p3_14.mov,rp092903p2_wavelet_jpeg/rp092903p2_14_w.jpg,aberrant FB,
092903_15,D1003_B05,D1003_B05,,Wild Type,Wildtype,Wild Type,Y,,,,Y,Wild Type,Y,Wild Type,,hinted_092903p2/rp092903p2_15_0001S.mov,hinted_092903p3/rp092903p3_15.mov,rp092903p2_wavelet_jpeg/rp092903p2_15_w.jpg,,
092903_16,V10313,D1003_C09 (V-id,REMI,Wild Type,Wildtype,Wild Type,Y,,Y,,Y,Wild Type,Y,Wild Type,,hinted_092903p2/rp092903p2_16_0001S.mov,hinted_092903p3/rp092903p3_16.mov,rp092903p2_wavelet_jpeg/rp092903p2_16_w.jpg,,
092903_17,V10309,D1003_C06 (V-id,REMI,Wild Type,Wildtype,Wild Type,Y,,Y,,Y,Wild Type,Y,Wild Type,,hinted_092903p2/rp092903p2_17_0001S.mov,hinted_092903p3/rp092903p3_17.mov,rp092903p2_wavelet_jpeg/rp092903p2_17_w.jpg,,
092903_18,V10324,D1003_D06 (V-id,REMI,Wild Type,Wildtype,Wild Type,Y,,Y,,Y,Wild Type,Y,Wild Type,,hinted_092903p2/rp092903p2_18_0001S.mov,hinted_092903p3/rp092903p3_18.mov,rp092903p2_wavelet_jpeg/rp092903p2_18_w.jpg,,
092903_19,V10319,D1003_D03 (V-id,REMI,Wild Type,Wildtype,Wild Type,Y,,,,Y,Wild Type,Y,Wild Type,,hinted_092903p2/rp092903p2_19_0001S.mov,hinted_092903p3/rp092903p3_19.mov,rp092903p2_wavelet_jpeg/rp092903p2_19_w.jpg,,
092903_20,D1003_A06,D1003_A06,,Undeterminable,"Aberrant (weak, sporadic)",Undeterminable,N,,,Undeterminable,N,Undeterminable,N,Wild Type,,hinted_092903p2/rp092903p2_20_0449S.mov,hinted_092903p3/rp092903p3_20.mov,rp092903p2_wavelet_jpeg/rp092903p2_20_w.jpg,small mounds are partially developed,
092903_21,V10290,D1003_A03 (V-id,REMI,Undeterminable,Aberrant,Undeterminable,"Y (late, partial)",,partial late,,N,Undeterminable,N,Wild Type,,hinted_092903p2/rp092903p2_21_0449S.mov,hinted_092903p3/rp092903p3_21.mov,rp092903p2_wavelet_jpeg/rp092903p2_21_w.jpg,FB are seen partially,
092903_22,D1003_B03,D1003_B03,,Wild Type,target,Wild Type,Y (breakup),,,,N,Wild Type,Y,Wild Type,,hinted_092903p2/rp092903p2_22_0001S.mov,hinted_092903p3/rp092903p3_22.mov,rp092903p2_wavelet_jpeg/rp092903p2_22_w.jpg,,
092903_23,D1003_A09,D1003_A09,,Wild Type,Wildtype,Wild Type,Y,,,,Y (drop tail),Wild Type,Y,Wild Type,,hinted_092903p2/rp092903p2_23_0001S.mov,hinted_092903p3/rp092903p3_23.mov,rp092903p2_wavelet_jpeg/rp092903p2_23_w.jpg,,
092903_24,V10306,D1003_C04 (V-id,REMI,Wild Type,Wildtype,Wild Type,Y,,Y,,Y,Wild Type,Y,Wild Type,,hinted_092903p2/rp092903p2_24_0001S.mov,hinted_092903p3/rp092903p3_24.mov,rp092903p2_wavelet_jpeg/rp092903p2_24_w.jpg,,
092903_25,D1003_B08,D1003_B08,,Undeterminable,,Undeterminable,N,,N,Undeterminable,N,Undeterminable,N,Wild Type,,,,rp092903p2_wavelet_jpeg/rp092903p2_25_w.jpg,a few FB developed,
092903_26,V10317,D1003_D01 (V-id,REMI,Wild Type,Wildtype,Wild Type,Y,,,,Y,Wild Type,Y,Wild Type,,hinted_092903p2/rp092903p2_26_0001S.mov,hinted_092903p3/rp092903p3_26.mov,rp092903p2_wavelet_jpeg/rp092903p2_26_w.jpg,,
092903_27,V10310,D1003_C07 (V-id,REMI,Wild Type,Wildtype,Wild Type,Y,,Y,,Y,Wild Type,Y,Wild Type,,hinted_092903p2/rp092903p2_27_0001S.mov,hinted_092903p3/rp092903p3_27.mov,rp092903p2_wavelet_jpeg/rp092903p2_27_w.jpg,,
092903_28,V20034,D1003_D11 (V-id,HR,Undeterminable,,Wild Type,Y (breakup),,,,Y (small),Aberrant,Y,Wild Type,,hinted_092903p2/rp092903p2_28_0100S.mov,hinted_092903p3/rp092903p3_28.mov,rp092903p2_wavelet_jpeg/rp092903p2_28_w.jpg,FB small spore head,
092903_29,V10321,D1003_D04 (V-id,REMI,Aberrant,frequency,Wild Type,Y (breakup),,,,Y,Wild Type,Y,Wild Type,,hinted_092903p2/rp092903p2_29_0050S.mov,hinted_092903p3/rp092903p3_29.mov,rp092903p2_wavelet_jpeg/rp092903p2_29_w.jpg,,
092503_00,V10240,D1002_D11,REMI,Wild Type,Wildtype,Wild Type,Y,,Y,,Y (partial),Wild Type,"Y ",Wild Type,,hinted_092503/rp092503_00_0002S.mov,hinted_092503p2/rp092503p2_00.mov,rp092503_wavelet_jpeg/rp092503_00_w.jpg,slugs make abrupt turn,
092503_01,V10236,D1002_D07,REMI,Wild Type,Wildtype,Wild Type,Y,,,,Y,Wild Type,Y,Wild Type,,hinted_092503/rp092503_01_0002S.mov,hinted_092503p2/rp092503p2_01.mov,rp092503_wavelet_jpeg/rp092503_01_w.jpg,,
092503_02,V10268,D1002_G03,REMI,Aberrant,Aberrant (flipped),Wild Type,Y,,Y,,Y (leave tail),Aberrant,Y,Wild Type,,hinted_092503/rp092503_02_0002S.mov,hinted_092503p2/rp092503p2_02.mov,rp092503_wavelet_jpeg/rp092503_02_w.jpg,slugs migrate until they shed themselves off completely,
092503_03,V10253,D1002_E12,REMI,Aberrant,Aberrant,Aberrant,Y (large core),,Y,,"Y ",Aberrant,Y,Wild Type,,hinted_092503/rp092503_03_0250S.mov,hinted_092503p2/rp092503p2_03.mov,rp092503_wavelet_jpeg/rp092503_03_w.jpg,slug motion is not smooth; FB has spore head susupended in the middle of a stalk (trishanku-like),
092503_04,V10274,D1002_G09,REMI,Aberrant,minor amplitude modulation,Wild Type,Y,,,,Y,Wild Type,Y,Wild Type,,hinted_092503/rp092503_04_0350S.mov,hinted_092503p2/rp092503p2_04.mov,rp092503_wavelet_jpeg/rp092503_04_w.jpg,,
092503_05,V10271,D1002_G06,REMI,Aberrant,Aberrant (turbulent),None,N,,N,None,N,None,N,Wild Type,,hinted_092503/rp092503_05_0250S.mov,hinted_092503p2/rp092503p2_05.mov,rp092503_wavelet_jpeg/rp092503_05_w.jpg,agg-,
092503_06,V10280,D1002_H03,REMI,Aberrant,late; low frequency,Undeterminable,Y (late),,,,,None,N,Wild Type,,hinted_092503/rp092503_06_0400S.mov,hinted_092503p2/rp092503p2_06.mov,rp092503_wavelet_jpeg/rp092503_06_w.jpg,,
092503_07,V10277,D1002_G12,REMI,Aberrant,amplitude,Wild Type,Y (breakup),,,,Y,Wild Type,Y,Wild Type,,hinted_092503/rp092503_07_0002S.mov,hinted_092503p2/rp092503p2_07.mov,rp092503_wavelet_jpeg/rp092503_07_w.jpg,,
092503_08,V10286,D1002_H09,REMI,Aberrant,late,Undeterminable,Y,,,,,Aberrant,Y,Wild Type,,hinted_092503/rp092503_08_0225S.mov,hinted_092503p2/rp092503p2_08.mov,rp092503_wavelet_jpeg/rp092503_08_w.jpg,Aberrant FB many with just stalks,
092503_09,V10283,D1002_H06,REMI,Aberrant,"Aberrant (weak, sporadic)",Aberrant,Y (partial),,N,None,N,None,N,Wild Type,,hinted_092503/rp092503_09_0175S.mov,hinted_092503p2/rp092503p2_09.mov,rp092503_wavelet_jpeg/rp092503_09_w.jpg,Some flat mounds,
092503_10,V10241,D1002_D12,REMI,Wild Type,Wildtype,Aberrant,Y,,Y,,Y,Aberrant,Y,Wild Type,,hinted_092503/rp092503_10_0002S.mov,hinted_092503p2/rp092503p2_10.mov,rp092503_wavelet_jpeg/rp092503_10_w.jpg,slugger; susupended spore head (trishanku-like),
092503_11,V10238,D1002_D09,REMI,Wild Type,Wildtype,Wild Type,Y,,,,"Y ",Aberrant,Y,Wild Type,,hinted_092503/rp092503_11_0002S.mov,hinted_092503p2/rp092503p2_11.mov,rp092503_wavelet_jpeg/rp092503_11_w.jpg,low density; bad morphology slug+FB,
092503_12,V10269,D1002_G04,REMI,Aberrant,"late; weak, fragmented",Wild Type,Y (late),,Y (late),Aberrant,Y (partial),None,N,Wild Type,,hinted_092503/rp092503_12_0499S.mov,hinted_092503p2/rp092503p2_12.mov,rp092503_wavelet_jpeg/rp092503_12_w.jpg,,
092503_13,V10266,D1002_G01,REMI,None,Aberrant,None,N,,N,None,N,None,N,Wild Type,,hinted_092503/rp092503_13_0350S.mov,hinted_092503p2/rp092503p2_13.mov,rp092503_wavelet_jpeg/rp092503_13_w.jpg,agg-,
092503_14,V10275,D1002_G10,REMI,Aberrant,"Aberrant (biphasic, fragmented)",None,,,N,None,N,None,N,Wild Type,,hinted_092503/rp092503_14_0200S.mov,hinted_092503p2/rp092503p2_14.mov,rp092503_wavelet_jpeg/rp092503_14_w.jpg,agg-,
092503_15,V10272,D1002_G07,REMI,Aberrant,,None,arrested,,N,None,N,None,N,Wild Type,,hinted_092503/rp092503_15_0100S.mov,hinted_092503p2/rp092503p2_15.mov,rp092503_wavelet_jpeg/rp092503_15_w.jpg,show initial sign of streaming,
092503_16,V10281,D1002_H04,REMI,Undeterminable,late,Undeterminable,"Y ",,,,Y,Wild Type,Y,Wild Type,,hinted_092503/rp092503_16_0425S.mov,hinted_092503p2/rp092503p2_16.mov,rp092503_wavelet_jpeg/rp092503_16_w.jpg,,
092503_17,V10278,D1002_H01,REMI,Aberrant,Aberrant,Aberrant,partial,,Y,None,N,None,N,Wild Type,,hinted_092503/rp092503_17_0200S.mov,hinted_092503p2/rp092503p2_17.mov,rp092503_wavelet_jpeg/rp092503_17_w.jpg,arrested at mound stage,
092503_18,V10287,D1002_H10,REMI,Wild Type,Wildtype,Wild Type,Y (breakup),,,Aberrant,Y,Aberrant,Y,Wild Type,,hinted_092503/rp092503_18_0025S.mov,hinted_092503p2/rp092503p2_18.mov,rp092503_wavelet_jpeg/rp092503_18_w.jpg,slugs show little migration; aberrant FB,
092503_19,V10284,D1002_H07,REMI,Wild Type,Wildtype,Wild Type,Y,,,,Y,Aberrant,Y,Wild Type,,hinted_092503/rp092503_19_0025S.mov,hinted_092503p2/rp092503p2_19.mov,rp092503_wavelet_jpeg/rp092503_19_w.jpg,3-4 FB culminates from a single slug,
092503_20,V10252,D1002_E11,REMI,Wild Type,Wildtype,Wild Type,Y,,Y,Aberrant,N,None,N,Wild Type,,hinted_092503/rp092503_20_0002S.mov,hinted_092503p2/rp092503p2_20.mov,rp092503_wavelet_jpeg/rp092503_20_w.jpg,some aberrant slugs,
092503_21,V10239,D1002_D10,REMI,Wild Type,,Wild Type,Y,,,,,Undeterminable,Y,Wild Type,,hinted_092503/rp092503_21_0050S.mov,hinted_092503p2/rp092503p2_21.mov,rp092503_wavelet_jpeg/rp092503_21_w.jpg,low density,
092503_22,V10270,D1002_G05,REMI,Aberrant,Aberrant,Aberrant,Y,,,,,Aberrant,Y (partial),Wild Type,,hinted_092503/rp092503_22_0150S.mov,hinted_092503p2/rp092503p2_22.mov,rp092503_wavelet_jpeg/rp092503_22_w.jpg,,
092503_23,V10267,D1002_G02,REMI,Wild Type,Wildtype,Wild Type,some breakup,,Y,,Y,Wild Type,Y,Wild Type,,hinted_092503/rp092503_23_0025S.mov,hinted_092503p2/rp092503p2_23.mov,rp092503_wavelet_jpeg/rp092503_23_w.jpg,,
092503_24,V10276,D1002_G11,REMI,Wild Type,Wildtype,Wild Type,Y,,,,Y,Wild Type,Y,Wild Type,,hinted_092503/rp092503_24_0100S.mov,hinted_092503p2/rp092503p2_24.mov,rp092503_wavelet_jpeg/rp092503_24_w.jpg,,
092503_25,V10273,D1002_G08,REMI,Undeterminable,,Undeterminable,Y,,,,N,Undeterminable,N,Wild Type,,,,rp092503_wavelet_jpeg/rp092503_25_w.jpg,low density; some flat mound,
092503_26,V10282,D1002_H05,REMI,Undeterminable,,Aberrant,early breakup,,,,,Aberrant,Y,Wild Type,,hinted_092503/rp092503_26_0175S.mov,hinted_092503p2/rp092503p2_26.mov,rp092503_wavelet_jpeg/rp092503_26_w.jpg,Aberrant FB many with just stalks,
092503_27,V10279,D1002_H02,REMI,Undeterminable,,Undeterminable,N/A,,,,,Undeterminable,N/A,Aberrant,,,,rp092503_wavelet_jpeg/rp092503_27_w.jpg,fail to grow axenically,
092503_28,V10288,D1002_H11,REMI,Undeterminable,,Aberrant,Y (small),,,,,Aberrant,Y,Wild Type,,hinted_092503/rp092503_28_0002S.mov,hinted_092503p2/rp092503p2_28.mov,rp092503_wavelet_jpeg/rp092503_28_w.jpg,FB have a large spore head,
092503_29,V10285,D1002_H08,REMI,Aberrant,Aberrant (turbulent),None,N,,N,None,N,None,N,Wild Type,,hinted_092503/rp092503_29_0350S.mov,hinted_092503p2/rp092503p2_29.mov,rp092503_wavelet_jpeg/rp092503_29_w.jpg,agg-,
092203_00,V10207,D1002_B02,REMI,Wild Type,Wildtype,Wild Type,Y,,,,Y,Undeterminable,N,Wild Type,,hinted_092203p2/rp092203p2_00_0001S.mov,,rp092203p2_wavelet_jpeg/rp092203p2_00_w.jpg,slugger,
092203_01,V10204,D1002_A11,REMI,Aberrant,Aberrant,Wild Type,Y,,Y,,Y,Wild Type,Y,Wild Type,,hinted_092203p2/rp092203p2_01_0001S.mov,,rp092203p2_wavelet_jpeg/rp092203p2_01_w.jpg,,
092203_02,V10213,D1002_B08,REMI,Aberrant,Aberrant (extended excitation),Aberrant,,,,,Y (partial),Wild Type,Y,Wild Type,,hinted_092203p2/rp092203p2_02_0150S.mov,,rp092203p2_wavelet_jpeg/rp092203p2_02_w.jpg,,
092203_03,V10210,D1002_B05,REMI,None,,None,N,,N,,N,None,N,Wild Type,,,,rp092203p2_wavelet_jpeg/rp092203p2_03_w.jpg,,
092203_04,V10220,D1002_C03,REMI,,,Wild Type,Y,,,,Y,Wild Type,Y,Wild Type,,hinted_092203p2/rp092203p2_04_0001S.mov,,rp092203p2_wavelet_jpeg/rp092203p2_04_w.jpg,,
092203_05,V10216,D1002_B11,REMI,Wild Type,Wildtype,Wild Type,Y,,N,,Y,Wild Type,Y,Wild Type,,hinted_092203p2/rp092203p2_05_0001S.mov,,rp092203p2_wavelet_jpeg/rp092203p2_05_w.jpg,,
092203_06,V10226,D1002_C09,REMI,Undeterminable,Aberrant (biphasic),Undeterminable,Y (huge),,,Aberrant,Y (Aberrant),None,N,Wild Type,,hinted_092203p2/rp092203p2_06_0150S.mov,,rp092203p2_wavelet_jpeg/rp092203p2_06_w.jpg,low density,
092203_07,V10223,D1002_C06,REMI,Undeterminable,,Aberrant,breakup,,,,,Wild Type,Y,Wild Type,,hinted_092203p2/rp092203p2_07_0050S.mov,,rp092203p2_wavelet_jpeg/rp092203p2_07_w.jpg,uneven size,
092203_08,V10233,D1002_D04,REMI,None,,None,N,,N,,N,None,N,Wild Type,,,,rp092203p2_wavelet_jpeg/rp092203p2_08_w.jpg,low density,
092203_09,V10229,D1002_C12,REMI,Aberrant,Aberrant (biphasic),Aberrant,Y,,N,,Y,None,N,Wild Type,,hinted_092203p2/rp092203p2_09_0025S.mov,,rp092203p2_wavelet_jpeg/rp092203p2_09_w.jpg,slugger,
092203_10,V10208,D1002_B03,REMI,Wild Type,Wildtype,Wild Type,Y,,,,Y,Wild Type,Y,Wild Type,,hinted_092203p2/rp092203p2_10_0001S.mov,,rp092203p2_wavelet_jpeg/rp092203p2_10_w.jpg,,
092203_11,V10205,D1002_A12,REMI,Wild Type,Wildtype,Wild Type,Y,,,,Y (Aberrant),None,N,Wild Type,,hinted_092203p2/rp092203p2_11_0001S.mov,,rp092203p2_wavelet_jpeg/rp092203p2_11_w.jpg,,
092203_12,V10214,D1002_B09,REMI,Aberrant,large territory,Aberrant,Y (huge),,,Aberrant,Y (Aberrant),Undeterminable,N,Wild Type,,hinted_092203p2/rp092203p2_12_0001S.mov,,rp092203p2_wavelet_jpeg/rp092203p2_12_w.jpg,slugger,
092203_13,V10211,D1002_B06,REMI,Aberrant,low frequency,Undeterminable,uneven plating,,,,,Aberrant,Y,Wild Type,,hinted_092203p2/rp092203p2_13_0001S.mov,,rp092203p2_wavelet_jpeg/rp092203p2_13_w.jpg,glassy spore heads,
092203_14,V10221,D1002_C04,REMI,Aberrant,Amplitude modulation; high frequency,Wild Type,Y,,Y,Aberrant,Y (Aberrant),Aberrant,Y (Aberrant),Wild Type,,hinted_092203p2/rp092203p2_14_0001S.mov,,rp092203p2_wavelet_jpeg/rp092203p2_14_w.jpg,,
092203_15,V10217,D1002_B12,REMI,Wild Type,Wildtype,Aberrant,some delay,,,,Y,Wild Type,Y,Wild Type,,hinted_092203p2/rp092203p2_15_0001S.mov,,rp092203p2_wavelet_jpeg/rp092203p2_15_w.jpg,,
092203_16,V10227,D1002_C10,REMI,None,,None,N,,,,N,None,N,Wild Type,,hinted_092203p2/rp092203p2_16_0001S.mov,,rp092203p2_wavelet_jpeg/rp092203p2_16_w.jpg,,
092203_17,V10224,D1002_C07,REMI,Aberrant,,Wild Type,Y,,Y,,Y,Wild Type,Y,Wild Type,,hinted_092203p2/rp092203p2_17_0001S.mov,,rp092203p2_wavelet_jpeg/rp092203p2_17_w.jpg,,
092203_18,V10234,D1002_D05,REMI,Wild Type,Wildtype,Aberrant,Y (breakup),,Y,None,N,None,N,Wild Type,,hinted_092203p2/rp092203p2_18_0001S.mov,,rp092203p2_wavelet_jpeg/rp092203p2_18_w.jpg,arrested at mound,
092203_19,V10230,D1002_D01,REMI,Wild Type,Wildtype,Wild Type,Y,Aberrant,Y (ring),,Y (Aberrant),Aberrant,Y (Aberrant),Wild Type,,hinted_092203p2/rp092203p2_19_0001S.mov,,rp092203p2_wavelet_jpeg/rp092203p2_19_w.jpg,late?,
092203_20,V10209,D1002_B04,REMI,Wild Type,Wildtype,Wild Type,Y,,,,Y,None,N,Wild Type,,hinted_092203p2/rp092203p2_20_0001S.mov,,rp092203p2_wavelet_jpeg/rp092203p2_20_w.jpg,slugger,
092203_21,V10206,D1002_B01,REMI,Wild Type,Wildtype,Wild Type,Y,,Y,,Y,Wild Type,Y,Wild Type,,hinted_092203p2/rp092203p2_21_0001S.mov,,rp092203p2_wavelet_jpeg/rp092203p2_21_w.jpg,,
092203_22,V10215,D1002_B10,REMI,Wild Type,Wildtype,Wild Type,Y,,,,Y,Wild Type,Y,Wild Type,,hinted_092203p2/rp092203p2_22_0001S.mov,,rp092203p2_wavelet_jpeg/rp092203p2_22_w.jpg,,
092203_23,V10212,D1002_B07,REMI,Aberrant,,Wild Type,Y,,,None,N,Aberrant,Y (Aberrant),Wild Type,,hinted_092203p2/rp092203p2_23_0001S.mov,,rp092203p2_wavelet_jpeg/rp092203p2_23_w.jpg,cellular stalk,
092203_24,V10222,D1002_C05,REMI,Wild Type,Wildtype,Wild Type,Y,,,,Y,Wild Type,Y,Wild Type,,hinted_092203p2/rp092203p2_24_0001S.mov,,rp092203p2_wavelet_jpeg/rp092203p2_24_w.jpg,,
092203_25,V10218,D1002_C01,REMI,Wild Type,Wildtype,Undeterminable,Y (breakup),,,,Y,Wild Type,Y,Wild Type,,hinted_092203p2/rp092203p2_25_0001S.mov,,rp092203p2_wavelet_jpeg/rp092203p2_25_w.jpg,,
092203_26,V10228,D1002_C11,REMI,Aberrant,spiral turbulence,Wild Type,Y,,Y,None,N,None,N,Wild Type,,hinted_092203p2/rp092203p2_26_0001S.mov,,rp092203p2_wavelet_jpeg/rp092203p2_26_w.jpg,some stalk-like structures,
092203_27,V10225,D1002_C08,REMI,Wild Type,Wildtype,Wild Type,Y (partial breakup),,,,Y (?),Wild Type,Y,Wild Type,,hinted_092203p2/rp092203p2_27_0001S.mov,,rp092203p2_wavelet_jpeg/rp092203p2_27_w.jpg,async,
092203_28,V10235,D1002_D06,REMI,Undeterminable,Wildtype(late),Undeterminable,Y (late),,Y (partial),Aberrant,Y (partial),Aberrant,Y (partial),Wild Type,,hinted_092203p2/rp092203p2_28_0300S.mov,,rp092203p2_wavelet_jpeg/rp092203p2_28_w.jpg,only a few small thin slugs,
092203_29,V10231,D1002_D02,REMI,Wild Type,Wildtype,Undeterminable,Y,,,,Y,Wild Type,Y,Wild Type,,hinted_092203p2/rp092203p2_29_0100S.mov,,rp092203p2_wavelet_jpeg/rp092203p2_29_w.jpg,,
091703_00,V10198,D1002_A05,REMI,Aberrant,Aberrant,Undeterminable,Y (small),,Y,,Y,Wild Type,Y,Wild Type,,hinted_091703/rp091703_00_0025S.mov,,rp091703_wavelet_jpeg/rp091703_00_w.jpg,,
091703_01,V10194,D1002_A01,REMI,Wild Type,Wildtype,Wild Type,Y,Aberrant,Y (ring),,Y,Wild Type,Y,Wild Type,,hinted_091703/rp091703_01_0001S.mov,,rp091703_wavelet_jpeg/rp091703_01_w.jpg,,
091703_02,V10243,D1002_E02,REMI,Aberrant,amplitude,Wild Type,Y,,,,Y (drop tail),Aberrant,Y (long tail),Wild Type,,hinted_091703/rp091703_02_0025S.mov,,rp091703_wavelet_jpeg/rp091703_02_w.jpg,,
091703_03,V10201,D1002_A08,REMI,Aberrant,amplitude modulation,Wild Type,Y (small),,,Aberrant,Aberrant,None,N,Wild Type,,hinted_091703/rp091703_03_0001S.mov,,rp091703_wavelet_jpeg/rp091703_03_w.jpg,Cellular structure that look like FB,
091703_04,V10249,D1002_E08,REMI,Undeterminable,Local pulsing?,Undeterminable,N,,Y (partial),None,N,Aberrant,Y (partial),Wild Type,,,,rp091703_wavelet_jpeg/rp091703_04_w.jpg,,
091703_05,V10246,D1002_E05,REMI,Aberrant,Aberrant (oscillatory?),Aberrant,N,,Y (small),,Y,Wild Type,Y,Wild Type,,hinted_091703/rp091703_05_0050S.mov,,rp091703_wavelet_jpeg/rp091703_05_w.jpg,,
091703_06,V10257,D1002_F04,REMI,Undeterminable,modulated amplitude,Undeterminable,Y (deformed),,Y (late),,,Wild Type,Y,Wild Type,,hinted_091703/rp091703_06_0175S.mov,,rp091703_wavelet_jpeg/rp091703_06_w.jpg,low cell density,
091703_07,V10254,D1002_F01,REMI,Wild Type,,Wild Type,Y,,Y,,Y,Wild Type,Y,Wild Type,,hinted_091703/rp091703_07_0001S.mov,,rp091703_wavelet_jpeg/rp091703_07_w.jpg,no response to light,
091703_08,V10263,D1002_F10,REMI,Wild Type,,Wild Type,Y,,Y,,Y,Wild Type,Y,Wild Type,,hinted_091703/rp091703_08_0125S.mov,,rp091703_wavelet_jpeg/rp091703_08_w.jpg,,
091703_09,V10260,D1002_F07,REMI,Aberrant,spiral turbulence,Wild Type,Y,,Y,Aberrant,Y,Wild Type,Y,Wild Type,,hinted_091703/rp091703_09_0001S.mov,,rp091703_wavelet_jpeg/rp091703_09_w.jpg,squary slug; asynchronous development,
091703_10,V10199,D1002_A06,REMI,Aberrant,bulk oscillations; low frequency,None,N,,N,,N,None,N,Wild Type,,hinted_091703/rp091703_10_0075S.mov,,rp091703_wavelet_jpeg/rp091703_10_w.jpg,"one or two FB ",
091703_11,V10195,D1002_A02,REMI,Undeterminable,Aberrant (biphasic),Aberrant,Y (breakup),,,Aberrant,Y (small),Aberrant,Y (partial),Wild Type,,hinted_091703/rp091703_11_0200S.mov,,rp091703_wavelet_jpeg/rp091703_11_w.jpg,low cell density,
091703_12,V10244,D1002_E03,REMI,Undeterminable,,Undeterminable,Y,,Y,Aberrant,Aberrant,Aberrant,Y,Wild Type,,hinted_091703/rp091703_12_0125S.mov,,rp091703_wavelet_jpeg/rp091703_12_w.jpg,thin stalky FB; almost no migration,
091703_13,V10203,D1002_A10,REMI,Wild Type,Wildtype,Wild Type,Y,,Y,,Y,Aberrant,,Wild Type,,hinted_091703/rp091703_13_0100S.mov,,rp091703_wavelet_jpeg/rp091703_13_w.jpg,low cell density; slugger,
091703_14,V10250,D1002_E09,REMI,Wild Type,Wildtype,Wild Type,Y,,Y (arrested),,N,None,N,Wild Type,,hinted_091703/rp091703_14_0025S.mov,,rp091703_wavelet_jpeg/rp091703_14_w.jpg,,
091703_15,V10247,D1002_E06,REMI,Aberrant,weak,Aberrant,N,,Y (arrested),,N,None,N,Wild Type,,hinted_091703/rp091703_15_0050S.mov,,rp091703_wavelet_jpeg/rp091703_15_w.jpg,,
091703_16,V10258,D1002_F05,REMI,Aberrant,noisy,Aberrant,N,,Y (arrested),,N,Aberrant,N,Wild Type,,hinted_091703/rp091703_16_0001S.mov,,rp091703_wavelet_jpeg/rp091703_16_w.jpg,stalk only FB,
091703_17,V10255,D1002_F02,REMI,Undeterminable,,Undeterminable,N,,N,Undeterminable,N,Undeterminable,N,Wild Type,,,,rp091703_wavelet_jpeg/rp091703_17_w.jpg,agg-,
091703_18,V10264,D1002_F11,REMI,Aberrant,Aberrant (large core),Aberrant,Y,,N,,N,None,N,Wild Type,,hinted_091703/rp091703_18_0400S.mov,,rp091703_wavelet_jpeg/rp091703_18_w.jpg,,
091703_19,V10261,D1002_F08,REMI,Aberrant,,Wild Type,Y (small),,Y (arrested),,N,None,N,Wild Type,,hinted_091703/rp091703_19_0050S.mov,,rp091703_wavelet_jpeg/rp091703_19_w.jpg,,
091703_20,V10200,D1002_A07,REMI,Aberrant,amplitude,Wild Type,Y (breakup),,,Aberrant,Aberrant,Wild Type,"Y ",Wild Type,,hinted_091703/rp091703_20_0001S.mov,,rp091703_wavelet_jpeg/rp091703_20_w.jpg,"culmination without migration ",
091703_21,V10197,D1002_A04,REMI,Wild Type,,Wild Type,Y,,Y,None,N,Aberrant,Y,Wild Type,,hinted_091703/rp091703_21_0001S.mov,,rp091703_wavelet_jpeg/rp091703_21_w.jpg,yellowing of agar; regA-null like FB,
091703_22,V10245,D1002_E04,REMI,None,,None,N,,N,None,N,None,N,Wild Type,,,,rp091703_wavelet_jpeg/rp091703_22_w.jpg,agg-,
091703_23,V10242,D1002_E01,REMI,Wild Type,,Wild Type,Y,,Y (arrested),None,N,None,N,Wild Type,,hinted_091703/rp091703_23_0125S.mov,,rp091703_wavelet_jpeg/rp091703_23_w.jpg,low cell density,
091703_24,V10251,D1002_E10,REMI,Wild Type,Wildtype,Wild Type,Y (breakup),,,,Y (small),Wild Type,Y,Wild Type,,hinted_091703/rp091703_24_0001S.mov,,rp091703_wavelet_jpeg/rp091703_24_w.jpg,low cell density; trichanku like FB,
091703_25,V10248,D1002_E07,REMI,Wild Type,Wildtype,Wild Type,Y,,Y,,"Y ",Wild Type,Y,Wild Type,,hinted_091703/rp091703_25_0025S.mov,,rp091703_wavelet_jpeg/rp091703_25_w.jpg,,
091703_26,V10259,D1002_F06,REMI,Wild Type,High amplitude,Aberrant,Y,,Y (ring),,"Y ",Wild Type,Y,Wild Type,,hinted_091703/rp091703_26_0100S.mov,,rp091703_wavelet_jpeg/rp091703_26_w.jpg,,
091703_27,V10256,D1002_F03,REMI,Aberrant,low frequency,Aberrant,Y (deformed),,Y,,Y (small),Wild Type,Y,Wild Type,,hinted_091703/rp091703_27_0100S.mov,,rp091703_wavelet_jpeg/rp091703_27_w.jpg,,
091703_28,V10265,D1002_F12,REMI,Aberrant,High amplitude,Wild Type,Y,,Y,,Y,Wild Type,Y,Wild Type,,hinted_091703/rp091703_28_0150S.mov,,rp091703_wavelet_jpeg/rp091703_28_w.jpg,prolonged excitation,
091703_29,V10262,D1002_F09,REMI,Wild Type,Wildtype,Wild Type,Y,,Y,,"Y ",Wild Type,Y,Wild Type,,hinted_091703/rp091703_29_0025S.mov,,rp091703_wavelet_jpeg/rp091703_29_w.jpg,,
081303_01,V10670,18-E5,REMI,Wild Type,target,Wild Type,Y (small),,,,Y (small),Wild Type,Y,Wild Type,,hinted_081303/rp081303_01_0050S.mov,,rp081303_wavelet_jpeg/rp081303_01_w.jpg,,
081303_00,V10664,18-F12,REMI,Wild Type,,Wild Type,Y,,,,Y,Wild Type,Y,Wild Type,,hinted_081303/rp081303_00_0050S.mov,,rp081303_wavelet_jpeg/rp081303_00_w.jpg,,
081303_02,V10679,42-C2,REMI,Wild Type,target,Wild Type,Y (breakup),,,,"Y (small, rapid dev)",Wild Type,Y,Wild Type,,hinted_081303/rp081303_02_0050S.mov,,rp081303_wavelet_jpeg/rp081303_02_w.jpg,,
081303_03,V10695,42-A10,REMI,Wild Type,,Undeterminable,Y (heterogeneous),,,,Y (small),Wild Type,Y,Wild Type,,hinted_081303/rp081303_03_0050S.mov,,rp081303_wavelet_jpeg/rp081303_03_w.jpg,,
081303_04,V10678,42-G7,REMI,Wild Type,,Wild Type,breakup,,,,Y,Wild Type,Y,Wild Type,,hinted_081303/rp081303_04_0075S.mov,,rp081303_wavelet_jpeg/rp081303_04_w.jpg,,
081303_05,V10681,42-F6,REMI,Wild Type,,Wild Type,breakup,,,,Y (extremely small),Wild Type,Y,Wild Type,,hinted_081303/rp081303_05_0050S.mov,,rp081303_wavelet_jpeg/rp081303_05_w.jpg,,
062403_03,V10695,42-A10,REMI,Wild Type,Y,Wild Type,Y (breakup),,,,y (drop tail),,,Wild Type,,hinted_062403/rp062403_03_0150S.mov,,rp062403_wavelet_jpeg/rp062403_03_w.jpg,,
062403_04,V10678,42-G7,REMI,Undeterminable,,Undeterminable,,,,,,,,Wild Type,,,,rp062403_wavelet_jpeg/rp062403_04_w.jpg,low cell density,
081303_10,V10676,42-A1,REMI,Aberrant,,Undeterminable,Y (irregular),,,,N (rapid dev),Wild Type,Y,Wild Type,,hinted_081303/rp081303_10_0001S.mov,,rp081303_wavelet_jpeg/rp081303_10_w.jpg,,
081303_11,V10651,18-F3,REMI,Aberrant,weak; low freq,Wild Type,asynchronous,,,,"Y (slugger, response to light)",Undeterminable,,Wild Type,,hinted_081303/rp081303_11_0100S.mov,,rp081303_wavelet_jpeg/rp081303_11_w.jpg,,
081303_12,V10697,42-C8,REMI,Undeterminable,,Wild Type,Y,,,,Y (drop tail),Wild Type,Y,Wild Type,,hinted_081303/rp081303_12_0050S.mov,,rp081303_wavelet_jpeg/rp081303_12_w.jpg,,
081303_13,V10688,42-A11,REMI,Wild Type,,Wild Type,Y (breakup),,,,Y (small),Wild Type,Y,Wild Type,,hinted_081303/rp081303_13_0025S.mov,,rp081303_wavelet_jpeg/rp081303_13_w.jpg,,
081303_14,V10685,42-G8,REMI,Wild Type,,Wild Type,Y (breakup),,,,Y (small),Wild Type,Y,Wild Type,,hinted_081303/rp081303_14_0025S.mov,,rp081303_wavelet_jpeg/rp081303_14_w.jpg,,
081303_15,V10682,42-F9,REMI,None,,None,"N ",,,None,N,None,N,Wild Type,,,,rp081303_wavelet_jpeg/rp081303_15_w.jpg,agg-,
062403_02,V10679,42-C2,REMI,Wild Type,Y,Wild Type,Y (small),,,,Y (drop tail),Wild Type,y,Wild Type,,hinted_062403/rp062403_02_0052S.mov,,rp062403_wavelet_jpeg/rp062403_02_w.jpg,,
081303_20,V10696,42-A6,REMI,Undeterminable,,Wild Type,breakup,,,,Y,Wild Type,Y,Wild Type,,hinted_081303/rp081303_20_0050S.mov,,rp081303_wavelet_jpeg/rp081303_20_w.jpg,,
081303_21,V10650,18-F5,REMI,Aberrant,,Aberrant,partial,,,,Y (async),Wild Type,Y,Wild Type,,hinted_081303/rp081303_21_0150S.mov,,rp081303_wavelet_jpeg/rp081303_21_w.jpg,,
081303_22,V10680,42-F1,REMI,Wild Type,,Wild Type,Y,,,,Y,Wild Type,Y,Wild Type,,hinted_081303/rp081303_22_0025S.mov,,rp081303_wavelet_jpeg/rp081303_22_w.jpg,,
081303_23,V10692,42-B5,REMI,Wild Type,,Wild Type,Y (breakup),,,,Y,Wild Type,Y,Wild Type,,hinted_081303/rp081303_23_0025S.mov,,rp081303_wavelet_jpeg/rp081303_23_w.jpg,,
081303_24,V10684,42-H5,REMI,Undeterminable,,Undeterminable,small territory,,,,Y (extremely small),Wild Type,Y,Wild Type,,hinted_081303/rp081303_24_0025S.mov,,rp081303_wavelet_jpeg/rp081303_24_w.jpg,low density,
081303_25,V10694,42-G3,REMI,Wild Type,,Wild Type,Y (breakup),,,,Y,Wild Type,Y,Wild Type,,hinted_081303/rp081303_25_0050S.mov,,rp081303_wavelet_jpeg/rp081303_25_w.jpg,,
062403_00,V10664,18-F12,REMI,Wild Type,Y,Wild Type,large territory,,,,Y,Wild Type,Y,Wild Type,,hinted_062403/rp062403_00_0050S.mov,,rp062403_wavelet_jpeg/rp062403_00_w.jpg,,
062403_01,V10670,18-E5,REMI,Wild Type,Y (ASYNC),Wild Type,asynchronous,,,,Y,Wild Type,Y,Wild Type,,hinted_062403/rp062403_01_0150S.mov,,rp062403_wavelet_jpeg/rp062403_03_w.jpg,,
062403_05,V10681,42-F6,REMI,Wild Type,Y,Wild Type,Y (breakup),,,,Y,Wild Type,Y,Wild Type,,hinted_062403/rp062403_05_0100S.mov,,rp062403_wavelet_jpeg/rp062403_05_w.jpg,,
062403_10,V10676,42-A1,REMI,Wild Type,Y,Wild Type,Y,,,,Y (drop tail),Wild Type,Y,Wild Type,,hinted_062403/rp062403_10_0075S.mov,,rp062403_wavelet_jpeg/rp062403_10_w.jpg,,
062403_11,V10651,18-F3,REMI,Aberrant,Y (async),Wild Type,asynchronous,,,,Y (response to light),,,Wild Type,,hinted_062403/rp062403_11_0075S.mov,,rp062403_wavelet_jpeg/rp062403_11_w.jpg,,
062403_12,V10697,42-C8,REMI,Wild Type,Y,Wild Type,Y (breakup),,,,y (drop tail),Wild Type,Y,Wild Type,,hinted_062403/rp062403_12_0050S.mov,,rp062403_wavelet_jpeg/rp062403_12_w.jpg,,
062403_13,V10688,42-A11,REMI,Wild Type,Y,Wild Type,Y (breakup),,,,Y (drop tail),Wild Type,Y,Wild Type,,hinted_062403/rp062403_13_0075S.mov,,rp062403_wavelet_jpeg/rp062403_13_w.jpg,,
062403_14,V10685,42-G8,REMI,Wild Type,Y,Wild Type,Y (breakup),,,,Y (drop tail),Wild Type,Y,Wild Type,,hinted_062403/rp062403_14_0100S.mov,,rp062403_wavelet_jpeg/rp062403_14_w.jpg,,
062403_15,V10682,42-F9,REMI,Aberrant,N (some local activity),None,N,,N (I see one),None,N,None,N,Wild Type,,,,rp062403_wavelet_jpeg/rp062403_15_w.jpg,agg-,
062403_20,V10696,42-A6,REMI,Wild Type,Y,Wild Type,Y,,,,Y,Wild Type,Y,Wild Type,,hinted_062403/rp062403_20_0050S.mov,,rp062403_wavelet_jpeg/rp062403_20_w.jpg,,
062403_21,V10650,18-F5,REMI,Undeterminable,Y,Wild Type,Y,,,,Y (some response to light),Undeterminable,,Wild Type,,hinted_062403/rp062403_21_0125S.mov,,rp062403_wavelet_jpeg/rp062403_21_w.jpg,low cell density,
062403_22,V10680,42-F1,REMI,Wild Type,Y (target),Wild Type,Y,,,,Y (drop tail),Wild Type,Y,Wild Type,,hinted_062403/rp062403_22_0075S.mov,,rp062403_wavelet_jpeg/rp062403_22_w.jpg,,
062403_23,V10692,42-B5,REMI,Wild Type,Y (target),Wild Type,Y,,,,Y,Wild Type,Y,Wild Type,,hinted_062403/rp062403_23_0050S.mov,,rp062403_wavelet_jpeg/rp062403_23_w.jpg,,
062403_24,V10684,42-H5,REMI,Wild Type,Y (target),Wild Type,Y,,,,Y (drop tail),Wild Type,Y,Wild Type,,hinted_062403/rp062403_24_0075S.mov,,rp062403_wavelet_jpeg/rp062403_24_w.jpg,,
062403_25,V10694,42-G3,REMI,Wild Type,Y,Wild Type,Y,,,,Y (drop tail),Wild Type,Y,Wild Type,,hinted_062403/rp062403_25_0075S.mov,,rp062403_wavelet_jpeg/rp062403_25_w.jpg,,
010504_00,V30359,D1015_E11,REMI,Wild Type,?,Wild Type,Y (late),,,,Y (drop tails),Wild Type,Y,Wild Type,,hinted_010504/rp010504_00_0100S.mov,hinted_010504_slug/rp010504p2_00.mov,rp010504_wavelet_jpeg/rp010504_00_w.jpg,,
010504_01,V30356,D1015_E08,REMI,Wild Type,heterogeneous,Wild Type,Y (breakup),,,,Y (drop tails),Wild Type,Y,Wild Type,,hinted_010504/rp010504_01_0002S.mov,hinted_010504_slug/rp010504p2_01.mov,rp010504_wavelet_jpeg/rp010504_01_w.jpg,,
010504_02,V30365,D1015_F05,REMI,Wild Type,Wildtype,Wild Type,Y (breakup),,,,Y (small),Wild Type,Y,Wild Type,,hinted_010504/rp010504_02_0002S.mov,hinted_010504_slug/rp010504p2_02.mov,rp010504_wavelet_jpeg/rp010504_02_w.jpg,,
010504_03,V30362,D1015_F02,REMI,Wild Type,Wildtype,Wild Type,Y (breakup),,,,Y (drop tails),Wild Type,Y,Wild Type,,hinted_010504/rp010504_03_0002S.mov,hinted_010504_slug/rp010504p2_03.mov,rp010504_wavelet_jpeg/rp010504_03_w.jpg,,
010504_04,V30371,D1015_F11,REMI,Wild Type,Wildtype,Wild Type,Y,,partial arrest,,N,Aberrant,Aberrant (partial),Wild Type,,hinted_010504/rp010504_04_0002S.mov,hinted_010504_slug/rp010504p2_04.mov,rp010504_wavelet_jpeg/rp010504_04_w.jpg,,
010504_05,V30368,D1015_F08,REMI,Aberrant,? (noisy),Aberrant,Aberrant,,,,Y (small),Undeterminable,Y (small FB),Aberrant,,hinted_010504/rp010504_05_0025S.mov,hinted_010504_slug/rp010504p2_05.mov,rp010504_wavelet_jpeg/rp010504_05_w.jpg,medium low cell density; high ratio of large cells (possilbly multi-nucleate) during axenic growth,
010504_06,V30377,D1015_G05,REMI,Wild Type,Wildtype,Wild Type,Y (breakup),,,,Y (small),Wild Type,Y,Wild Type,,hinted_010504/rp010504_06_0050S.mov,hinted_010504_slug/rp010504p2_06.mov,rp010504_wavelet_jpeg/rp010504_06_w.jpg,,
010504_07,V30374,D1015_G02,REMI,Wild Type,Wildtype,Wild Type,Y (breakup),,,,Y (drop tails),Wild Type,Y,Wild Type,,hinted_010504/rp010504_07_0002S.mov,hinted_010504_slug/rp010504p2_07.mov,rp010504_wavelet_jpeg/rp010504_07_w.jpg,,
010504_08,V30383,D1015_G11,REMI,Wild Type,? (noise-free),Wild Type,Y (no breakup),,,,Y (drop tails),Wild Type,Y,Wild Type,,hinted_010504/rp010504_08_0025S.mov,hinted_010504_slug/rp010504p2_08.mov,rp010504_wavelet_jpeg/rp010504_08_w.jpg,,
010504_09,V30380,D1015_G08,REMI,Wild Type,Wildtype,Wild Type,,,,,Y (drop tails),Wild Type,Y,Wild Type,,hinted_010504/rp010504_09_0025S.mov,hinted_010504_slug/rp010504p2_09.mov,rp010504_wavelet_jpeg/rp010504_09_w.jpg,,
010504_10,V30360,D1015_E12,REMI,Wild Type,Wildtype,Wild Type,Y (breakup),,,,Y (drop tails),Wild Type,Y,Wild Type,,hinted_010504/rp010504_10_0002S.mov,hinted_010504_slug/rp010504p2_10.mov,rp010504_wavelet_jpeg/rp010504_10_w.jpg,,
010504_11,V30357,D1015_E09,REMI,Wild Type,Wildtype,Wild Type,Y (breakup),,,,Y (drop tails),Wild Type,Y,Wild Type,,hinted_010504/rp010504_11_0002S.mov,hinted_010504_slug/rp010504p2_11.mov,rp010504_wavelet_jpeg/rp010504_11_w.jpg,,
010504_12,V30366,D1015_F06,REMI,Undeterminable,?,Aberrant,,,partial arrest,,Y (extremely small),Undeterminable,Y (small FB),Aberrant,,,hinted_010504_slug/rp010504p2_12.mov,rp010504_wavelet_jpeg/rp010504_12_w.jpg,low cell density; due to cells detaching easily during medium change,
010504_13,V30363,D1015_F03,REMI,Wild Type,Wildtype,Wild Type,Y (breakup),,,,Y (drop tails),Wild Type,Y,Wild Type,,hinted_010504/rp010504_13_0002S.mov,hinted_010504_slug/rp010504p2_13.mov,rp010504_wavelet_jpeg/rp010504_13_w.jpg,,
010504_14,V30372,D1015_F12,REMI,Aberrant,high amplitude,Aberrant,Y,,,,Y (small),Wild Type,Y,Wild Type,,hinted_010504/rp010504_14_0050S.mov,hinted_010504_slug/rp010504p2_14.mov,rp010504_wavelet_jpeg/rp010504_14_w.jpg,contraction wave in late streaming,
010504_15,V30369,D1015_F09,REMI,Wild Type,Wildtype,Wild Type,Y (breakup),,,,Y (drop tails),Wild Type,Y,Wild Type,,hinted_010504/rp010504_15_0002S.mov,hinted_010504_slug/rp010504p2_15.mov,rp010504_wavelet_jpeg/rp010504_15_w.jpg,,
010504_16,V30378,D1015_G06,REMI,Aberrant,late development,None,N,,,Undeterminable,?,Undeterminable,Y (small FB),Aberrant,,hinted_010504/rp010504_16_0450S.mov,hinted_010504_slug/rp010504p2_16.mov,rp010504_wavelet_jpeg/rp010504_16_w.jpg,medium low cell density; attachement problem during axenic growth?,
010504_17,V30375,D1015_G03,REMI,Wild Type,Wildtype,Wild Type,Y (breakup),,,,Y (drop tails),Wild Type,Y,Wild Type,,hinted_010504/rp010504_17_0025S.mov,hinted_010504_slug/rp010504p2_17.mov,rp010504_wavelet_jpeg/rp010504_17_w.jpg,,
010504_18,V30384,D1015_G12,REMI,Wild Type,Wildtype,Wild Type,Y (breakup),,,,Y (drop tails),Wild Type,Y,Wild Type,,hinted_010504/rp010504_18_0002S.mov,hinted_010504_slug/rp010504p2_18.mov,rp010504_wavelet_jpeg/rp010504_18_w.jpg,,
010504_19,V30381,D1015_G09,REMI,Wild Type,Wildtype,Wild Type,Y (breakup),,,,Y (drop tails),Wild Type,Y,Wild Type,,hinted_010504/rp010504_19_0025S.mov,hinted_010504_slug/rp010504p2_19.mov,rp010504_wavelet_jpeg/rp010504_19_w.jpg,,
010504_20,V30361,D1015_F01,REMI,Wild Type,Wildtype,Wild Type,Y (breakup),,,,Y (drop tails),Wild Type,Y,Wild Type,,hinted_010504/rp010504_20_0002S.mov,hinted_010504_slug/rp010504p2_20.mov,rp010504_wavelet_jpeg/rp010504_20_w.jpg,,
010504_21,V30358,D1015_E10,REMI,Wild Type,Wildtype,Wild Type,Y (breakup),,,,Y (drop tails),Wild Type,Y,Wild Type,,hinted_010504/rp010504_21_0002S.mov,hinted_010504_slug/rp010504p2_21.mov,rp010504_wavelet_jpeg/rp010504_21_w.jpg,,
010504_22,V30367,D1015_F07,REMI,Wild Type,Wildtype,Wild Type,Y (breakup),,,,Y (drop tails),Wild Type,Y,Wild Type,,hinted_010504/rp010504_22_0002S.mov,hinted_010504_slug/rp010504p2_22.mov,rp010504_wavelet_jpeg/rp010504_22_w.jpg,,
010504_23,V30364,D1015_F04,REMI,Wild Type,Wildtype,Wild Type,Y (breakup),,,,Y (drop tails),Wild Type,Y,Wild Type,,hinted_010504/rp010504_23_0002S.mov,hinted_010504_slug/rp010504p2_23.mov,rp010504_wavelet_jpeg/rp010504_23_w.jpg,,
010504_24,V30373,D1015_G01,REMI,Wild Type,target,Aberrant,Y (aberrant),,,,?,Wild Type,Y,Wild Type,,hinted_010504/rp010504_24_0002S.mov,hinted_010504_slug/rp010504p2_24.mov,rp010504_wavelet_jpeg/rp010504_24_w.jpg,,
010504_25,V30370,D1015_F10,REMI,Wild Type,Wildtype,Wild Type,Y (no breakup),,Y,,Y (drop tails),Wild Type,Y,Wild Type,,hinted_010504/rp010504_25_0002S.mov,hinted_010504_slug/rp010504p2_25.mov,rp010504_wavelet_jpeg/rp010504_25_w.jpg,,
010504_26,V30379,D1015_G07,REMI,Wild Type,Wildtype,Wild Type,Y (breakup),,,,Y (drop tails),Wild Type,Y,Wild Type,,hinted_010504/rp010504_26_0002S.mov,hinted_010504_slug/rp010504p2_26.mov,rp010504_wavelet_jpeg/rp010504_26_w.jpg,,
010504_27,V30376,D1015_G04,REMI,Wild Type,Wildtype,Wild Type,Y (no breakup),,,,Y (drop tails),Wild Type,Y,Wild Type,,hinted_010504/rp010504_27_0002S.mov,hinted_010504_slug/rp010504p2_27.mov,rp010504_wavelet_jpeg/rp010504_27_w.jpg,,
010504_28,V30385,D1015_H01,REMI,Wild Type,Wildtype,Wild Type,Y (no breakup),,,,Y (drop tails),Wild Type,Y,Wild Type,,hinted_010504/rp010504_28_0002S.mov,hinted_010504_slug/rp010504p2_28.mov,rp010504_wavelet_jpeg/rp010504_28_w.jpg,,
010504_29,V30382,D1015_G10,REMI,Wild Type,Wildtype,Wild Type,Y (breakup),,,,Y (drop tails),Wild Type,Y,Wild Type,,hinted_010504/rp010504_29_0002S.mov,hinted_010504_slug/rp010504p2_29.mov,rp010504_wavelet_jpeg/rp010504_29_w.jpg,,
011304_00,V30401,D1016_,REMI,Wild Type,,Wild Type,,,,,Y (drop tails),Wild Type,Y,Wild Type,,hinted_011304/rp011304_00_0050S.mov,hinted_011304_slug/rp011304p2_00.mov,rp011304_wavelet_jpeg/rp011304_00_w.jpg,,
011304_01,V30404,D1016_,REMI,Wild Type,,Wild Type,,,,,Y (drop tails),Wild Type,Y,Wild Type,,hinted_011304/rp011304_01_0125S.mov,hinted_011304_slug/rp011304p2_01.mov,rp011304_wavelet_jpeg/rp011304_01_w.jpg,,
011304_02,V30407,D1016_,REMI,Wild Type,,Wild Type,,,,None,N (almost no slug),Wild Type,Y,Wild Type,,hinted_011304/rp011304_02_0100S.mov,hinted_011304_slug/rp011304p2_02.mov,rp011304_wavelet_jpeg/rp011304_02_w.jpg,"culmination without migration ",
011304_03,V30410,D1016_,REMI,Wild Type,,Wild Type,,,,,Y (drop tails),Wild Type,Y,Wild Type,,hinted_011304/rp011304_03_0075S.mov,hinted_011304_slug/rp011304p2_03.mov,rp011304_wavelet_jpeg/rp011304_03_w.jpg,,
011304_04,V30413,D1016_,REMI,Wild Type,,Wild Type,,,,,Y (drop tails),Wild Type,Y,Wild Type,,hinted_011304/rp011304_04_0050S.mov,hinted_011304_slug/rp011304p2_04.mov,rp011304_wavelet_jpeg/rp011304_04_w.jpg,medium low cell density,
011304_05,V30416,D1016_,REMI,Wild Type,,Wild Type,,,,,Y (drop tails),Wild Type,Y,Wild Type,,hinted_011304/rp011304_05_0100S.mov,hinted_011304_slug/rp011304p2_05.mov,rp011304_wavelet_jpeg/rp011304_05_w.jpg,,
011304_06,V30424,D1016_,REMI,Wild Type,,Wild Type,,,,,Y (drop tails),Wild Type,Y,Wild Type,,hinted_011304/rp011304_06_0025S.mov,hinted_011304_slug/rp011304p2_06.mov,rp011304_wavelet_jpeg/rp011304_06_w.jpg,,
011304_07,V30421,D1016_,REMI,Wild Type,,Wild Type,,,,,Y (drop tails),Wild Type,Y,Wild Type,,hinted_011304/rp011304_07_0025S.mov,hinted_011304_slug/rp011304p2_07.mov,rp011304_wavelet_jpeg/rp011304_07_w.jpg,medium low cell density,
011304_08,V30425,D1016_,REMI,Wild Type,,Wild Type,,,,,Y (drop tails),Wild Type,Y,Wild Type,,hinted_011304/rp011304_08_0025S.mov,hinted_011304_slug/rp011304p2_08.mov,rp011304_wavelet_jpeg/rp011304_08_w.jpg,,
011304_09,V30428,D1016_,REMI,Wild Type,,Wild Type,,,,,Y (drop tails),Wild Type,Y,Wild Type,,hinted_011304/rp011304_09_0075S.mov,hinted_011304_slug/rp011304p2_09.mov,rp011304_wavelet_jpeg/rp011304_09_w.jpg,,
011304_10,V30402,D1016_,REMI,Wild Type,,Wild Type,,,,,Y (drop tails),Wild Type,Y,Wild Type,,hinted_011304/rp011304_10_0125S.mov,hinted_011304_slug/rp011304p2_10.mov,rp011304_wavelet_jpeg/rp011304_10_w.jpg,,
011304_11,V30405,D1016_,REMI,Wild Type,,Wild Type,,,,,Y (drop tails),Wild Type,Y,Wild Type,,hinted_011304/rp011304_11_0125S.mov,hinted_011304_slug/rp011304p2_11.mov,rp011304_wavelet_jpeg/rp011304_11_w.jpg,,
011304_12,V30408,D1016_,REMI,Wild Type,,Wild Type,,,,,Y (drop tails),Wild Type,Y,Wild Type,,hinted_011304/rp011304_12_0050S.mov,hinted_011304_slug/rp011304p2_12.mov,rp011304_wavelet_jpeg/rp011304_12_w.jpg,,
011304_13,V30411,D1016_,REMI,Wild Type,,Wild Type,,,,,Y (drop tails),Wild Type,Y,Wild Type,,hinted_011304/rp011304_13_0075S.mov,hinted_011304_slug/rp011304p2_13.mov,rp011304_wavelet_jpeg/rp011304_13_w.jpg,some oscillatory breakup of streams,
011304_14,V30414,D1016_,REMI,Wild Type,,Wild Type,,,,,Y (drop tails),Wild Type,Y,Wild Type,,hinted_011304/rp011304_14_0075S.mov,hinted_011304_slug/rp011304p2_14.mov,rp011304_wavelet_jpeg/rp011304_14_w.jpg,,
011304_15,V30417,D1016_,REMI,Wild Type,,Wild Type,,,,,Y (drop tails),Wild Type,Y,Wild Type,,hinted_011304/rp011304_15_0025S.mov,hinted_011304_slug/rp011304p2_15.mov,rp011304_wavelet_jpeg/rp011304_15_w.jpg,,
011304_16,V30423,D1016_,REMI,Wild Type,,Wild Type,,,,,Y (drop tails),Wild Type,Y,Wild Type,,hinted_011304/rp011304_16_0025S.mov,hinted_011304_slug/rp011304p2_16.mov,rp011304_wavelet_jpeg/rp011304_16_w.jpg,,
011304_17,V30420,D1016_,REMI,Wild Type,,Wild Type,,,,,Y (drop tails),Wild Type,Y,Wild Type,,hinted_011304/rp011304_17_0075S.mov,hinted_011304_slug/rp011304p2_17.mov,rp011304_wavelet_jpeg/rp011304_17_w.jpg,,
011304_18,V30426,D1016_,REMI,Wild Type,,Wild Type,,,,,Y (drop tails),Wild Type,Y,Wild Type,,hinted_011304/rp011304_18_0050S.mov,hinted_011304_slug/rp011304p2_18.mov,rp011304_wavelet_jpeg/rp011304_18_w.jpg,,
011304_19,V30429,D1016_,REMI,Wild Type,,Wild Type,,,,,Y (drop tails),Wild Type,Y,Wild Type,,hinted_011304/rp011304_19_0075S.mov,hinted_011304_slug/rp011304p2_19.mov,rp011304_wavelet_jpeg/rp011304_19_w.jpg,,
011304_20,V30403,D1016_,REMI,Wild Type,,Wild Type,,,,,Y (drop tails),Wild Type,Y,Wild Type,,hinted_011304/rp011304_20_0125S.mov,hinted_011304_slug/rp011304p2_20.mov,rp011304_wavelet_jpeg/rp011304_20_w.jpg,,
011304_21,V30406,D1016_,REMI,Wild Type,,Wild Type,,,,,Y (drop tails),Wild Type,Y,Wild Type,,hinted_011304/rp011304_21_0100S.mov,hinted_011304_slug/rp011304p2_21.mov,rp011304_wavelet_jpeg/rp011304_21_w.jpg,,
011304_22,V30409,D1016_,REMI,Wild Type,,Wild Type,,,,,Y (drop tails),Wild Type,Y,Wild Type,,hinted_011304/rp011304_22_0025S.mov,hinted_011304_slug/rp011304p2_22.mov,rp011304_wavelet_jpeg/rp011304_22_w.jpg,,
011304_23,V30412,D1016_,REMI,Wild Type,,Wild Type,,,,,Y (drop tails),Wild Type,Y,Wild Type,,hinted_011304/rp011304_23_0002S.mov,hinted_011304_slug/rp011304p2_23.mov,rp011304_wavelet_jpeg/rp011304_23_w.jpg,,
011304_24,V30415,D1016_,REMI,Wild Type,,Wild Type,,,,,Y (drop tails),Wild Type,Y,Wild Type,,hinted_011304/rp011304_24_0025S.mov,hinted_011304_slug/rp011304p2_24.mov,rp011304_wavelet_jpeg/rp011304_24_w.jpg,,
011304_25,V30418,D1016_,REMI,Wild Type,,Wild Type,early breakup,,,,Y (drop tails),Wild Type,Y,Wild Type,,hinted_011304/rp011304_25_0025S.mov,hinted_011304_slug/rp011304p2_25.mov,rp011304_wavelet_jpeg/rp011304_25_w.jpg,some oscillatory breakup of streams,
011304_26,V30422,D1016_,REMI,Wild Type,,Wild Type,,,,,Y (drop tails),Wild Type,Y,Wild Type,,hinted_011304/rp011304_26_0050S.mov,hinted_011304_slug/rp011304p2_26.mov,rp011304_wavelet_jpeg/rp011304_26_w.jpg,medium low cell density,
011304_27,V30419,D1016_,REMI,Wild Type,,Wild Type,,,,,Y (drop tails),Wild Type,Y,Wild Type,,hinted_011304/rp011304_27_0050S.mov,hinted_011304_slug/rp011304p2_27.mov,rp011304_wavelet_jpeg/rp011304_27_w.jpg,,
011304_28,V30427,D1016_,REMI,Wild Type,,Wild Type,,,,Aberrant,Aberrant,Aberrant,Aberrant,Wild Type,,hinted_011304/rp011304_28_0050S.mov,hinted_011304_slug/rp011304p2_28.mov,rp011304_wavelet_jpeg/rp011304_28_w.jpg,slugs show zig-zag motion if any; culmination is aberrant with almost no spore head if any; spore head is suspended in the middle (trishanku); plated at medium high cell density,
011304_29,V30430,D1016_,REMI,Wild Type,,Wild Type,,,,,Y (drop tails),Wild Type,Y,Wild Type,,hinted_011304/rp011304_29_0050S.mov,hinted_011304_slug/rp011304p2_29.mov,rp011304_wavelet_jpeg/rp011304_29_w.jpg,,
011604_00,V30389,D1015_H05,REMI,Undeterminable,,Undeterminable,,,,,Y (small),Wild Type,,Wild Type,,hinted_011604p2/rp011604p2_00_0050S.mov,hinted_011604_slug/rp011604p3_00.mov,rp011604p2_wavelet_jpeg/rp011604p2_00_w.jpg,low cell density,
011604_01,V30386,D1015_H02,REMI,Wild Type,,Wild Type,,,,,Y (drop tails),Wild Type,,Wild Type,,hinted_011604p2/rp011604p2_01_0002S.mov,hinted_011604_slug/rp011604p3_01.mov,rp011604p2_wavelet_jpeg/rp011604p2_01_w.jpg,,
011604_02,V30395,D1015_H11,REMI,Wild Type,,Wild Type,,,,,Y (drop tails),Wild Type,,Wild Type,,hinted_011604p2/rp011604p2_02_0002S.mov,hinted_011604_slug/rp011604p3_02.mov,rp011604p2_wavelet_jpeg/rp011604p2_02_w.jpg,,
011604_03,V30392,D1015_H08,REMI,Wild Type,,Wild Type,,,,,Y (drop tails),Wild Type,,Wild Type,,hinted_011604p2/rp011604p2_03_0002S.mov,hinted_011604_slug/rp011604p3_03.mov,rp011604p2_wavelet_jpeg/rp011604p2_03_w.jpg,medium low cell density,
011604_04,V30435,D1016,REMI,Wild Type,,Wild Type,,,,,Y (drop tails),Wild Type,,Wild Type,,hinted_011604p2/rp011604p2_04_0050S.mov,hinted_011604_slug/rp011604p3_04.mov,rp011604p2_wavelet_jpeg/rp011604p2_04_w.jpg,,
011604_05,V30432,D1016,REMI,Aberrant,late; large territory,Wild Type,,,,,,,,Wild Type,,hinted_011604p2/rp011604p2_05_0150S.mov,hinted_011604_slug/rp011604p3_05.mov,rp011604p2_wavelet_jpeg/rp011604p2_05_w.jpg,medium low plating density,
011604_06,V30441,D1016,REMI,Wild Type,,Wild Type,,,,,Y (drop tails),Wild Type,,Wild Type,,hinted_011604p2/rp011604p2_06_0050S.mov,hinted_011604_slug/rp011604p3_06.mov,rp011604p2_wavelet_jpeg/rp011604p2_06_w.jpg,,
011604_07,V30438,D1016,REMI,Wild Type,asynchronous,Wild Type,,,,,Y (drop tails),Wild Type,,Wild Type,,hinted_011604p2/rp011604p2_07_0050S.mov,hinted_011604_slug/rp011604p3_07.mov,rp011604p2_wavelet_jpeg/rp011604p2_07_w.jpg,,
011604_08,V30450,D1016,REMI,Wild Type,,Wild Type,,,,,Y (drop tails),Wild Type,,Wild Type,,hinted_011604p2/rp011604p2_08_0002S.mov,hinted_011604_slug/rp011604p3_08.mov,rp011604p2_wavelet_jpeg/rp011604p2_08_w.jpg,,
011604_09,V30446,D1016,REMI,Aberrant,weak; sporadic,None,,,,None,N,None,,Wild Type,,hinted_011604p2/rp011604p2_09_0300S.mov,hinted_011604_slug/rp011604p3_09.mov,rp011604p2_wavelet_jpeg/rp011604p2_09_w.jpg,"many cells fail to aggregate ",
011604_10,V30390,D1015_H06,REMI,Wild Type,slightly turbulent,Wild Type,,,,,Y (drop tails),Wild Type,,Wild Type,,hinted_011604p2/rp011604p2_10_0002S.mov,hinted_011604_slug/rp011604p3_10.mov,rp011604p2_wavelet_jpeg/rp011604p2_10_w.jpg,,
011604_11,V30387,D1015_H03,REMI,Aberrant,weak; late,Undeterminable,,,,Undeterminable,,Undeterminable,,Aberrant,,hinted_011604p2/rp011604p2_11_0175S.mov,hinted_011604_slug/rp011604p3_11.mov,rp011604p2_wavelet_jpeg/rp011604p2_11_w.jpg,altered cell morphology (lamellipodia?) in axenic medium; medium low cell density,
011604_12,V30396,D1015_H12,REMI,Wild Type,,Wild Type,,,,,"Y ",Wild Type,,Wild Type,,hinted_011604p2/rp011604p2_12_0002S.mov,hinted_011604_slug/rp011604p3_12.mov,rp011604p2_wavelet_jpeg/rp011604p2_12_w.jpg,slugger?,
011604_13,V30393,D1015_H09,REMI,Aberrant,spiral turbulence,Wild Type,,,,,Y (drop tails),Wild Type,,Wild Type,,hinted_011604p2/rp011604p2_13_0002S.mov,hinted_011604_slug/rp011604p3_13.mov,rp011604p2_wavelet_jpeg/rp011604p2_13_w.jpg,high cell density,
011604_14,V30436,D1016,REMI,Wild Type,,Wild Type,,,,,Y (drop tails),Wild Type,,Wild Type,,hinted_011604p2/rp011604p2_14_0050S.mov,hinted_011604_slug/rp011604p3_14.mov,rp011604p2_wavelet_jpeg/rp011604p2_14_w.jpg,,
011604_15,V30433,D1016,REMI,Undeterminable,"weak; late ",Undeterminable,,,,,,,,Wild Type,,hinted_011604p2/rp011604p2_15_0350S.mov,hinted_011604_slug/rp011604p3_15.mov,rp011604p2_wavelet_jpeg/rp011604p2_15_w.jpg,medium low plating density,
011604_16,V30444,D1016,REMI,Wild Type,,Wild Type,,,,,Y (drop tails),Wild Type,,Wild Type,,hinted_011604p2/rp011604p2_16_0025S.mov,hinted_011604_slug/rp011604p3_16.mov,rp011604p2_wavelet_jpeg/rp011604p2_16_w.jpg,,
011604_17,V30439,D1016,REMI,Wild Type,,Wild Type,,,,,Y (drop tails),Wild Type,,Wild Type,,hinted_011604p2/rp011604p2_17_0025S.mov,hinted_011604_slug/rp011604p3_17.mov,rp011604p2_wavelet_jpeg/rp011604p2_17_w.jpg,high cell density,
011604_18,V30451,D1016,REMI,Wild Type,,Wild Type,,,,,Y (drop tails),Wild Type,,Wild Type,,hinted_011604p2/rp011604p2_18_0002S.mov,hinted_011604_slug/rp011604p3_18.mov,rp011604p2_wavelet_jpeg/rp011604p2_18_w.jpg,,
011604_19,V30447,D1016,REMI,Wild Type,,Wild Type,,,,,,Wild Type,,Wild Type,,hinted_011604p2/rp011604p2_19_0100S.mov,hinted_011604_slug/rp011604p3_19.mov,rp011604p2_wavelet_jpeg/rp011604p2_19_w.jpg,medium low plating density,
011604_20,V30391,D1015_H07,REMI,Wild Type,,Wild Type,,,,,Y (drop tails),Wild Type,,Wild Type,,hinted_011604p2/rp011604p2_20_0002S.mov,hinted_011604_slug/rp011604p3_20.mov,rp011604p2_wavelet_jpeg/rp011604p2_20_w.jpg,,
011604_21,V30388,D1015_H04,REMI,Aberrant,high amplitude,Wild Type,,,,,Y (drop tails),Wild Type,,Wild Type,,hinted_011604p2/rp011604p2_21_0025S.mov,hinted_011604_slug/rp011604p3_21.mov,rp011604p2_wavelet_jpeg/rp011604p2_21_w.jpg,,
011604_22,V30431,D1016,REMI,Wild Type,,Wild Type,,,,,Y (drop tails),Wild Type,,Wild Type,,hinted_011604p2/rp011604p2_22_0002S.mov,hinted_011604_slug/rp011604p3_22.mov,rp011604p2_wavelet_jpeg/rp011604p2_22_w.jpg,,
011604_23,V30394,D1015_H10,REMI,Wild Type,,Wild Type,,,,,Y (drop tails),Wild Type,,Wild Type,,hinted_011604p2/rp011604p2_23_0002S.mov,hinted_011604_slug/rp011604p3_23.mov,rp011604p2_wavelet_jpeg/rp011604p2_23_w.jpg,,
011604_24,V30437,D1016,REMI,Wild Type,,Wild Type,,,,,Y (drop tails),Wild Type,,Wild Type,,hinted_011604p2/rp011604p2_24_0025S.mov,hinted_011604_slug/rp011604p3_24.mov,rp011604p2_wavelet_jpeg/rp011604p2_24_w.jpg,high cell density,
011604_25,V30434,D1016,REMI,Wild Type,,Wild Type,,,,,Y (drop tails),Wild Type,,Wild Type,,hinted_011604p2/rp011604p2_25_0025S.mov,hinted_011604_slug/rp011604p3_25.mov,rp011604p2_wavelet_jpeg/rp011604p2_25_w.jpg,,
011604_26,V30445,D1016,REMI,Wild Type,,Wild Type,,,,,Y (drop tails),Wild Type,,Wild Type,,hinted_011604p2/rp011604p2_26_0002S.mov,hinted_011604_slug/rp011604p3_26.mov,rp011604p2_wavelet_jpeg/rp011604p2_26_w.jpg,,
011604_27,V30440,D1016,REMI,Wild Type,,Wild Type,,,,None,Aberrant?,Wild Type,,Wild Type,,hinted_011604p2/rp011604p2_27_0002S.mov,hinted_011604_slug/rp011604p3_27.mov,rp011604p2_wavelet_jpeg/rp011604p2_27_w.jpg,culmination without migration,
011604_28,V30452,D1016,REMI,Wild Type,target,Wild Type,,,,,Y (drop tails),Wild Type,,Wild Type,,hinted_011604p2/rp011604p2_28_0002S.mov,hinted_011604_slug/rp011604p3_28.mov,rp011604p2_wavelet_jpeg/rp011604p2_28_w.jpg,,
011604_29,V30448,D1016,REMI,Aberrant,late; high amplitude,Wild Type,breakup,,,,,Wild Type,,Wild Type,,hinted_011604p2/rp011604p2_29_0100S.mov,hinted_011604_slug/rp011604p3_29.mov,rp011604p2_wavelet_jpeg/rp011604p2_29_w.jpg,,
011904_00,V30456,D1016_,REMI,Wild Type,,Wild Type,,,,,Y (drop tails),Wild Type,Y,Wild Type,,hinted_011904/rp011904_00_0002S.mov,hinted_011904_slug/rp011904p2_00.mov,rp011904_wavelet_jpeg/rp011904_00_w.jpg,,
011904_01,V30453,D1016_,REMI,Wild Type,,Wild Type,,,,,Y (drop tails),Wild Type,Y,Wild Type,,hinted_011904/rp011904_01_0025S.mov,hinted_011904_slug/rp011904p2_01.mov,rp011904_wavelet_jpeg/rp011904_01_w.jpg,,
011904_02,V30462,D1016_,REMI,Wild Type,,Wild Type,,,,,Y (drop tails),Wild Type,Y,Wild Type,,hinted_011904/rp011904_02_0025S.mov,hinted_011904_slug/rp011904p2_02.mov,rp011904_wavelet_jpeg/rp011904_02_w.jpg,,
011904_03,V30459,D1016_,REMI,Wild Type,,Wild Type,,,,,Y (drop tails),Wild Type,Y,Wild Type,,hinted_011904/rp011904_03_0025S.mov,hinted_011904_slug/rp011904p2_03.mov,rp011904_wavelet_jpeg/rp011904_03_w.jpg,,
011904_04,V30468,D1016_,REMI,Wild Type,,Wild Type,,,,,Y (drop tails),Wild Type,Y,Wild Type,,hinted_011904/rp011904_04_0025S.mov,hinted_011904_slug/rp011904p2_04.mov,rp011904_wavelet_jpeg/rp011904_04_w.jpg,,
011904_05,V30465,D1016_,REMI,Wild Type,,Wild Type,,,,,Y (drop tails),Wild Type,Y,Wild Type,,hinted_011904/rp011904_05_0050S.mov,hinted_011904_slug/rp011904p2_05.mov,rp011904_wavelet_jpeg/rp011904_05_w.jpg,medium low cell density,
011904_06,V30474,D1016_,REMI,Wild Type,,Wild Type,,,,,Y (drop tails),Wild Type,Y,Wild Type,,hinted_011904/rp011904_06_0025S.mov,hinted_011904_slug/rp011904p2_06.mov,rp011904_wavelet_jpeg/rp011904_06_w.jpg,medium low cell density,
011904_07,V30471,D1016_,REMI,Wild Type,,Wild Type,,,,,Y (drop tails),Wild Type,Y,Wild Type,,hinted_011904/rp011904_07_0025S.mov,hinted_011904_slug/rp011904p2_07.mov,rp011904_wavelet_jpeg/rp011904_07_w.jpg,,
011904_08,V30480,D1016_,REMI,Wild Type,,Wild Type,,,,,Y (drop tails),Wild Type,Y,Wild Type,,hinted_011904/rp011904_08_0025S.mov,hinted_011904_slug/rp011904p2_08.mov,rp011904_wavelet_jpeg/rp011904_08_w.jpg,,
011904_09,V30477,D1016_,REMI,Wild Type,,Wild Type,,,,,Y (drop tails),Wild Type,Y,Wild Type,,hinted_011904/rp011904_09_0050S.mov,hinted_011904_slug/rp011904p2_09.mov,rp011904_wavelet_jpeg/rp011904_09_w.jpg,,
011904_10,V30457,D1016_,REMI,Wild Type,,Wild Type,,,,,Y (drop tails),Wild Type,Y,Wild Type,,hinted_011904/rp011904_10_0050S.mov,hinted_011904_slug/rp011904p2_10.mov,rp011904_wavelet_jpeg/rp011904_10_w.jpg,,
011904_11,V30454,D1016_,REMI,Wild Type,,Wild Type,,,,,Y (drop tails),Wild Type,Y,Wild Type,,hinted_011904/rp011904_11_0002S.mov,hinted_011904_slug/rp011904p2_11.mov,rp011904_wavelet_jpeg/rp011904_11_w.jpg,,
011904_12,V30463,D1016_,REMI,Wild Type,,Wild Type,,,,,Y (drop tails),Wild Type,Y,Wild Type,,hinted_011904/rp011904_12_0002S.mov,hinted_011904_slug/rp011904p2_12.mov,rp011904_wavelet_jpeg/rp011904_12_w.jpg,,
011904_13,V30460,D1016_,REMI,Wild Type,,Wild Type,,,,,Y (drop tails),Wild Type,Y,Wild Type,,hinted_011904/rp011904_13_0025S.mov,hinted_011904_slug/rp011904p2_13.mov,rp011904_wavelet_jpeg/rp011904_13_w.jpg,,
011904_14,V30469,D1016_,REMI,Wild Type,,Wild Type,,,,,Y (drop tails),Wild Type,Y,Wild Type,,hinted_011904/rp011904_14_0025S.mov,hinted_011904_slug/rp011904p2_14.mov,rp011904_wavelet_jpeg/rp011904_14_w.jpg,,
011904_15,V30466,D1016_,REMI,Aberrant,amplitude,Wild Type,,,,,Y (drop tails),Wild Type,Y,Wild Type,,hinted_011904/rp011904_15_0050S.mov,hinted_011904_slug/rp011904p2_15.mov,rp011904_wavelet_jpeg/rp011904_15_w.jpg,,
011904_16,V30475,D1016_,REMI,Wild Type,,Wild Type,,,,,Y (drop tails),Wild Type,Y,Wild Type,,hinted_011904/rp011904_16_0002S.mov,hinted_011904_slug/rp011904p2_16.mov,rp011904_wavelet_jpeg/rp011904_16_w.jpg,,
011904_17,V30472,D1016_,REMI,Wild Type,persistent,Aberrant,,,,,,Wild Type,Y (small),Wild Type,,hinted_011904/rp011904_17_0025S.mov,hinted_011904_slug/rp011904p2_17.mov,rp011904_wavelet_jpeg/rp011904_17_w.jpg,severe stream breakup,
011904_18,V30481,D1016_,REMI,Wild Type,,Wild Type,,,,,Y (drop tails),Wild Type,Y,Wild Type,,hinted_011904/rp011904_18_0025S.mov,hinted_011904_slug/rp011904p2_18.mov,rp011904_wavelet_jpeg/rp011904_18_w.jpg,,
011904_19,V30478,D1016_,REMI,Wild Type,,Wild Type,,,,,Y (drop tails),Wild Type,Y,Wild Type,,hinted_011904/rp011904_19_0002S.mov,hinted_011904_slug/rp011904p2_19.mov,rp011904_wavelet_jpeg/rp011904_19_w.jpg,,
011904_20,V30458,D1016_,REMI,Wild Type,,Wild Type,,,,,Y (drop tails),Wild Type,Y,Wild Type,,hinted_011904/rp011904_20_0002S.mov,hinted_011904_slug/rp011904p2_20.mov,rp011904_wavelet_jpeg/rp011904_20_w.jpg,,
011904_21,V30455,D1016_,REMI,Wild Type,,Aberrant,,,,,Y (drop tails),Wild Type,Y,Wild Type,,hinted_011904/rp011904_21_0025S.mov,hinted_011904_slug/rp011904p2_21.mov,rp011904_wavelet_jpeg/rp011904_21_w.jpg,medium low cell density,
011904_22,V30464,D1016_,REMI,Wild Type,,Wild Type,,,,,Y (drop tails),Wild Type,Y,Wild Type,,hinted_011904/rp011904_22_0002S.mov,hinted_011904_slug/rp011904p2_22.mov,rp011904_wavelet_jpeg/rp011904_22_w.jpg,,
011904_23,V30461,D1016_,REMI,Wild Type,,Wild Type,,,,,Y (drop tails),Wild Type,Y,Wild Type,,hinted_011904/rp011904_23_0025S.mov,hinted_011904_slug/rp011904p2_23.mov,rp011904_wavelet_jpeg/rp011904_23_w.jpg,,
011904_24,V30470,D1016_,REMI,Wild Type,,Wild Type,,,,,Y (drop tails),Wild Type,Y,Wild Type,,hinted_011904/rp011904_24_0002S.mov,hinted_011904_slug/rp011904p2_24.mov,rp011904_wavelet_jpeg/rp011904_24_w.jpg,,
011904_25,V30467,D1016_,REMI,Wild Type,,Wild Type,,,,,Y (drop tails),Wild Type,Y,Wild Type,,hinted_011904/rp011904_25_0002S.mov,hinted_011904_slug/rp011904p2_25.mov,rp011904_wavelet_jpeg/rp011904_25_w.jpg,,
011904_26,V30476,D1016_,REMI,Wild Type,,Wild Type,,,,,Y (drop tails),Wild Type,Y,Wild Type,,hinted_011904/rp011904_26_0025S.mov,hinted_011904_slug/rp011904p2_26.mov,rp011904_wavelet_jpeg/rp011904_26_w.jpg,,
011904_27,V30473,D1016_,REMI,Wild Type,,Wild Type,,,,,Y (drop tails),Wild Type,Y,Wild Type,,hinted_011904/rp011904_27_0025S.mov,hinted_011904_slug/rp011904p2_27.mov,rp011904_wavelet_jpeg/rp011904_27_w.jpg,,
011904_28,V30482,D1016_,REMI,Wild Type,,Wild Type,,,,,Y (drop tails),Wild Type,Y,Wild Type,,hinted_011904/rp011904_28_0002S.mov,hinted_011904_slug/rp011904p2_28.mov,rp011904_wavelet_jpeg/rp011904_28_w.jpg,,
011904_29,V30479,D1016_,REMI,Wild Type,,Wild Type,,,,,,Wild Type,Y,Wild Type,,hinted_011904/rp011904_29_0025S.mov,hinted_011904_slug/rp011904p2_29.mov,rp011904_wavelet_jpeg/rp011904_29_w.jpg,,
012204_00,V30487,D1016,REMI,Wild Type,,Wild Type,,,,,Y (leave tails),Wild Type,Y,Wild Type,,hinted_012204/rp012204_00_0002S.mov,hinted_012204_slug/rp012204p2_00.mov,rp012204_wavelet_jpeg/rp012204_00_w.jpg,,
012204_01,V30484,D1016,REMI,Wild Type,,Wild Type,,,,,Y (leave tails),Wild Type,Y,Wild Type,,hinted_012204/rp012204_01_0050S.mov,hinted_012204_slug/rp012204p2_01.mov,rp012204_wavelet_jpeg/rp012204_01_w.jpg,,
012204_02,V30493,D1016,REMI,Wild Type,,Wild Type,,,,,Y (leave tails),Wild Type,Y,Wild Type,,hinted_012204/rp012204_02_0002S.mov,hinted_012204_slug/rp012204p2_02.mov,rp012204_wavelet_jpeg/rp012204_02_w.jpg,,
012204_03,V30490,D1016,REMI,Wild Type,,Wild Type,,,,,Y (leave tails),Wild Type,Y,Wild Type,,hinted_012204/rp012204_03_0002S.mov,hinted_012204_slug/rp012204p2_03.mov,rp012204_wavelet_jpeg/rp012204_03_w.jpg,,
012204_04,V30503,D1017,REMI,Wild Type,,Wild Type,,,,,Y (leave tails),Wild Type,Y,Wild Type,,hinted_012204/rp012204_04_0002S.mov,hinted_012204_slug/rp012204p2_04.mov,rp012204_wavelet_jpeg/rp012204_04_w.jpg,,
012204_05,V30496,D1016,REMI,Wild Type,,Wild Type,,,,,Y (leave tails),Wild Type,Y,Wild Type,,hinted_012204/rp012204_05_0002S.mov,hinted_012204_slug/rp012204p2_05.mov,rp012204_wavelet_jpeg/rp012204_05_w.jpg,,
012204_06,V30509,D1017,REMI,Wild Type,,Wild Type,,,,,Y (leave tails),Wild Type,Y,Wild Type,,hinted_012204/rp012204_06_0002S.mov,hinted_012204_slug/rp012204p2_06.mov,rp012204_wavelet_jpeg/rp012204_06_w.jpg,,
012204_07,V30506,D1017,REMI,Wild Type,,Wild Type,,,,,Y (leave tails),Wild Type,Y,Wild Type,,hinted_012204/rp012204_07_0025S.mov,hinted_012204_slug/rp012204p2_07.mov,rp012204_wavelet_jpeg/rp012204_07_w.jpg,,
012204_08,V30515,D1017,REMI,Wild Type,,Wild Type,,,,,Y (leave tails),Wild Type,Y,Wild Type,,hinted_012204/rp012204_08_0002S.mov,hinted_012204_slug/rp012204p2_08.mov,rp012204_wavelet_jpeg/rp012204_08_w.jpg,,
012204_09,V30512,D1017,REMI,Wild Type,,Wild Type,,,,,Y (leave tails),Wild Type,Y,Wild Type,,hinted_012204/rp012204_09_0002S.mov,hinted_012204_slug/rp012204p2_09.mov,rp012204_wavelet_jpeg/rp012204_09_w.jpg,,
012204_10,V30488,D1016,REMI,Wild Type,,Wild Type,,,,,Y (leave tails),Wild Type,Y,Wild Type,,hinted_012204/rp012204_10_0002S.mov,hinted_012204_slug/rp012204p2_10.mov,rp012204_wavelet_jpeg/rp012204_10_w.jpg,,
012204_11,V30485,D1016,REMI,Wild Type,,Wild Type,,,,,Y (leave tails),Wild Type,Y,Wild Type,,hinted_012204/rp012204_11_0002S.mov,hinted_012204_slug/rp012204p2_11.mov,rp012204_wavelet_jpeg/rp012204_11_w.jpg,,
012204_12,V30494,D1016,REMI,Wild Type,,Wild Type,,,,,Y (leave tails),Wild Type,Y,Wild Type,,hinted_012204/rp012204_12_0002S.mov,hinted_012204_slug/rp012204p2_12.mov,rp012204_wavelet_jpeg/rp012204_12_w.jpg,,
012204_13,V30491,D1016,REMI,Wild Type,,Wild Type,,,,,Y (leave tails),Wild Type,Y,Wild Type,,hinted_012204/rp012204_13_0002S.mov,hinted_012204_slug/rp012204p2_13.mov,rp012204_wavelet_jpeg/rp012204_13_w.jpg,,
012204_14,V30504,D1017,REMI,Wild Type,,Wild Type,,,,,Y (leave tails),Wild Type,Y,Wild Type,,hinted_012204/rp012204_14_0002S.mov,hinted_012204_slug/rp012204p2_14.mov,rp012204_wavelet_jpeg/rp012204_14_w.jpg,,
012204_15,V30501,D1017,REMI,Wild Type,,Wild Type,,,,,Y (leave tails),Wild Type,Y,Wild Type,,hinted_012204/rp012204_15_0002S.mov,hinted_012204_slug/rp012204p2_15.mov,rp012204_wavelet_jpeg/rp012204_15_w.jpg,,
012204_16,V30510,D1017,REMI,Wild Type,,Wild Type,,,,,Y (leave tails),Wild Type,Y,Wild Type,,hinted_012204/rp012204_16_0002S.mov,hinted_012204_slug/rp012204p2_16.mov,rp012204_wavelet_jpeg/rp012204_16_w.jpg,,
012204_17,V30507,D1017,REMI,Wild Type,,Wild Type,,,,,Y (leave tails),Wild Type,Y,Wild Type,,hinted_012204/rp012204_17_0002S.mov,hinted_012204_slug/rp012204p2_17.mov,rp012204_wavelet_jpeg/rp012204_17_w.jpg,,
012204_18,V30516,D1017,REMI,Wild Type,,Wild Type,,,,,Y (leave tails),Wild Type,Y,Wild Type,,hinted_012204/rp012204_18_0002S.mov,hinted_012204_slug/rp012204p2_18.mov,rp012204_wavelet_jpeg/rp012204_18_w.jpg,slugger?,
012204_19,V30513,D1017,REMI,Undeterminable,,Undeterminable,,,,,,Undeterminable,Y (small),Aberrant,,hinted_012204/rp012204_19_0200S.mov,hinted_012204_slug/rp012204p2_19.mov,rp012204_wavelet_jpeg/rp012204_19_w.jpg,flat cell morph during axenic growth,
012604_02,V30527,D1017_,REMI,Wild Type,,Wild Type,,,,,Y (leave tails),Wild Type,Y,Wild Type,,hinted_012604/rp012604_02_0002S.mov,hinted_012604_slug/rp012604p2_02.mov,rp012604_wavelet_jpeg/rp012604_02_w.jpg,,
012204_20,V30489,D1016,REMI,Wild Type,,Wild Type,,,,,Y (leave tails),Wild Type,Y,Wild Type,,hinted_012204/rp012204_20_0002S.mov,hinted_012204_slug/rp012204p2_20.mov,rp012204_wavelet_jpeg/rp012204_20_w.jpg,,
012204_21,V30486,D1016,REMI,Wild Type,,Wild Type,,,,,Y (leave tails),Wild Type,Y,Wild Type,,hinted_012204/rp012204_21_0002S.mov,hinted_012204_slug/rp012204p2_21.mov,rp012204_wavelet_jpeg/rp012204_21_w.jpg,,
012204_22,V30495,D1016,REMI,Wild Type,,Wild Type,,,,,Y (leave tails),Wild Type,Y,Wild Type,,hinted_012204/rp012204_22_0002S.mov,hinted_012204_slug/rp012204p2_22.mov,rp012204_wavelet_jpeg/rp012204_22_w.jpg,,
012204_23,V30492,D1016,REMI,Wild Type,,Wild Type,,,,,Y (leave tails),Wild Type,Y,Wild Type,,hinted_012204/rp012204_23_0002S.mov,hinted_012204_slug/rp012204p2_23.mov,rp012204_wavelet_jpeg/rp012204_23_w.jpg,,
012204_24,V30505,D1017,REMI,Wild Type,,Wild Type,,,,,Y (leave tails),Wild Type,Y,Wild Type,,hinted_012204/rp012204_24_0002S.mov,hinted_012204_slug/rp012204p2_24.mov,rp012204_wavelet_jpeg/rp012204_24_w.jpg,,
012204_25,V30502,D1017,REMI,Wild Type,,Wild Type,,,,,Y (leave tails),Wild Type,Y,Wild Type,,hinted_012204/rp012204_25_0002S.mov,hinted_012204_slug/rp012204p2_25.mov,rp012204_wavelet_jpeg/rp012204_25_w.jpg,,
012204_26,V30511,D1017,REMI,Wild Type,,Wild Type,,,,,Y (leave tails),Wild Type,Y,Wild Type,,hinted_012204/rp012204_26_0002S.mov,hinted_012204_slug/rp012204p2_26.mov,rp012204_wavelet_jpeg/rp012204_26_w.jpg,,
012204_27,V30508,D1017,REMI,Wild Type,,Wild Type,,,,,Y (leave tails),Wild Type,Y,Wild Type,,hinted_012204/rp012204_27_0002S.mov,hinted_012204_slug/rp012204p2_27.mov,rp012204_wavelet_jpeg/rp012204_27_w.jpg,,
012204_28,V30517,D1017,REMI,Wild Type,short lived,Wild Type,,,,,Y (leave tails),Wild Type,Y,Wild Type,,hinted_012204/rp012204_28_0002S.mov,hinted_012204_slug/rp012204p2_28.mov,rp012204_wavelet_jpeg/rp012204_28_w.jpg,,
012204_29,V30514,D1017,REMI,Wild Type,,Wild Type,,,,,Y (leave tails),Wild Type,Y,Wild Type,,hinted_012204/rp012204_29_0002S.mov,hinted_012204_slug/rp012204p2_29.mov,rp012204_wavelet_jpeg/rp012204_29_w.jpg,,
012604_01,V30518,D1017_,REMI,Aberrant,extended,Aberrant,,,,,None,Wild Type,Y,Wild Type,,hinted_012604/rp012604_01_0002S.mov,hinted_012604_slug/rp012604p2_01.mov,rp012604_wavelet_jpeg/rp012604_01_w.jpg,flat stream; culmination without migration,
012604_00,V30521,D1017_,REMI,Wild Type,,Wild Type,,,,,Y (leave tails),Wild Type,Y,Wild Type,,hinted_012604/rp012604_00_0002S.mov,hinted_012604_slug/rp012604p2_00.mov,rp012604_wavelet_jpeg/rp012604_00_w.jpg,,
012604_03,V30524,D1017_,REMI,Wild Type,,Wild Type,,,,,,Aberrant,Aberrant,Wild Type,,hinted_012604/rp012604_03_0002S.mov,hinted_012604_slug/rp012604p2_03.mov,rp012604_wavelet_jpeg/rp012604_03_w.jpg,stalk only no spore head FB,
012604_04,V30533,D1017_,REMI,Wild Type,,Wild Type,,,,,Y (leave tails),Wild Type,Y,Wild Type,,hinted_012604/rp012604_04_0002S.mov,hinted_012604_slug/rp012604p2_04.mov,rp012604_wavelet_jpeg/rp012604_04_w.jpg,,
012604_05,V30530,D1017_,REMI,Aberrant,slight amplitude modulation,Wild Type,,,,,,Wild Type,Y (small),Wild Type,,hinted_012604/rp012604_05_0050S.mov,hinted_012604_slug/rp012604p2_05.mov,rp012604_wavelet_jpeg/rp012604_05_w.jpg,the phenotype may due to high density plating,
012604_06,V30539,D1017_,REMI,Wild Type,,Wild Type,,,,,Y (leave tails),Wild Type,Y,Wild Type,,hinted_012604/rp012604_06_0025S.mov,hinted_012604_slug/rp012604p2_06.mov,rp012604_wavelet_jpeg/rp012604_06_w.jpg,,
012604_07,V30536,D1017_,REMI,Wild Type,,Wild Type,,,,,Y (leave tails),Wild Type,Y,Wild Type,,hinted_012604/rp012604_07_0002S.mov,hinted_012604_slug/rp012604p2_07.mov,rp012604_wavelet_jpeg/rp012604_07_w.jpg,,
012604_08,V30545,D1017_,REMI,Wild Type,,Wild Type,,,,,Y (leave tails),Wild Type,Y,Wild Type,,hinted_012604/rp012604_08_0025S.mov,hinted_012604_slug/rp012604p2_08.mov,rp012604_wavelet_jpeg/rp012604_08_w.jpg,,
012604_09,V30542,D1017_,REMI,Wild Type,,Wild Type,,,,,Y (leave tails),Wild Type,Y,Wild Type,,hinted_012604/rp012604_09_0002S.mov,hinted_012604_slug/rp012604p2_09.mov,rp012604_wavelet_jpeg/rp012604_09_w.jpg,,
012604_10,V30522,D1017_,REMI,Aberrant,weak; turbulent,Aberrant,,,,,Y (small),Wild Type,Y (small),Wild Type,,hinted_012604/rp012604_10_0002S.mov,hinted_012604_slug/rp012604p2_10.mov,rp012604_wavelet_jpeg/rp012604_10_w.jpg,,
012604_11,V30519,D1017_,REMI,Wild Type,,Wild Type,,,,,Y (leave tails),Wild Type,Y,Wild Type,,hinted_012604/rp012604_11_0002S.mov,hinted_012604_slug/rp012604p2_11.mov,rp012604_wavelet_jpeg/rp012604_11_w.jpg,,
012604_12,V30528,D1017_,REMI,Wild Type,,Wild Type,,,,,Y (leave tails),Wild Type,Y,Wild Type,,hinted_012604/rp012604_12_0002S.mov,hinted_012604_slug/rp012604p2_12.mov,rp012604_wavelet_jpeg/rp012604_12_w.jpg,,
012604_13,V30525,D1017_,REMI,Wild Type,,Wild Type,,,,,Y (leave tails),Wild Type,Y,Wild Type,,hinted_012604/rp012604_13_0002S.mov,hinted_012604_slug/rp012604p2_13.mov,rp012604_wavelet_jpeg/rp012604_13_w.jpg,,
012604_14,V30534,D1017_,REMI,Wild Type,,Wild Type,,,,,Y (leave tails),Wild Type,Y,Wild Type,,hinted_012604/rp012604_14_0002S.mov,hinted_012604_slug/rp012604p2_14.mov,rp012604_wavelet_jpeg/rp012604_14_w.jpg,,
012604_15,V30531,D1017_,REMI,Wild Type,,Wild Type,,,,,Y (leave tails),Wild Type,Y,Wild Type,,hinted_012604/rp012604_15_0002S.mov,hinted_012604_slug/rp012604p2_15.mov,rp012604_wavelet_jpeg/rp012604_15_w.jpg,,
012604_16,V30540,D1017_,REMI,Wild Type,,Wild Type,,,,,Y (leave tails),Wild Type,Y,Wild Type,,hinted_012604/rp012604_16_0002S.mov,hinted_012604_slug/rp012604p2_16.mov,rp012604_wavelet_jpeg/rp012604_16_w.jpg,,
012604_17,V30537,D1017_,REMI,Wild Type,,Wild Type,,,,,Y (leave tails),Wild Type,Y,Wild Type,,hinted_012604/rp012604_17_0002S.mov,hinted_012604_slug/rp012604p2_17.mov,rp012604_wavelet_jpeg/rp012604_17_w.jpg,,
012604_18,V30546,D1017_,REMI,Wild Type,,Wild Type,,,,,Y (leave tails),Wild Type,Y,Wild Type,,hinted_012604/rp012604_18_0002S.mov,hinted_012604_slug/rp012604p2_18.mov,rp012604_wavelet_jpeg/rp012604_18_w.jpg,,
012604_19,V30543,D1017_,REMI,Wild Type,,Wild Type,,,,,Y (leave tails),Wild Type,Y,Wild Type,,hinted_012604/rp012604_19_0002S.mov,hinted_012604_slug/rp012604p2_19.mov,rp012604_wavelet_jpeg/rp012604_19_w.jpg,,
012604_20,V30523,D1017_,REMI,Wild Type,,Wild Type,,,,,Y (leave tails),Wild Type,Y,Wild Type,,hinted_012604/rp012604_20_0002S.mov,hinted_012604_slug/rp012604p2_20.mov,rp012604_wavelet_jpeg/rp012604_20_w.jpg,,
012604_21,V30520,D1017_,REMI,Wild Type,,Wild Type,,,,,Y (leave tails),Wild Type,Y,Wild Type,,hinted_012604/rp012604_21_0002S.mov,hinted_012604_slug/rp012604p2_21.mov,rp012604_wavelet_jpeg/rp012604_21_w.jpg,,
012604_22,V30529,D1017_,REMI,Wild Type,,Wild Type,,,,,Y (leave tails),Wild Type,Y,Wild Type,,hinted_012604/rp012604_22_0002S.mov,hinted_012604_slug/rp012604p2_22.mov,rp012604_wavelet_jpeg/rp012604_22_w.jpg,,
012604_23,V30526,D1017_,REMI,Wild Type,,Wild Type,,,,,Y (leave tails),Wild Type,Y,Wild Type,,hinted_012604/rp012604_23_0002S.mov,hinted_012604_slug/rp012604p2_23.mov,rp012604_wavelet_jpeg/rp012604_23_w.jpg,,
012604_24,V30535,D1017_,REMI,Wild Type,,Wild Type,,,,,,Wild Type,Y,Wild Type,,hinted_012604/rp012604_24_0025S.mov,hinted_012604_slug/rp012604p2_24.mov,rp012604_wavelet_jpeg/rp012604_24_w.jpg,,
012604_25,V30532,D1017_,REMI,Undeterminable,,Undeterminable,,,,,,Undeterminable,Undeterminable,Wild Type,,,hinted_012604_slug/rp012604p2_25.mov,rp012604_wavelet_jpeg/rp012604_25_w.jpg,,
012604_26,V30541,D1017_,REMI,Wild Type,,Wild Type,,,,,Y (leave tails),Wild Type,Y,Wild Type,,hinted_012604/rp012604_26_0025S.mov,hinted_012604_slug/rp012604p2_26.mov,rp012604_wavelet_jpeg/rp012604_26_w.jpg,,
012604_27,V30538,D1017_,REMI,Wild Type,,Wild Type,,,,,Y (leave tails),Wild Type,Y,Wild Type,,hinted_012604/rp012604_27_0025S.mov,hinted_012604_slug/rp012604p2_27.mov,rp012604_wavelet_jpeg/rp012604_27_w.jpg,,
012604_28,V30547,D1017_,REMI,Aberrant,late,Aberrant,,,,,,Aberrant,Aberrant,Aberrant,,hinted_012604/rp012604_28_0150S.mov,hinted_012604_slug/rp012604p2_28.mov,rp012604_wavelet_jpeg/rp012604_28_w.jpg,early cell detachment before confluency in HL-5;small wimpy FB,
012604_29,V30544,D1017_,REMI,Wild Type,,Wild Type,,,,,Y (leave tails),Wild Type,Y,Wild Type,,hinted_012604/rp012604_29_0025S.mov,hinted_012604_slug/rp012604p2_29.mov,rp012604_wavelet_jpeg/rp012604_29_w.jpg,,
012904_00,V30553,D1017_,REMI,Undeterminable,late; low freq; large territories,Wild Type,,,,,Y (small),Wild Type,Wild Type,Wild Type,,hinted_012904/rp012904_00_0100S.mov,hinted_012904_slug/rp012904p2_00.mov,rp012904_wavelet_jpeg/rp012904_00_w.jpg,low cell density,
012904_01,V30548,D1017_,REMI,Wild Type,,Wild Type,,,,Aberrant,Aberrant,Wild Type,Wild Type,Wild Type,,hinted_012904/rp012904_01_0002S.mov,hinted_012904_slug/rp012904p2_01.mov,rp012904_wavelet_jpeg/rp012904_01_w.jpg,,
012904_02,V30559,D1017_,REMI,Wild Type,break up due to oscillatory centers,Wild Type,,,,,Y (drop tails),Wild Type,Wild Type,Wild Type,,hinted_012904/rp012904_02_0025S.mov,hinted_012904_slug/rp012904p2_02.mov,rp012904_wavelet_jpeg/rp012904_02_w.jpg,,
012904_03,V30556,D1017_,REMI,Wild Type,,Wild Type,,,,,Y (drop tails),Wild Type,Wild Type,Wild Type,,hinted_012904/rp012904_03_0025S.mov,hinted_012904_slug/rp012904p2_03.mov,rp012904_wavelet_jpeg/rp012904_03_w.jpg,,
012904_04,V30565,D1017_,REMI,Wild Type,,Wild Type,,,,,Y (drop tails),Wild Type,Wild Type,Wild Type,,hinted_012904/rp012904_04_0002S.mov,hinted_012904_slug/rp012904p2_04.mov,rp012904_wavelet_jpeg/rp012904_04_w.jpg,,
012904_05,V30562,D1017_,REMI,Wild Type,,Wild Type,,,,,Y (drop tails),Wild Type,Wild Type,Wild Type,,hinted_012904/rp012904_05_0002S.mov,hinted_012904_slug/rp012904p2_05.mov,rp012904_wavelet_jpeg/rp012904_05_w.jpg,,
012904_06,V30571,D1017_,REMI,Wild Type,,Wild Type,,,,,Y (drop tails),Wild Type,Wild Type,Wild Type,,hinted_012904/rp012904_06_0002S.mov,hinted_012904_slug/rp012904p2_06.mov,rp012904_wavelet_jpeg/rp012904_06_w.jpg,,
012904_07,V30568,D1017_,REMI,Wild Type,,Wild Type,,,,,Y (drop tails),Wild Type,Wild Type,Wild Type,,hinted_012904/rp012904_07_0002S.mov,hinted_012904_slug/rp012904p2_07.mov,rp012904_wavelet_jpeg/rp012904_07_w.jpg,,
012904_08,V30578,D1017_,REMI,Wild Type,a large territory,Wild Type,,,mound arrest,None,N,Aberrant,Aberrant,Wild Type,,hinted_012904/rp012904_08_0075S.mov,hinted_012904_slug/rp012904p2_08.mov,rp012904_wavelet_jpeg/rp012904_08_w.jpg,some aberrant morph FB,
012904_09,V30574,D1017_,REMI,Wild Type,,Wild Type,,,,,Y (drop tails),Wild Type,Wild Type,Wild Type,,hinted_012904/rp012904_09_0002S.mov,hinted_012904_slug/rp012904p2_09.mov,rp012904_wavelet_jpeg/rp012904_09_w.jpg,,
012904_10,V30554,D1017_,REMI,Wild Type,,Wild Type,,,,,Y (drop tails),Wild Type,Wild Type,Wild Type,,hinted_012904/rp012904_10_0002S.mov,hinted_012904_slug/rp012904p2_10.mov,rp012904_wavelet_jpeg/rp012904_10_w.jpg,,
012904_11,V30550,D1017_,REMI,Wild Type,,Wild Type,,,,,Y (drop tails),Wild Type,Wild Type,Wild Type,,hinted_012904/rp012904_11_0002S.mov,hinted_012904_slug/rp012904p2_11.mov,rp012904_wavelet_jpeg/rp012904_11_w.jpg,,
012904_12,V30560,D1017_,REMI,Wild Type,,Wild Type,,,,,Y (drop tails),Wild Type,Wild Type,Wild Type,,hinted_012904/rp012904_12_0002S.mov,hinted_012904_slug/rp012904p2_12.mov,rp012904_wavelet_jpeg/rp012904_12_w.jpg,,
012904_13,V30557,D1017_,REMI,Wild Type,,Wild Type,,,,,Y (drop tails),Wild Type,Wild Type,Wild Type,,hinted_012904/rp012904_13_0025S.mov,hinted_012904_slug/rp012904p2_13.mov,rp012904_wavelet_jpeg/rp012904_13_w.jpg,medium low cell density,
012904_14,V30566,D1017_,REMI,Wild Type,break up due to oscillatory centers,Wild Type,,,,,Y (drop tails),Wild Type,Wild Type,Wild Type,,hinted_012904/rp012904_14_0002S.mov,hinted_012904_slug/rp012904p2_14.mov,rp012904_wavelet_jpeg/rp012904_14_w.jpg,,
012904_15,V30563,D1017_,REMI,Wild Type,,Wild Type,,,,,Y (drop tails),Wild Type,Wild Type,Wild Type,,hinted_012904/rp012904_15_0025S.mov,hinted_012904_slug/rp012904p2_15.mov,rp012904_wavelet_jpeg/rp012904_15_w.jpg,slugger; directional migration toward light,
012904_16,V30572,D1017_,REMI,Wild Type,,Wild Type,,,,,Y (drop tails),Wild Type,Wild Type,Wild Type,,hinted_012904/rp012904_16_0002S.mov,hinted_012904_slug/rp012904p2_16.mov,rp012904_wavelet_jpeg/rp012904_16_w.jpg,,
012904_17,V30569,D1017_,REMI,Wild Type,,Wild Type,,,,,Y (drop tails),Wild Type,Wild Type,Wild Type,,hinted_012904/rp012904_17_0002S.mov,hinted_012904_slug/rp012904p2_17.mov,rp012904_wavelet_jpeg/rp012904_17_w.jpg,,
012904_18,V30579,D1017_,REMI,Wild Type,,Wild Type,,,,,Y (drop tails),Wild Type,Wild Type,Wild Type,,hinted_012904/rp012904_18_0025S.mov,hinted_012904_slug/rp012904p2_18.mov,rp012904_wavelet_jpeg/rp012904_18_w.jpg,,
012904_19,V30576,D1017_,REMI,Wild Type,,Wild Type,,,,,Y (drop tails),Wild Type,Wild Type,Wild Type,,hinted_012904/rp012904_19_0002S.mov,hinted_012904_slug/rp012904p2_19.mov,rp012904_wavelet_jpeg/rp012904_19_w.jpg,,
012904_20,V30555,D1017_,REMI,Wild Type,,Wild Type,,,,,Y (drop tails),Wild Type,Wild Type,Wild Type,,hinted_012904/rp012904_20_0002S.mov,hinted_012904_slug/rp012904p2_20.mov,rp012904_wavelet_jpeg/rp012904_20_w.jpg,,
012904_21,V30551,D1017_,REMI,Wild Type,,Wild Type,,,,,Y (drop tails),Wild Type,Wild Type,Wild Type,,hinted_012904/rp012904_21_0002S.mov,hinted_012904_slug/rp012904p2_21.mov,rp012904_wavelet_jpeg/rp012904_21_w.jpg,,
012904_22,V30561,D1017_,REMI,Wild Type,,Wild Type,,,,,N,Aberrant,Aberrant,Wild Type,,hinted_012904/rp012904_22_0025S.mov,hinted_012904_slug/rp012904p2_22.mov,rp012904_wavelet_jpeg/rp012904_22_w.jpg,no spore head or distinctively trishanku FB with solid stalk on top of a spore head.,
012904_23,V30558,D1017_,REMI,Undeterminable,weak; late,Undeterminable,,,,,N,Undeterminable,Undeterminable,Aberrant,,hinted_012904/rp012904_23_0450S.mov,hinted_012904_slug/rp012904p2_23.mov,rp012904_wavelet_jpeg/rp012904_23_w.jpg,low cell density; some multi nucleate cells during axenic growth; partial FB small and aberrant morph,
012904_24,V30567,D1017_,REMI,Wild Type,,Wild Type,,,,,Y (drop tails),Wild Type,Wild Type,Wild Type,,hinted_012904/rp012904_24_0002S.mov,hinted_012904_slug/rp012904p2_24.mov,rp012904_wavelet_jpeg/rp012904_24_w.jpg,,
012904_25,V30564,D1017_,REMI,Wild Type,,Wild Type,,,,,Y (drop tails),Wild Type,Wild Type,Wild Type,,hinted_012904/rp012904_25_0002S.mov,hinted_012904_slug/rp012904p2_25.mov,rp012904_wavelet_jpeg/rp012904_25_w.jpg,,
012904_26,V30573,D1017_,REMI,Wild Type,,Wild Type,,,,,Y (drop tails),Wild Type,Wild Type,Wild Type,,hinted_012904/rp012904_26_0002S.mov,hinted_012904_slug/rp012904p2_26.mov,rp012904_wavelet_jpeg/rp012904_26_w.jpg,,
012904_27,V30570,D1017_,REMI,Wild Type,,Wild Type,,,,,Y (drop tails),Wild Type,Wild Type,Wild Type,,hinted_012904/rp012904_27_0025S.mov,hinted_012904_slug/rp012904p2_27.mov,rp012904_wavelet_jpeg/rp012904_27_w.jpg,,
012904_28,V30580,D1017_,REMI,Wild Type,,Wild Type,,,,,Y (drop tails),Wild Type,Wild Type,Wild Type,,hinted_012904/rp012904_28_0050S.mov,hinted_012904_slug/rp012904p2_28.mov,rp012904_wavelet_jpeg/rp012904_28_w.jpg,medium cell density,
012904_29,V30577,D1017_,REMI,Wild Type,,Wild Type,,,,,Y (drop tails),Wild Type,Wild Type,Wild Type,,hinted_012904/rp012904_29_0050S.mov,hinted_012904_slug/rp012904p2_29.mov,rp012904_wavelet_jpeg/rp012904_29_w.jpg,medium low cell density,
020204_00,V30584,D1017_,REMI,Wild Type,,Wild Type,,,,,,Wild Type,Wild Type,Wild Type,,,hinted_020204_slug/rp020204p2_00.mov,rp020204_wavelet_jpeg/rp020204_00_w.jpg,,
020204_01,V30581,D1017_,REMI,Wild Type,,Wild Type,,,,,,Wild Type,Wild Type,Wild Type,,,hinted_020204_slug/rp020204p2_01.mov,rp020204_wavelet_jpeg/rp020204_01_w.jpg,,
020204_02,V30591,D1017_,REMI,Wild Type,,Wild Type,,,,,,Wild Type,Wild Type,Wild Type,,,hinted_020204_slug/rp020204p2_02.mov,rp020204_wavelet_jpeg/rp020204_02_w.jpg,,
020204_03,V30587,D1017_,REMI,Wild Type,,Wild Type,,,,,,Wild Type,Wild Type,Wild Type,,,hinted_020204_slug/rp020204p2_03.mov,rp020204_wavelet_jpeg/rp020204_03_w.jpg,,
020204_04,V30603,D1018_,REMI,Wild Type,,Wild Type,,,,,,Wild Type,Wild Type,Wild Type,,,hinted_020204_slug/rp020204p2_04.mov,rp020204_wavelet_jpeg/rp020204_04_w.jpg,,
020204_05,V30595,D1017_,REMI,Wild Type,,Wild Type,,,,,,Wild Type,Wild Type,Wild Type,,,hinted_020204_slug/rp020204p2_05.mov,rp020204_wavelet_jpeg/rp020204_05_w.jpg,,
020204_06,V30609,D1018_,REMI,Wild Type,,Wild Type,,,,,,Wild Type,Wild Type,Wild Type,,,hinted_020204_slug/rp020204p2_06.mov,rp020204_wavelet_jpeg/rp020204_06_w.jpg,,
020204_07,V30606,D1018_,REMI,Aberrant,"late, weak",Aberrant,,,,,,Wild Type,Wild Type,Wild Type,,,hinted_020204_slug/rp020204p2_07.mov,rp020204_wavelet_jpeg/rp020204_07_w.jpg,moderately chemotactic cell morphology during axenic growth; stalky FB (minor),
020204_08,V30616,D1018_,REMI,Wild Type,,Wild Type,,,,,,Wild Type,Wild Type,Wild Type,,,hinted_020204_slug/rp020204p2_08.mov,rp020204_wavelet_jpeg/rp020204_08_w.jpg,,
020204_09,V30612,D1018_,REMI,Wild Type,,Wild Type,,,,,,Wild Type,Wild Type,Wild Type,,,hinted_020204_slug/rp020204p2_09.mov,rp020204_wavelet_jpeg/rp020204_09_w.jpg,,
020204_10,V30585,D1017_,REMI,Wild Type,,Wild Type,,,,,,Wild Type,Wild Type,Wild Type,,,hinted_020204_slug/rp020204p2_10.mov,rp020204_wavelet_jpeg/rp020204_10_w.jpg,snaky stalk,
020204_11,V30582,D1017_,REMI,Wild Type,,Undeterminable,breakup,,,,,Wild Type,Wild Type,Wild Type,,,hinted_020204_slug/rp020204p2_11.mov,rp020204_wavelet_jpeg/rp020204_11_w.jpg,,
020204_12,V30592,D1017_,REMI,Wild Type,,Wild Type,,,,,,Wild Type,Wild Type,Wild Type,,,hinted_020204_slug/rp020204p2_12.mov,rp020204_wavelet_jpeg/rp020204_12_w.jpg,slugger?(minor),
020204_13,V30588,D1017_,REMI,Wild Type,,Wild Type,,,,,,Wild Type,Wild Type,Wild Type,,,hinted_020204_slug/rp020204p2_13.mov,rp020204_wavelet_jpeg/rp020204_13_w.jpg,,
020204_14,V30604,D1018_,REMI,Aberrant,amplitude mod,Wild Type,breakup,,,,Aberrant,Aberrant,Aberrant,Wild Type,,,hinted_020204_slug/rp020204p2_14.mov,rp020204_wavelet_jpeg/rp020204_14_w.jpg,,
020204_15,V30596,D1017_,REMI,Aberrant,low frequency (minor),Aberrant,,,,,,Wild Type,Wild Type,Wild Type,,,hinted_020204_slug/rp020204p2_15.mov,rp020204_wavelet_jpeg/rp020204_15_w.jpg,stalky FB (minor),
020204_16,V30610,D1018_,REMI,Wild Type,,Wild Type,,,,,,Wild Type,Wild Type,Wild Type,,,hinted_020204_slug/rp020204p2_16.mov,rp020204_wavelet_jpeg/rp020204_16_w.jpg,slugger,
020504_01,V30619,D1018_,REMI,Wild Type,,Wild Type,,,,,Y (drop tails),Wild Type,,Wild Type,,hinted_020504/rp020504_01_0002S.mov,hinted_020504_slug/rp020504p2_01.mov,rp020504_wavelet_jpeg/rp020504_01_w.jpg,,
020204_18,V30617,D1018_,REMI,Wild Type,,Wild Type,,,,,,Wild Type,Wild Type,Wild Type,,,hinted_020204_slug/rp020204p2_18.mov,rp020204_wavelet_jpeg/rp020204_18_w.jpg,,
020204_19,V30614,D1018_,REMI,Wild Type,,Wild Type,,,,,,Wild Type,Wild Type,Wild Type,,,hinted_020204_slug/rp020204p2_19.mov,rp020204_wavelet_jpeg/rp020204_19_w.jpg,,
020204_20,V30586,D1017_,REMI,Wild Type,,Wild Type,,,,,,Wild Type,Wild Type,Wild Type,,,hinted_020204_slug/rp020204p2_20.mov,rp020204_wavelet_jpeg/rp020204_20_w.jpg,,
020204_21,V30583,D1017_,REMI,Wild Type,,Wild Type,,,,,,Wild Type,Wild Type,Wild Type,,,hinted_020204_slug/rp020204p2_21.mov,rp020204_wavelet_jpeg/rp020204_21_w.jpg,,
020204_22,V30594,D1017_,REMI,Wild Type,,Wild Type,,,,,,Wild Type,Wild Type,Wild Type,,,hinted_020204_slug/rp020204p2_22.mov,rp020204_wavelet_jpeg/rp020204_22_w.jpg,medium low cell density,
020204_23,V30589,D1017_,REMI,Wild Type,,Wild Type,,,,,,Wild Type,Wild Type,Wild Type,,,hinted_020204_slug/rp020204p2_23.mov,rp020204_wavelet_jpeg/rp020204_23_w.jpg,,
020204_24,V30605,D1018_,REMI,Wild Type,late; large territory,Wild Type,,,,,,Wild Type,Wild Type,Wild Type,,,hinted_020204_slug/rp020204p2_24.mov,rp020204_wavelet_jpeg/rp020204_24_w.jpg,medium low cell density,
020204_25,V30601,D1018_,REMI,Wild Type,,Wild Type,,,,,,Wild Type,Wild Type,Wild Type,,,hinted_020204_slug/rp020204p2_25.mov,rp020204_wavelet_jpeg/rp020204_25_w.jpg,,
020204_26,V30611,D1018_,REMI,Wild Type,,Wild Type,,,,,,Wild Type,Wild Type,Wild Type,,,hinted_020204_slug/rp020204p2_26.mov,rp020204_wavelet_jpeg/rp020204_26_w.jpg,,
020204_27,V30608,D1018_,REMI,Wild Type,,Wild Type,,,,,,Wild Type,Wild Type,Wild Type,,,hinted_020204_slug/rp020204p2_27.mov,rp020204_wavelet_jpeg/rp020204_27_w.jpg,,
020204_28,V30618,D1018_,REMI,Wild Type,,Wild Type,,,,,,Wild Type,Wild Type,Wild Type,,,hinted_020204_slug/rp020204p2_28.mov,rp020204_wavelet_jpeg/rp020204_28_w.jpg,,
020204_29,V30615,D1018_,REMI,Wild Type,,Wild Type,,,,,,Wild Type,Wild Type,Wild Type,,,hinted_020204_slug/rp020204p2_29.mov,rp020204_wavelet_jpeg/rp020204_29_w.jpg,,
020504_00,V30622,D1018_,REMI,Wild Type,,Wild Type,,,,,Y (drop tails),Wild Type,,Wild Type,,hinted_020504/rp020504_00_0002S.mov,hinted_020504_slug/rp020504p2_00.mov,rp020504_wavelet_jpeg/rp020504_00_w.jpg,,
020504_02,V30629,D1018_,REMI,Wild Type,,Wild Type,,,,,Y (drop tails),Wild Type,,Wild Type,,hinted_020504/rp020504_02_0002S.mov,hinted_020504_slug/rp020504p2_02.mov,rp020504_wavelet_jpeg/rp020504_02_w.jpg,,
020504_03,V30625,D1018_,REMI,Wild Type,,Wild Type,,,,,Y (drop tails),Wild Type,,Wild Type,,hinted_020504/rp020504_03_0025S.mov,hinted_020504_slug/rp020504p2_03.mov,rp020504_wavelet_jpeg/rp020504_03_w.jpg,,
020504_04,V30635,D1018_,REMI,Wild Type,,Wild Type,,,,,Y (drop tails),Wild Type,,Wild Type,,hinted_020504/rp020504_04_0002S.mov,hinted_020504_slug/rp020504p2_04.mov,rp020504_wavelet_jpeg/rp020504_04_w.jpg,,
020504_05,V30632,D1018_,REMI,Wild Type,,Wild Type,,,,,Y (drop tails),Wild Type,,Wild Type,,hinted_020504/rp020504_05_0025S.mov,hinted_020504_slug/rp020504p2_05.mov,rp020504_wavelet_jpeg/rp020504_05_w.jpg,,
020504_06,V30641,D1018_,REMI,Wild Type,,Wild Type,,,,,Y (drop tails),Wild Type,,Wild Type,,hinted_020504/rp020504_06_0025S.mov,hinted_020504_slug/rp020504p2_06.mov,rp020504_wavelet_jpeg/rp020504_06_w.jpg,,
020504_07,V30638,D1018_,REMI,Wild Type,,Wild Type,,,,,Y (drop tails),Wild Type,,Wild Type,,hinted_020504/rp020504_07_0002S.mov,hinted_020504_slug/rp020504p2_07.mov,rp020504_wavelet_jpeg/rp020504_07_w.jpg,,
020504_08,V30647,D1018_,REMI,Wild Type,,Wild Type,,,,,Y (drop tails),Wild Type,,Wild Type,,hinted_020504/rp020504_08_0002S.mov,hinted_020504_slug/rp020504p2_08.mov,rp020504_wavelet_jpeg/rp020504_08_w.jpg,,
020504_09,V30644,D1018_,REMI,Wild Type,,Wild Type,,,,,Y (drop tails),Wild Type,,Wild Type,,hinted_020504/rp020504_09_0002S.mov,hinted_020504_slug/rp020504p2_09.mov,rp020504_wavelet_jpeg/rp020504_09_w.jpg,,
020504_10,V30623,D1018_,REMI,Wild Type,aggregates breakup,Aberrant,,,,,Undeterminable,Aberrant,,Wild Type,,hinted_020504/rp020504_10_0002S.mov,hinted_020504_slug/rp020504p2_10.mov,rp020504_wavelet_jpeg/rp020504_10_w.jpg,normal FBs but noticeably many smaller mounds show developmental arrest,
020504_11,V30620,D1018_,REMI,Wild Type,,Wild Type,,,,,Y (drop tails),Aberrant,,Wild Type,,hinted_020504/rp020504_11_0002S.mov,hinted_020504_slug/rp020504p2_11.mov,rp020504_wavelet_jpeg/rp020504_11_w.jpg,normal FBs except some with noticeably glassy spore head,
020504_12,V30630,D1018_,REMI,Wild Type,,Wild Type,,,,,Y (drop tails),Wild Type,,Wild Type,,hinted_020504/rp020504_12_0002S.mov,hinted_020504_slug/rp020504p2_12.mov,rp020504_wavelet_jpeg/rp020504_12_w.jpg,,
020504_13,V30626,D1018_,REMI,Wild Type,,Wild Type,,,,,Y (drop tails),Wild Type,,Wild Type,,hinted_020504/rp020504_13_0002S.mov,hinted_020504_slug/rp020504p2_13.mov,rp020504_wavelet_jpeg/rp020504_13_w.jpg,,
020504_14,V30636,D1018_,REMI,Wild Type,,Wild Type,,,,,Y (drop tails),Wild Type,,Wild Type,,hinted_020504/rp020504_14_0002S.mov,hinted_020504_slug/rp020504p2_14.mov,rp020504_wavelet_jpeg/rp020504_14_w.jpg,,
020504_15,V30633,D1018_,REMI,Wild Type,,Wild Type,,,,,Y (drop tails),Wild Type,,Wild Type,,hinted_020504/rp020504_15_0025S.mov,hinted_020504_slug/rp020504p2_15.mov,rp020504_wavelet_jpeg/rp020504_15_w.jpg,,
020504_16,V30642,D1018_,REMI,Aberrant,reverse polarity; late streaming,Wild Type,,,developmental arrest,None,N,None,,Wild Type,,hinted_020504/rp020504_16_0025S.mov,hinted_020504_slug/rp020504p2_16.mov,rp020504_wavelet_jpeg/rp020504_16_w.jpg,developmental arrest at mound stage (also observed on KA/SM); some protrusions,
020504_17,V30639,D1018_,REMI,Wild Type,,Wild Type,,,,,Y (drop tails),Wild Type,,Wild Type,,hinted_020504/rp020504_17_0025S.mov,hinted_020504_slug/rp020504p2_17.mov,rp020504_wavelet_jpeg/rp020504_17_w.jpg,,
020504_18,V30648,D1018_,REMI,Wild Type,,Wild Type,,,,,Y (drop tails),Wild Type,,Wild Type,,hinted_020504/rp020504_18_0002S.mov,hinted_020504_slug/rp020504p2_18.mov,rp020504_wavelet_jpeg/rp020504_18_w.jpg,slugger?,
020504_19,V30645,D1018_,REMI,Wild Type,,Wild Type,,,,,Y (drop tails),Wild Type,,Wild Type,,hinted_020504/rp020504_19_0002S.mov,hinted_020504_slug/rp020504p2_19.mov,rp020504_wavelet_jpeg/rp020504_19_w.jpg,,
020504_20,V30624,D1018_,REMI,Wild Type,,Wild Type,,,,,Y (drop tails),Wild Type,,Wild Type,,hinted_020504/rp020504_20_0025S.mov,hinted_020504_slug/rp020504p2_20.mov,rp020504_wavelet_jpeg/rp020504_20_w.jpg,uneven plating,
020504_21,V30621,D1018_,REMI,Wild Type,,Wild Type,,,,,Y (drop tails),Wild Type,,Wild Type,,hinted_020504/rp020504_21_0002S.mov,hinted_020504_slug/rp020504p2_21.mov,rp020504_wavelet_jpeg/rp020504_21_w.jpg,,
020504_22,V30631,D1018_,REMI,Wild Type,,Wild Type,,,,,Y (drop tails),Wild Type,,Wild Type,,hinted_020504/rp020504_22_0002S.mov,hinted_020504_slug/rp020504p2_22.mov,rp020504_wavelet_jpeg/rp020504_22_w.jpg,,
020504_23,V30627,D1018_,REMI,Wild Type,,Wild Type,,,,,Y (drop tails),Wild Type,,Wild Type,,hinted_020504/rp020504_23_0002S.mov,hinted_020504_slug/rp020504p2_23.mov,rp020504_wavelet_jpeg/rp020504_23_w.jpg,medium low cell density,
020504_24,V30637,D1018_,REMI,Wild Type,,Wild Type,,,,,Y (drop tails),Wild Type,,Wild Type,,hinted_020504/rp020504_24_0025S.mov,hinted_020504_slug/rp020504p2_24.mov,rp020504_wavelet_jpeg/rp020504_24_w.jpg,,
020504_25,V30634,D1018_,REMI,Wild Type,,Wild Type,,,,,Y (drop tails),Wild Type,,Wild Type,,hinted_020504/rp020504_25_0002S.mov,hinted_020504_slug/rp020504p2_25.mov,rp020504_wavelet_jpeg/rp020504_25_w.jpg,,
020504_26,V30643,D1018_,REMI,Wild Type,,Wild Type,,,,,Y (drop tails),Wild Type,,Wild Type,,hinted_020504/rp020504_26_0025S.mov,hinted_020504_slug/rp020504p2_26.mov,rp020504_wavelet_jpeg/rp020504_26_w.jpg,,
020504_27,V30640,D1018_,REMI,Wild Type,,Wild Type,,,,,Y (drop tails),Wild Type,,Wild Type,,hinted_020504/rp020504_27_0002S.mov,hinted_020504_slug/rp020504p2_27.mov,rp020504_wavelet_jpeg/rp020504_27_w.jpg,,
020504_28,V30649,D1018_,REMI,Wild Type,large territory,Wild Type,,,,,Y (drop tails),Wild Type,,Wild Type,,hinted_020504/rp020504_28_0025S.mov,hinted_020504_slug/rp020504p2_28.mov,rp020504_wavelet_jpeg/rp020504_28_w.jpg,,
020504_29,V30646,D1018_,REMI,Wild Type,,Wild Type,,,,,Y (drop tails),Wild Type,,Wild Type,,hinted_020504/rp020504_29_0002S.mov,hinted_020504_slug/rp020504p2_29.mov,rp020504_wavelet_jpeg/rp020504_29_w.jpg,a few FBs with large spore head,
020904_00,V30653,D1018_,REMI,Wild Type,,Wild Type,,,,,Y (drop tails),Wild Type,,Wild Type,,hinted_020904/rp020904_00_0002S.mov,hinted_020904_slug/rp020904p2_00.mov,rp020904_wavelet_jpeg/rp020904_00_w.jpg,,
020904_01,V30650,D1018_,REMI,Wild Type,,Wild Type,,,,,Y (drop tails),Wild Type,,Wild Type,,hinted_020904/rp020904_01_0002S.mov,hinted_020904_slug/rp020904p2_01.mov,rp020904_wavelet_jpeg/rp020904_01_w.jpg,,
020904_02,V30662,D1018_,REMI,Wild Type,,Wild Type,,,,,Y (drop tails),Wild Type,,Wild Type,,hinted_020904/rp020904_02_0002S.mov,hinted_020904_slug/rp020904p2_02.mov,rp020904_wavelet_jpeg/rp020904_02_w.jpg,,
020904_03,V30658,D1018_,REMI,Wild Type,,Wild Type,,,,,Y (drop tails),Wild Type,,Wild Type,,hinted_020904/rp020904_03_0002S.mov,hinted_020904_slug/rp020904p2_03.mov,rp020904_wavelet_jpeg/rp020904_03_w.jpg,,
020904_04,V30669,D1018_,REMI,Wild Type,,Wild Type,,,,,Y (drop tails),Wild Type,,Wild Type,,hinted_020904/rp020904_04_0002S.mov,hinted_020904_slug/rp020904p2_04.mov,rp020904_wavelet_jpeg/rp020904_04_w.jpg,,
020904_05,V30665,D1018_,REMI,Wild Type,,Wild Type,,,,,Y (drop tails),Wild Type,,Wild Type,,hinted_020904/rp020904_05_0002S.mov,hinted_020904_slug/rp020904p2_05.mov,rp020904_wavelet_jpeg/rp020904_05_w.jpg,,
020904_06,V30675,D1018_,REMI,Wild Type,,Wild Type,,,,,Y (drop tails),Wild Type,,Wild Type,,hinted_020904/rp020904_06_0002S.mov,hinted_020904_slug/rp020904p2_06.mov,rp020904_wavelet_jpeg/rp020904_06_w.jpg,,
020904_07,V30672,D1018_,REMI,Wild Type,,Wild Type,,,,,Y (drop tails),Wild Type,,Wild Type,,hinted_020904/rp020904_07_0002S.mov,hinted_020904_slug/rp020904p2_07.mov,rp020904_wavelet_jpeg/rp020904_07_w.jpg,,
020904_08,V30682,D1018_,REMI,Wild Type,late; noisy,Undeterminable,,,,,,Wild Type,,Wild Type,,hinted_020904/rp020904_08_0050S.mov,hinted_020904_slug/rp020904p2_08.mov,rp020904_wavelet_jpeg/rp020904_08_w.jpg,slightly polar morphology during axenic growth; medium low plating density,
020904_09,V30679,D1018_,REMI,Wild Type,,Wild Type,,,,,Y (drop tails),Wild Type,,Wild Type,,hinted_020904/rp020904_09_0002S.mov,hinted_020904_slug/rp020904p2_09.mov,rp020904_wavelet_jpeg/rp020904_09_w.jpg,,
020904_10,V30655,D1018_,REMI,Wild Type,,Wild Type,,,,,Y (drop tails),Wild Type,,Wild Type,,hinted_020904/rp020904_10_0002S.mov,hinted_020904_slug/rp020904p2_10.mov,rp020904_wavelet_jpeg/rp020904_10_w.jpg,,
020904_11,V30651,D1018_,REMI,Wild Type,,Wild Type,,,,,Y (drop tails),Wild Type,,Wild Type,,hinted_020904/rp020904_11_0002S.mov,hinted_020904_slug/rp020904p2_11.mov,rp020904_wavelet_jpeg/rp020904_11_w.jpg,,
020904_12,V30663,D1018_,REMI,Wild Type,,Wild Type,,,,,Y (drop tails),Wild Type,,Wild Type,,hinted_020904/rp020904_12_0002S.mov,hinted_020904_slug/rp020904p2_12.mov,rp020904_wavelet_jpeg/rp020904_12_w.jpg,,
020904_13,V30659,D1018_,REMI,Wild Type,,Wild Type,,,,,Y (drop tails),Wild Type,,Wild Type,,hinted_020904/rp020904_13_0002S.mov,hinted_020904_slug/rp020904p2_13.mov,rp020904_wavelet_jpeg/rp020904_13_w.jpg,,
020904_14,V30670,D1018_,REMI,Wild Type,,Wild Type,,,,,Y (drop tails),Wild Type,,Wild Type,,hinted_020904/rp020904_14_0002S.mov,hinted_020904_slug/rp020904p2_14.mov,rp020904_wavelet_jpeg/rp020904_14_w.jpg,,
020904_15,V30666,D1018_,REMI,Undeterminable,weak; large territory,Undeterminable,,,,,,Aberrant,,Wild Type,,hinted_020904/rp020904_15_0250S.mov,hinted_020904_slug/rp020904p2_15.mov,rp020904_wavelet_jpeg/rp020904_15_w.jpg,chemotactic cell morphology during axenic growth; easy detachment; low plating density; very small FB; partial glassy spore head; partial trishanku,
020904_16,V30676,D1018_,REMI,Wild Type,,Wild Type,,,,,Y (drop tails),Wild Type,,Wild Type,,hinted_020904/rp020904_16_0002S.mov,hinted_020904_slug/rp020904p2_16.mov,rp020904_wavelet_jpeg/rp020904_16_w.jpg,,
020904_17,V30673,D1018_,REMI,Aberrant,local,Aberrant,,,,,,Aberrant,,Wild Type,,hinted_020904/rp020904_17_0002S.mov,hinted_020904_slug/rp020904p2_17.mov,rp020904_wavelet_jpeg/rp020904_17_w.jpg,very small FB (also observed on KA/SM); partial developmental arrest at the mound stage,
020904_18,V30683,D1018_,REMI,Wild Type,,Wild Type,,,,,Y (drop tails),Wild Type,,Wild Type,,hinted_020904/rp020904_18_0002S.mov,hinted_020904_slug/rp020904p2_18.mov,rp020904_wavelet_jpeg/rp020904_18_w.jpg,,
020904_19,V30680,D1018_,REMI,Wild Type,,Wild Type,,,,,Y (drop tails),Wild Type,,Wild Type,,hinted_020904/rp020904_19_0002S.mov,hinted_020904_slug/rp020904p2_19.mov,rp020904_wavelet_jpeg/rp020904_19_w.jpg,,
020904_20,V30656,D1018_,REMI,Wild Type,,Wild Type,,,,,Y (drop tails),Wild Type,,Wild Type,,hinted_020904/rp020904_20_0002S.mov,hinted_020904_slug/rp020904p2_20.mov,rp020904_wavelet_jpeg/rp020904_20_w.jpg,,
020904_21,V30652,D1018_,REMI,Wild Type,,Wild Type,,,,,Y (drop tails),Wild Type,,Wild Type,,hinted_020904/rp020904_21_0002S.mov,hinted_020904_slug/rp020904p2_21.mov,rp020904_wavelet_jpeg/rp020904_21_w.jpg,,
020904_22,V30664,D1018_,REMI,Wild Type,,Wild Type,,,,,Y (drop tails),Wild Type,,Wild Type,,hinted_020904/rp020904_22_0002S.mov,hinted_020904_slug/rp020904p2_22.mov,rp020904_wavelet_jpeg/rp020904_22_w.jpg,,
020904_23,V30661,D1018_,REMI,Wild Type,,Wild Type,,,,,Y (drop tails),Wild Type,,Wild Type,,hinted_020904/rp020904_23_0002S.mov,hinted_020904_slug/rp020904p2_23.mov,rp020904_wavelet_jpeg/rp020904_23_w.jpg,,
020904_24,V30671,D1018_,REMI,Wild Type,,Wild Type,,,,,Y (drop tails),Wild Type,,Wild Type,,hinted_020904/rp020904_24_0002S.mov,hinted_020904_slug/rp020904p2_24.mov,rp020904_wavelet_jpeg/rp020904_24_w.jpg,,
020904_25,V30667,D1018_,REMI,Wild Type,,Wild Type,,,,,Y (drop tails),Wild Type,,Wild Type,,hinted_020904/rp020904_25_0002S.mov,hinted_020904_slug/rp020904p2_25.mov,rp020904_wavelet_jpeg/rp020904_25_w.jpg,,
020904_26,V30678,D1018_,REMI,Wild Type,,Wild Type,,,,,Y (drop tails),Wild Type,,Wild Type,,hinted_020904/rp020904_26_0002S.mov,hinted_020904_slug/rp020904p2_26.mov,rp020904_wavelet_jpeg/rp020904_26_w.jpg,,
020904_27,V30674,D1018_,REMI,Wild Type,,Wild Type,,,,,Y (drop tails),Wild Type,,Wild Type,,hinted_020904/rp020904_27_0002S.mov,hinted_020904_slug/rp020904p2_27.mov,rp020904_wavelet_jpeg/rp020904_27_w.jpg,,
020904_28,V30684,D1018_,REMI,Wild Type,,Wild Type,,,,,Y (drop tails),Wild Type,,Wild Type,,hinted_020904/rp020904_28_0002S.mov,hinted_020904_slug/rp020904p2_28.mov,rp020904_wavelet_jpeg/rp020904_28_w.jpg,,
020904_29,V30681,D1018_,REMI,Wild Type,,Wild Type,,,,,Y (drop tails),Wild Type,,Wild Type,,hinted_020904/rp020904_29_0002S.mov,hinted_020904_slug/rp020904p2_29.mov,rp020904_wavelet_jpeg/rp020904_29_w.jpg,,
021204_00,V30688,D1018,REMI,Aberrant,weak,Aberrant,,,,,Y (small),Aberrant,,Wild Type,,hinted_021204/rp021204_00_0002S.mov,hinted_021204_slug/rp021204p2_00.mov,rp021204_wavelet_jpeg/rp021204_00_w.jpg,chemotactic cell morphology during axenic growth; wimpy FB,
021204_01,V30685,D1018,REMI,Wild Type,,Wild Type,,,,,Y (small),Wild Type,,Wild Type,,hinted_021204/rp021204_01_0002S.mov,hinted_021204_slug/rp021204p2_01.mov,rp021204_wavelet_jpeg/rp021204_01_w.jpg,,
021204_02,V30694,D1018,REMI,Wild Type,,Wild Type,,,,,Y (drop tails),Wild Type,,Wild Type,,hinted_021204/rp021204_02_0002S.mov,hinted_021204_slug/rp021204p2_02.mov,rp021204_wavelet_jpeg/rp021204_02_w.jpg,,
021204_03,V30691,D1018,REMI,Wild Type,,Wild Type,,,,,Y (drop tails),Wild Type,,Wild Type,,hinted_021204/rp021204_03_0002S.mov,hinted_021204_slug/rp021204p2_03.mov,rp021204_wavelet_jpeg/rp021204_03_w.jpg,,
021204_04,V30706,D1019,REMI,Wild Type,large teritory,Wild Type,,,,,Y (drop tails),Wild Type,,Wild Type,,hinted_021204/rp021204_04_0002S.mov,hinted_021204_slug/rp021204p2_04.mov,rp021204_wavelet_jpeg/rp021204_04_w.jpg,minor cell morphology during axenic growth; little migration,
021204_05,V30702,D1019,REMI,Wild Type,,Wild Type,,,,,Y (drop tails),Wild Type,,Wild Type,,hinted_021204/rp021204_05_0002S.mov,hinted_021204_slug/rp021204p2_05.mov,rp021204_wavelet_jpeg/rp021204_05_w.jpg,,
021204_06,V30712,D1019,REMI,Wild Type,,Wild Type,,,,,Y (drop tails),Wild Type,,Wild Type,,hinted_021204/rp021204_06_0002S.mov,hinted_021204_slug/rp021204p2_06.mov,rp021204_wavelet_jpeg/rp021204_06_w.jpg,,
021204_07,V30709,D1019,REMI,Wild Type,,Wild Type,,,,,Y (drop tails),Wild Type,,Wild Type,,hinted_021204/rp021204_07_0002S.mov,hinted_021204_slug/rp021204p2_07.mov,rp021204_wavelet_jpeg/rp021204_07_w.jpg,little migration,
021204_08,V30718,D1019,REMI,Wild Type,,Wild Type,,,,,Y (drop tails),Wild Type,,Wild Type,,hinted_021204/rp021204_08_0002S.mov,hinted_021204_slug/rp021204p2_08.mov,rp021204_wavelet_jpeg/rp021204_08_w.jpg,,
021204_09,V30715,D1019,REMI,Wild Type,,Wild Type,,,,,Y (drop tails),Wild Type,,Wild Type,,hinted_021204/rp021204_09_0002S.mov,hinted_021204_slug/rp021204p2_09.mov,rp021204_wavelet_jpeg/rp021204_09_w.jpg,,
021204_10,V30689,D1018,REMI,Wild Type,,Wild Type,,,,,Y (drop tails),Wild Type,,Wild Type,,hinted_021204/rp021204_10_0002S.mov,hinted_021204_slug/rp021204p2_10.mov,rp021204_wavelet_jpeg/rp021204_10_w.jpg,,
021204_11,V30686,D1018,REMI,Wild Type,,Wild Type,,,,,Y (drop tails),Wild Type,,Wild Type,,hinted_021204/rp021204_11_0002S.mov,hinted_021204_slug/rp021204p2_11.mov,rp021204_wavelet_jpeg/rp021204_11_w.jpg,,
021204_12,V30695,D1018,REMI,Wild Type,,Wild Type,,,,,Y (drop tails),Wild Type,,Wild Type,,hinted_021204/rp021204_12_0002S.mov,hinted_021204_slug/rp021204p2_12.mov,rp021204_wavelet_jpeg/rp021204_12_w.jpg,,
021204_13,V30692,D1018,REMI,Wild Type,,Wild Type,,,,,Y (drop tails),Wild Type,,Wild Type,,hinted_021204/rp021204_13_0002S.mov,hinted_021204_slug/rp021204p2_13.mov,rp021204_wavelet_jpeg/rp021204_13_w.jpg,,
021204_14,V30707,D1019,REMI,Wild Type,,Wild Type,,,,,Y (drop tails),Wild Type,,Wild Type,,hinted_021204/rp021204_14_0002S.mov,hinted_021204_slug/rp021204p2_14.mov,rp021204_wavelet_jpeg/rp021204_14_w.jpg,,
021204_15,V30704,D1019,REMI,Wild Type,,Wild Type,,,,,Y (drop tails),Wild Type,,Wild Type,,hinted_021204/rp021204_15_0002S.mov,hinted_021204_slug/rp021204p2_15.mov,rp021204_wavelet_jpeg/rp021204_15_w.jpg,,
021204_16,V30713,D1019,REMI,Wild Type,,Wild Type,,,,,Y (drop tails),Wild Type,,Wild Type,,hinted_021204/rp021204_16_0002S.mov,hinted_021204_slug/rp021204p2_16.mov,rp021204_wavelet_jpeg/rp021204_16_w.jpg,,
021204_17,V30710,D1019,REMI,Wild Type,,Wild Type,,,,,Y (drop tails),Wild Type,,Wild Type,,hinted_021204/rp021204_17_0002S.mov,hinted_021204_slug/rp021204p2_17.mov,rp021204_wavelet_jpeg/rp021204_17_w.jpg,,
021204_18,V30719,D1019,REMI,Wild Type,,Wild Type,,,,,Y (drop tails),Wild Type,,Wild Type,,hinted_021204/rp021204_18_0002S.mov,hinted_021204_slug/rp021204p2_18.mov,rp021204_wavelet_jpeg/rp021204_18_w.jpg,,
021204_19,V30716,D1019,REMI,Wild Type,,Wild Type,,,,,Y,Wild Type,,Wild Type,,hinted_021204/rp021204_19_0002S.mov,hinted_021204_slug/rp021204p2_19.mov,rp021204_wavelet_jpeg/rp021204_19_w.jpg,fungi contamination?,
021204_20,V30690,D1018,REMI,Wild Type,,Wild Type,,,,,Y (drop tails),Wild Type,,Wild Type,,hinted_021204/rp021204_20_0002S.mov,hinted_021204_slug/rp021204p2_20.mov,rp021204_wavelet_jpeg/rp021204_20_w.jpg,,
021204_21,V30687,D1018,REMI,Wild Type,,Wild Type,,,,,Y (drop tails),Wild Type,,Wild Type,,hinted_021204/rp021204_21_0002S.mov,hinted_021204_slug/rp021204p2_21.mov,rp021204_wavelet_jpeg/rp021204_21_w.jpg,,
021204_22,V30701,D1019,REMI,Wild Type,,Wild Type,,,,,Y (drop tails),Wild Type,,Wild Type,,hinted_021204/rp021204_22_0002S.mov,hinted_021204_slug/rp021204p2_22.mov,rp021204_wavelet_jpeg/rp021204_22_w.jpg,,
021204_23,V30693,D1018,REMI,Wild Type,,Wild Type,,,,,Y (drop tails),Wild Type,,Wild Type,,hinted_021204/rp021204_23_0002S.mov,hinted_021204_slug/rp021204p2_23.mov,rp021204_wavelet_jpeg/rp021204_23_w.jpg,,
021204_24,V30708,D1019,REMI,Undeterminable,,Undeterminable,,,,,Y (small),Aberrant,,Wild Type,,hinted_021204/rp021204_24_0275S.mov,hinted_021204_slug/rp021204p2_24.mov,rp021204_wavelet_jpeg/rp021204_24_w.jpg,reached confluency; needs to be redone; extremely wimpy FB,
021204_25,V30705,D1019,REMI,Wild Type,,Wild Type,,,,,Y (drop tails),Wild Type,,Wild Type,,hinted_021204/rp021204_25_0002S.mov,hinted_021204_slug/rp021204p2_25.mov,rp021204_wavelet_jpeg/rp021204_25_w.jpg,,
021204_26,V30714,D1019,REMI,Wild Type,,Wild Type,,,,,Y (drop tails),Wild Type,,Wild Type,,hinted_021204/rp021204_26_0002S.mov,hinted_021204_slug/rp021204p2_26.mov,rp021204_wavelet_jpeg/rp021204_26_w.jpg,medium-high cell density,
021204_27,V30711,D1019,REMI,Wild Type,,Wild Type,,,,,Y (drop tails),Wild Type,,Wild Type,,hinted_021204/rp021204_27_0002S.mov,hinted_021204_slug/rp021204p2_27.mov,rp021204_wavelet_jpeg/rp021204_27_w.jpg,medium-low cell density,
021204_28,V30720,D1019,REMI,Wild Type,,Wild Type,,,,,Y (drop tails),Wild Type,,Wild Type,,hinted_021204/rp021204_28_0002S.mov,hinted_021204_slug/rp021204p2_28.mov,rp021204_wavelet_jpeg/rp021204_28_w.jpg,,
021204_29,V30717,D1019,REMI,Wild Type,,Wild Type,,,,,Y (drop tails),Wild Type,,Wild Type,,hinted_021204/rp021204_29_0002S.mov,hinted_021204_slug/rp021204p2_29.mov,rp021204_wavelet_jpeg/rp021204_29_w.jpg,,
022604_00,V30724,D1019,REMI,Aberrant,,Aberrant,,,,,,Wild Type,,Wild Type,,hinted_022604/rp022604_00_0350S.mov,hinted_022604_slug/rp022604p2_00.mov,rp022604_wavelet_jpeg/rp022604_00_w.jpg,aberrant flat cell morph during axenic growth; medium low plating density; small FB,
022604_01,V30721,D1019,REMI,Wild Type,,Wild Type,,,,,,Wild Type,,Wild Type,,hinted_022604/rp022604_01_0025S.mov,hinted_022604_slug/rp022604p2_01.mov,rp022604_wavelet_jpeg/rp022604_01_w.jpg,,
022604_02,V30730,D1019,REMI,Wild Type,,Wild Type,,,,,,Wild Type,,Wild Type,,hinted_022604/rp022604_02_0025S.mov,hinted_022604_slug/rp022604p2_02.mov,rp022604_wavelet_jpeg/rp022604_02_w.jpg,,
022604_03,V30727,D1019,REMI,Wild Type,,Wild Type,,,,,,Wild Type,,Wild Type,,hinted_022604/rp022604_03_0150S.mov,hinted_022604_slug/rp022604p2_03.mov,rp022604_wavelet_jpeg/rp022604_03_w.jpg,medium-low plating density; small FB,
022604_04,V30738,D1019,REMI,Wild Type,,Wild Type,,,,,,Wild Type,,Wild Type,,hinted_022604/rp022604_04_0002S.mov,hinted_022604_slug/rp022604p2_04.mov,rp022604_wavelet_jpeg/rp022604_04_w.jpg,,
022604_05,V30735,D1019,REMI,Wild Type,,Wild Type,,,,,,Wild Type,,Wild Type,,hinted_022604/rp022604_05_0002S.mov,hinted_022604_slug/rp022604p2_05.mov,rp022604_wavelet_jpeg/rp022604_05_w.jpg,confluent,
022604_06,V30744,D1019,REMI,Wild Type,,Wild Type,,,,,,Wild Type,,Wild Type,,hinted_022604/rp022604_06_0050S.mov,hinted_022604_slug/rp022604p2_06.mov,rp022604_wavelet_jpeg/rp022604_06_w.jpg,minor difference in cell morphology during axenic growth,
022604_07,V30741,D1019,REMI,Wild Type,,Wild Type,,,,,,Wild Type,,Wild Type,,hinted_022604/rp022604_07_0002S.mov,hinted_022604_slug/rp022604p2_07.mov,rp022604_wavelet_jpeg/rp022604_07_w.jpg,,
022604_08,V30751,D1019,REMI,Wild Type,,Wild Type,,,,,,Wild Type,,Wild Type,,hinted_022604/rp022604_08_0025S.mov,hinted_022604_slug/rp022604p2_08.mov,rp022604_wavelet_jpeg/rp022604_08_w.jpg,,
022604_09,V30748,D1019,REMI,Wild Type,,Wild Type,,,,,,Wild Type,,Wild Type,,hinted_022604/rp022604_09_0025S.mov,hinted_022604_slug/rp022604p2_09.mov,rp022604_wavelet_jpeg/rp022604_09_w.jpg,confluent,
022604_10,V30725,D1019,REMI,Wild Type,,Wild Type,,,,,,Wild Type,,Wild Type,,hinted_022604/rp022604_10_0002S.mov,hinted_022604_slug/rp022604p2_10.mov,rp022604_wavelet_jpeg/rp022604_10_w.jpg,,
022604_11,V30722,D1019,REMI,Wild Type,spiral turbulence,Wild Type,,,,,,Wild Type,,Wild Type,,hinted_022604/rp022604_11_0002S.mov,hinted_022604_slug/rp022604p2_11.mov,rp022604_wavelet_jpeg/rp022604_11_w.jpg,,
022604_12,V30731,D1019,REMI,Wild Type,,Wild Type,,,,,,Wild Type,,Wild Type,,hinted_022604/rp022604_12_0002S.mov,hinted_022604_slug/rp022604p2_12.mov,rp022604_wavelet_jpeg/rp022604_12_w.jpg,,
022604_13,V30728,D1019,REMI,Wild Type,,Wild Type,,,,,,Wild Type,,Wild Type,,hinted_022604/rp022604_13_0002S.mov,hinted_022604_slug/rp022604p2_13.mov,rp022604_wavelet_jpeg/rp022604_13_w.jpg,,
022604_14,V30739,D1019,REMI,Wild Type,,Wild Type,,,,,,Wild Type,,Wild Type,,hinted_022604/rp022604_14_0002S.mov,hinted_022604_slug/rp022604p2_14.mov,rp022604_wavelet_jpeg/rp022604_14_w.jpg,,
022604_15,V30736,D1019,REMI,Wild Type,,Wild Type,,,,,,Wild Type,,Wild Type,,hinted_022604/rp022604_15_0025S.mov,hinted_022604_slug/rp022604p2_15.mov,rp022604_wavelet_jpeg/rp022604_15_w.jpg,,
022604_16,V30745,D1019,REMI,Wild Type,,Wild Type,,,,,,Wild Type,,Wild Type,,hinted_022604/rp022604_16_0025S.mov,hinted_022604_slug/rp022604p2_16.mov,rp022604_wavelet_jpeg/rp022604_16_w.jpg,,
022604_17,V30742,D1019,REMI,Wild Type,,Wild Type,,,,,,Wild Type,,Wild Type,,hinted_022604/rp022604_17_0002S.mov,hinted_022604_slug/rp022604p2_17.mov,rp022604_wavelet_jpeg/rp022604_17_w.jpg,,
022604_18,V30753,D1019,REMI,Wild Type,,Wild Type,,,,,,Wild Type,,Wild Type,,hinted_022604/rp022604_18_0002S.mov,hinted_022604_slug/rp022604p2_18.mov,rp022604_wavelet_jpeg/rp022604_18_w.jpg,,
022604_19,V30749,D1019,REMI,Wild Type,,Wild Type,,,,,,Wild Type,,Wild Type,,hinted_022604/rp022604_19_0025S.mov,hinted_022604_slug/rp022604p2_19.mov,rp022604_wavelet_jpeg/rp022604_19_w.jpg,,
022604_20,V30726,D1019,REMI,Wild Type,,Wild Type,,,,,,Wild Type,,Wild Type,,hinted_022604/rp022604_20_0002S.mov,hinted_022604_slug/rp022604p2_20.mov,rp022604_wavelet_jpeg/rp022604_20_w.jpg,,
022604_21,V30723,D1019,REMI,Wild Type,,Wild Type,,,,,,Wild Type,,Wild Type,,hinted_022604/rp022604_21_0002S.mov,hinted_022604_slug/rp022604p2_21.mov,rp022604_wavelet_jpeg/rp022604_21_w.jpg,,
022604_22,V30734,D1019,REMI,Wild Type,,Wild Type,,,,,,Wild Type,,Wild Type,,hinted_022604/rp022604_22_0002S.mov,hinted_022604_slug/rp022604p2_22.mov,rp022604_wavelet_jpeg/rp022604_22_w.jpg,confluent,
022604_23,V30729,D1019,REMI,Wild Type,,Wild Type,,,,,,Wild Type,,Wild Type,,hinted_022604/rp022604_23_0002S.mov,hinted_022604_slug/rp022604p2_23.mov,rp022604_wavelet_jpeg/rp022604_23_w.jpg,,
022604_24,V30740,D1019,REMI,Aberrant,,Aberrant,,,,,,Wild Type,,Aberrant,,hinted_022604/rp022604_24_0100S.mov,hinted_022604_slug/rp022604p2_24.mov,rp022604_wavelet_jpeg/rp022604_24_w.jpg,"large flat cells, large chemotactic morph cells during axenic growth; medium low plating density; small FB",
022604_25,V30737,D1019,REMI,Wild Type,,Wild Type,,,,,,Wild Type,,Wild Type,,hinted_022604/rp022604_25_0025S.mov,hinted_022604_slug/rp022604p2_25.mov,rp022604_wavelet_jpeg/rp022604_25_w.jpg,,
022604_26,V30746,D1019,REMI,Wild Type,,Wild Type,,,,,,Wild Type,,Wild Type,,hinted_022604/rp022604_26_0002S.mov,hinted_022604_slug/rp022604p2_26.mov,rp022604_wavelet_jpeg/rp022604_26_w.jpg,,
022604_27,V30743,D1019,REMI,Wild Type,late,Wild Type,,,,,,Wild Type,,Wild Type,,hinted_022604/rp022604_27_0125S.mov,hinted_022604_slug/rp022604p2_27.mov,rp022604_wavelet_jpeg/rp022604_27_w.jpg,low platin density,
022604_28,V30756,D1019,REMI,Wild Type,,Wild Type,,,,,,Wild Type,,Wild Type,,hinted_022604/rp022604_28_0025S.mov,hinted_022604_slug/rp022604p2_28.mov,rp022604_wavelet_jpeg/rp022604_28_w.jpg,,
022604_29,V30750,D1019,REMI,Aberrant,,Aberrant,,,,,,Wild Type,,Wild Type,,hinted_022604/rp022604_29_0100S.mov,hinted_022604_slug/rp022604p2_29.mov,rp022604_wavelet_jpeg/rp022604_29_w.jpg,minor polarized chemotactic cell morph during axenic growth; medium low cell density; small FB,
030104_00,V30760,D1019,REMI,Wild Type,,Wild Type,,,,,,Wild Type,,Wild Type,,hinted_030104/rp030104_00_0002S.mov,hinted_030104_slug/rp030104p2_00.mov,rp030104_wavelet_jpeg/rp030104_00_w.jpg,,
030104_01,V30757,D1019,REMI,Wild Type,late,Wild Type,,,,,,Wild Type,,Wild Type,,hinted_030104/rp030104_01_0150S.mov,hinted_030104_slug/rp030104p2_01.mov,rp030104_wavelet_jpeg/rp030104_01_w.jpg,flat aberrant cell morph; medium-low plating density,
030104_02,V30766,D1019,REMI,Undeterminable,late,Undeterminable,,,,,,Wild Type,,Wild Type,,hinted_030104/rp030104_02_0100S.mov,hinted_030104_slug/rp030104p2_02.mov,rp030104_wavelet_jpeg/rp030104_02_w.jpg,medium-low plating density,
030104_03,V30763,D1019,REMI,Undeterminable,late,Aberrant,,,,,,Wild Type,,Wild Type,,hinted_030104/rp030104_03_0200S.mov,hinted_030104_slug/rp030104p2_03.mov,rp030104_wavelet_jpeg/rp030104_03_w.jpg,minor polarized cell morph; med-low cell density,
030104_04,V30773,D1019,REMI,Wild Type,,Wild Type,,,,,,Wild Type,,Wild Type,,hinted_030104/rp030104_04_0025S.mov,hinted_030104_slug/rp030104p2_04.mov,rp030104_wavelet_jpeg/rp030104_04_w.jpg,,
030104_05,V30769,D1019,REMI,Wild Type,,Wild Type,,,,,Y (drop tails),Wild Type,,Wild Type,,hinted_030104/rp030104_05_0002S.mov,hinted_030104_slug/rp030104p2_05.mov,rp030104_wavelet_jpeg/rp030104_05_w.jpg,confluent,
030104_06,V30780,D1019,REMI,Wild Type,,Wild Type,,,,,Y (drop tails),Wild Type,,Wild Type,,hinted_030104/rp030104_06_0025S.mov,hinted_030104_slug/rp030104p2_06.mov,rp030104_wavelet_jpeg/rp030104_06_w.jpg,,
030104_07,V30776,D1019,REMI,Wild Type,,Wild Type,,,,,Y (drop tails),Wild Type,,Wild Type,,hinted_030104/rp030104_07_0025S.mov,hinted_030104_slug/rp030104p2_07.mov,rp030104_wavelet_jpeg/rp030104_07_w.jpg,,
030104_08,V30787,D1019,REMI,Wild Type,,Wild Type,,,,,,Wild Type,,Wild Type,,hinted_030104/rp030104_08_0050S.mov,hinted_030104_slug/rp030104p2_08.mov,rp030104_wavelet_jpeg/rp030104_08_w.jpg,,
030104_09,V30784,D1019,REMI,Wild Type,,Wild Type,,,,,Y (drop tails),Wild Type,,Wild Type,,hinted_030104/rp030104_09_0002S.mov,hinted_030104_slug/rp030104p2_09.mov,rp030104_wavelet_jpeg/rp030104_09_w.jpg,,
030104_10,V30761,D1019,REMI,Wild Type,,Wild Type,,,,,Y (small),Wild Type,,Wild Type,,hinted_030104/rp030104_10_0002S.mov,hinted_030104_slug/rp030104p2_10.mov,rp030104_wavelet_jpeg/rp030104_10_w.jpg,confluent,
030104_11,V30758,D1019,REMI,Undeterminable,late,Undeterminable,,,,,,Wild Type,,Wild Type,,hinted_030104/rp030104_11_0300S.mov,hinted_030104_slug/rp030104p2_11.mov,rp030104_wavelet_jpeg/rp030104_11_w.jpg,aberrant cell morph; low plating density,
030104_12,V30767,D1019,REMI,Wild Type,,Wild Type,,,,,Y (small),Wild Type,,Wild Type,,hinted_030104/rp030104_12_0002S.mov,hinted_030104_slug/rp030104p2_12.mov,rp030104_wavelet_jpeg/rp030104_12_w.jpg,,
030104_13,V30764,D1019,REMI,Wild Type,,Wild Type,,,,,Y (drop tails),Wild Type,,Wild Type,,hinted_030104/rp030104_13_0002S.mov,hinted_030104_slug/rp030104p2_13.mov,rp030104_wavelet_jpeg/rp030104_13_w.jpg,,
030104_14,V30774,D1019,REMI,Wild Type,,Wild Type,,,,,,Wild Type,,Wild Type,,hinted_030104/rp030104_14_0025S.mov,hinted_030104_slug/rp030104p2_14.mov,rp030104_wavelet_jpeg/rp030104_14_w.jpg,,
030104_15,V30771,D1019,REMI,Undeterminable,late,Undeterminable,,,,,Y (small),Wild Type,,Wild Type,,hinted_030104/rp030104_15_0200S.mov,hinted_030104_slug/rp030104p2_15.mov,rp030104_wavelet_jpeg/rp030104_15_w.jpg,,
030104_16,V30781,D1019,REMI,Wild Type,,Wild Type,,,,,Y (drop tails),Wild Type,,Wild Type,,hinted_030104/rp030104_16_0025S.mov,hinted_030104_slug/rp030104p2_16.mov,rp030104_wavelet_jpeg/rp030104_16_w.jpg,,
030104_17,V30777,D1019,REMI,Wild Type,late,Wild Type,breakup,,,,,Wild Type,,Wild Type,,hinted_030104/rp030104_17_0100S.mov,hinted_030104_slug/rp030104p2_17.mov,rp030104_wavelet_jpeg/rp030104_17_w.jpg,medium-low plating density,
030104_18,V30788,D1019,REMI,Wild Type,,Wild Type,,,,,,Wild Type,,Wild Type,,hinted_030104/rp030104_18_0025S.mov,hinted_030104_slug/rp030104p2_18.mov,rp030104_wavelet_jpeg/rp030104_18_w.jpg,,
030104_19,V30785,D1019,REMI,Wild Type,,Wild Type,,,,,Y (drop tails),Wild Type,,Wild Type,,hinted_030104/rp030104_19_0002S.mov,hinted_030104_slug/rp030104p2_19.mov,rp030104_wavelet_jpeg/rp030104_19_w.jpg,,
030104_20,V30762,D1019,REMI,Wild Type,,Wild Type,,,,,,Wild Type,,Wild Type,,hinted_030104/rp030104_20_0002S.mov,hinted_030104_slug/rp030104p2_20.mov,rp030104_wavelet_jpeg/rp030104_20_w.jpg,confluent,
030104_21,V30759,D1019,REMI,Undeterminable,fast,Aberrant,,,,,Y (small),Wild Type,,Wild Type,,hinted_030104/rp030104_21_0002S.mov,hinted_030104_slug/rp030104p2_21.mov,rp030104_wavelet_jpeg/rp030104_21_w.jpg,,
030104_22,V30768,D1019,REMI,Wild Type,late,Undeterminable,,,,,,Wild Type,,Wild Type,,hinted_030104/rp030104_22_0002S.mov,hinted_030104_slug/rp030104p2_22.mov,rp030104_wavelet_jpeg/rp030104_22_w.jpg,medium-low plating density,
030104_23,V30765,D1019,REMI,Wild Type,,Wild Type,,,,,Y (small),Wild Type,,Wild Type,,hinted_030104/rp030104_23_0002S.mov,hinted_030104_slug/rp030104p2_23.mov,rp030104_wavelet_jpeg/rp030104_23_w.jpg,,
030104_24,V30775,D1019,REMI,Wild Type,,Wild Type,,,,,,Wild Type,,Wild Type,,hinted_030104/rp030104_24_0050S.mov,hinted_030104_slug/rp030104p2_24.mov,rp030104_wavelet_jpeg/rp030104_24_w.jpg,,
030104_25,V30772,D1019,REMI,Wild Type,,Wild Type,,,,,,Wild Type,,Wild Type,,hinted_030104/rp030104_25_0050S.mov,hinted_030104_slug/rp030104p2_25.mov,rp030104_wavelet_jpeg/rp030104_25_w.jpg,,
030104_26,V30782,D1019,REMI,Wild Type,,Wild Type,,,,,,Wild Type,,Wild Type,,hinted_030104/rp030104_26_0050S.mov,hinted_030104_slug/rp030104p2_26.mov,rp030104_wavelet_jpeg/rp030104_26_w.jpg,,
030104_27,V30778,D1019,REMI,Wild Type,,Wild Type,,,,,,Wild Type,,Wild Type,,hinted_030104/rp030104_27_0025S.mov,hinted_030104_slug/rp030104p2_27.mov,rp030104_wavelet_jpeg/rp030104_27_w.jpg,,
030104_28,V30789,D1019,REMI,Aberrant,delayed,Undeterminable,,,,,Y (small),Wild Type,,Aberrant,,hinted_030104/rp030104_28_0150S.mov,hinted_030104_slug/rp030104p2_28.mov,rp030104_wavelet_jpeg/rp030104_28_w.jpg,polarized cell morphology; low plating density,
030104_29,V30786,D1019,REMI,Wild Type,,Wild Type,,,,,,Wild Type,,Wild Type,,hinted_030104/rp030104_29_0050S.mov,hinted_030104_slug/rp030104p2_29.mov,rp030104_wavelet_jpeg/rp030104_29_w.jpg,,
030404_00,V30793,D1019,REMI,Wild Type,late,Undeterminable,,,,,,Wild Type,,Wild Type,,hinted_030404/rp030404_00_0125S.mov,hinted_030404_slug/rp030404p2_00.mov,rp030404_wavelet_jpeg/rp030404_00_w.jpg,medium-low plating density,
030404_01,AX4,,,Undeterminable,late,Undeterminable,,,,,,Undeterminable,,Aberrant,,hinted_030404/rp030404_01_0325S.mov,hinted_030404_slug/rp030404p2_01.mov,rp030404_wavelet_jpeg/rp030404_01_w.jpg,aberrant flat cell morphology; low,
030404_02,V30803,D1020,REMI,Wild Type,,Wild Type,,,,,,Wild Type,,Wild Type,,hinted_030404/rp030404_02_0002S.mov,hinted_030404_slug/rp030404p2_02.mov,rp030404_wavelet_jpeg/rp030404_02_w.jpg,,
030404_03,V30796,D1019,REMI,Wild Type,,Wild Type,,,,,,Wild Type,,Wild Type,,hinted_030404/rp030404_03_0002S.mov,hinted_030404_slug/rp030404p2_03.mov,rp030404_wavelet_jpeg/rp030404_03_w.jpg,,
030404_04,V30809,D1020,REMI,Undeterminable,,Undeterminable,,,,,,Undeterminable,,Wild Type,,,hinted_030404_slug/rp030404p2_04.mov,rp030404_wavelet_jpeg/rp030404_04_w.jpg,low plating density,
030404_05,V30806,D1020,REMI,Wild Type,,Wild Type,,,,,,Wild Type,,Wild Type,,hinted_030404/rp030404_05_0025S.mov,hinted_030404_slug/rp030404p2_05.mov,rp030404_wavelet_jpeg/rp030404_05_w.jpg,,
030404_06,V30815,D1020,REMI,Wild Type,,Wild Type,,,,,,Wild Type,,Wild Type,,hinted_030404/rp030404_06_0002S.mov,hinted_030404_slug/rp030404p2_06.mov,rp030404_wavelet_jpeg/rp030404_06_w.jpg,,
030404_07,V30812,D1020,REMI,Wild Type,,Wild Type,,,,,,Wild Type,,Wild Type,,hinted_030404/rp030404_07_0100S.mov,hinted_030404_slug/rp030404p2_07.mov,rp030404_wavelet_jpeg/rp030404_07_w.jpg,,
030404_08,V30821,D1020,REMI,Wild Type,,Wild Type,,,,,,Wild Type,,Wild Type,,hinted_030404/rp030404_08_0002S.mov,hinted_030404_slug/rp030404p2_08.mov,rp030404_wavelet_jpeg/rp030404_08_w.jpg,,
030404_09,V30818,D1020,REMI,Wild Type,,Wild Type,,,,,,Wild Type,,Wild Type,,hinted_030404/rp030404_09_0002S.mov,hinted_030404_slug/rp030404p2_09.mov,rp030404_wavelet_jpeg/rp030404_09_w.jpg,,
030404_10,V30794,D1019,REMI,Wild Type,targets,Aberrant,,,,,,Wild Type,,Wild Type,,hinted_030404/rp030404_10_0002S.mov,hinted_030404_slug/rp030404p2_10.mov,rp030404_wavelet_jpeg/rp030404_10_w.jpg,,
030404_11,V30791,D1019,REMI,Wild Type,,Wild Type,,,,,,Wild Type,,Wild Type,,hinted_030404/rp030404_11_0002S.mov,hinted_030404_slug/rp030404p2_11.mov,rp030404_wavelet_jpeg/rp030404_11_w.jpg,,
030404_12,V30804,D1020,REMI,Undeterminable,,Undeterminable,,,,,,Undeterminable,,Wild Type,,hinted_030404/rp030404_12_0450S.mov,hinted_030404_slug/rp030404p2_12.mov,rp030404_wavelet_jpeg/rp030404_12_w.jpg,aberrant cell morph; low plating density,
030404_13,V30801,D1020,REMI,Wild Type,,Wild Type,,,,,,Wild Type,,Wild Type,,hinted_030404/rp030404_13_0002S.mov,hinted_030404_slug/rp030404p2_13.mov,rp030404_wavelet_jpeg/rp030404_13_w.jpg,,
030404_14,V30810,D1020,REMI,Wild Type,,Wild Type,,,,,,Wild Type,,Wild Type,,hinted_030404/rp030404_14_0002S.mov,hinted_030404_slug/rp030404p2_14.mov,rp030404_wavelet_jpeg/rp030404_14_w.jpg,,
030404_15,V30807,D1020,REMI,Wild Type,late,Aberrant,,,,,,Wild Type,,Wild Type,,hinted_030404/rp030404_15_0150S.mov,hinted_030404_slug/rp030404p2_15.mov,rp030404_wavelet_jpeg/rp030404_15_w.jpg,medium-low plating density; small FB,
030404_16,V30816,D1020,REMI,Wild Type,,Wild Type,,,,,,Wild Type,,Wild Type,,hinted_030404/rp030404_16_0002S.mov,hinted_030404_slug/rp030404p2_16.mov,rp030404_wavelet_jpeg/rp030404_16_w.jpg,,
030404_17,V30813,D1020,REMI,Wild Type,,Wild Type,,,,,,Wild Type,,Wild Type,,hinted_030404/rp030404_17_0002S.mov,hinted_030404_slug/rp030404p2_17.mov,rp030404_wavelet_jpeg/rp030404_17_w.jpg,,
030404_18,V30822,D1020,REMI,Wild Type,late,Wild Type,,,,,,Wild Type,,Wild Type,,hinted_030404/rp030404_18_0200S.mov,hinted_030404_slug/rp030404p2_18.mov,rp030404_wavelet_jpeg/rp030404_18_w.jpg,aberrant cell morph; medium-low plating density; small FB,
030404_19,V30819,D1020,REMI,Wild Type,,Aberrant,,,,,,Wild Type,,Wild Type,,hinted_030404/rp030404_19_0050S.mov,hinted_030404_slug/rp030404p2_19.mov,rp030404_wavelet_jpeg/rp030404_19_w.jpg,,
030404_20,V30795,D1019,REMI,Wild Type,,Wild Type,,,,,,Wild Type,,Wild Type,,hinted_030404/rp030404_20_0002S.mov,hinted_030404_slug/rp030404p2_20.mov,rp030404_wavelet_jpeg/rp030404_20_w.jpg,,
030404_21,V30792,D1019,REMI,Wild Type,,Wild Type,,,,,,Wild Type,,Wild Type,,hinted_030404/rp030404_21_0002S.mov,hinted_030404_slug/rp030404p2_21.mov,rp030404_wavelet_jpeg/rp030404_21_w.jpg,,
030404_22,V30805,D1020,REMI,Wild Type,,Wild Type,,,,,,Wild Type,,Wild Type,,hinted_030404/rp030404_22_0002S.mov,hinted_030404_slug/rp030404p2_22.mov,rp030404_wavelet_jpeg/rp030404_22_w.jpg,,
030404_23,V30802,D1020,REMI,Undeterminable,,Undeterminable,,,,,,Undeterminable,,Wild Type,,hinted_030404/rp030404_23_0450S.mov,hinted_030404_slug/rp030404p2_23.mov,rp030404_wavelet_jpeg/rp030404_23_w.jpg,polarized cell morph; low plating density,
030404_24,V30811,D1020,REMI,Wild Type,,Wild Type,,,,,,Wild Type,,Wild Type,,hinted_030404/rp030404_24_0002S.mov,hinted_030404_slug/rp030404p2_24.mov,rp030404_wavelet_jpeg/rp030404_24_w.jpg,,
030404_25,V30808,D1020,REMI,Wild Type,,Wild Type,,,,,,Wild Type,,Wild Type,,hinted_030404/rp030404_25_0150S.mov,hinted_030404_slug/rp030404p2_25.mov,rp030404_wavelet_jpeg/rp030404_25_w.jpg,,
030404_26,V30817,D1020,REMI,Wild Type,,Wild Type,,,,,,Wild Type,,Wild Type,,hinted_030404/rp030404_26_0002S.mov,hinted_030404_slug/rp030404p2_26.mov,rp030404_wavelet_jpeg/rp030404_26_w.jpg,,
030404_27,V30814,D1020,REMI,Aberrant,,Aberrant,,,,,,Wild Type,,Wild Type,,hinted_030404/rp030404_27_0025S.mov,hinted_030404_slug/rp030404p2_27.mov,rp030404_wavelet_jpeg/rp030404_27_w.jpg,minor polarized cell morph; small FB,
030404_28,V30823,D1020,REMI,Wild Type,,Wild Type,,,,,,Wild Type,,Wild Type,,hinted_030404/rp030404_28_0002S.mov,hinted_030404_slug/rp030404p2_28.mov,rp030404_wavelet_jpeg/rp030404_28_w.jpg,,
030404_29,V30820,D1020,REMI,Wild Type,,Wild Type,,,,,,Wild Type,,Wild Type,,hinted_030404/rp030404_29_0002S.mov,hinted_030404_slug/rp030404p2_29.mov,rp030404_wavelet_jpeg/rp030404_29_w.jpg,,
030804_00,V30827,D1020,REMI,Wild Type,,Wild Type,,,,,,Wild Type,,Wild Type,,hinted_030804/rp030804_00_0001S.mov,hinted_030804_slug/rp030804p2_00.mov,rp030804_wavelet_jpeg/rp030804_00_w.jpg,,
030804_01,V30824,D1020,REMI,Wild Type,,Wild Type,,,,,,Wild Type,,Wild Type,,hinted_030804/rp030804_01_0001S.mov,hinted_030804_slug/rp030804p2_01.mov,rp030804_wavelet_jpeg/rp030804_01_w.jpg,,
030804_02,blank,,,,,,,,,,,,,,,,,,,
030804_03,V30830,D1020,REMI,Wild Type,,Wild Type,,,,,,Wild Type,,Wild Type,,hinted_030804/rp030804_03_0001S.mov,hinted_030804_slug/rp030804p2_03.mov,rp030804_wavelet_jpeg/rp030804_03_w.jpg,,
030804_04,V30839,D1020,REMI,Wild Type,,Wild Type,,,,,,Wild Type,,Wild Type,,hinted_030804/rp030804_04_0001S.mov,hinted_030804_slug/rp030804p2_04.mov,rp030804_wavelet_jpeg/rp030804_04_w.jpg,,
030804_05,V30836,D1020,REMI,Wild Type,,Wild Type,,,,,,Wild Type,,Wild Type,,hinted_030804/rp030804_05_0001S.mov,hinted_030804_slug/rp030804p2_05.mov,rp030804_wavelet_jpeg/rp030804_05_w.jpg,,
030804_06,V30845,D1020,REMI,Wild Type,,Wild Type,,,,,,Wild Type,,Wild Type,,hinted_030804/rp030804_06_0025S.mov,hinted_030804_slug/rp030804p2_06.mov,rp030804_wavelet_jpeg/rp030804_06_w.jpg,,
030804_07,V30842,D1020,REMI,Wild Type,,Wild Type,,,,,,Wild Type,,Wild Type,,hinted_030804/rp030804_07_0002S.mov,hinted_030804_slug/rp030804p2_07.mov,rp030804_wavelet_jpeg/rp030804_07_w.jpg,,
030804_08,V30851,D1020,REMI,Wild Type,,Wild Type,,,,,,Wild Type,,Wild Type,,hinted_030804/rp030804_08_0001S.mov,hinted_030804_slug/rp030804p2_08.mov,rp030804_wavelet_jpeg/rp030804_08_w.jpg,,
030804_09,V30848,D1020,REMI,Wild Type,,Wild Type,,,,,,Wild Type,,Wild Type,,hinted_030804/rp030804_09_0025S.mov,hinted_030804_slug/rp030804p2_09.mov,rp030804_wavelet_jpeg/rp030804_09_w.jpg,,
030804_10,V30828,D1020,REMI,Wild Type,,Wild Type,,,,,,Wild Type,,Wild Type,,hinted_030804/rp030804_10_0001S.mov,hinted_030804_slug/rp030804p2_10.mov,rp030804_wavelet_jpeg/rp030804_10_w.jpg,,
030804_11,V30825,D1020,REMI,Wild Type,,Wild Type,,,,,,Wild Type,,Wild Type,,hinted_030804/rp030804_11_0001S.mov,hinted_030804_slug/rp030804p2_11.mov,rp030804_wavelet_jpeg/rp030804_11_w.jpg,,
030804_12,V30834,D1020,REMI,Wild Type,,Wild Type,,,,,,Wild Type,,Wild Type,,hinted_030804/rp030804_12_0001S.mov,hinted_030804_slug/rp030804p2_12.mov,rp030804_wavelet_jpeg/rp030804_12_w.jpg,,
030804_13,V30831,D1020,REMI,Wild Type,,Wild Type,,,,,,Wild Type,,Wild Type,,hinted_030804/rp030804_13_0001S.mov,hinted_030804_slug/rp030804p2_13.mov,rp030804_wavelet_jpeg/rp030804_13_w.jpg,,
030804_14,V30840,D1020,REMI,Wild Type,,Wild Type,,,,,,Wild Type,,Wild Type,,hinted_030804/rp030804_14_0001S.mov,hinted_030804_slug/rp030804p2_14.mov,rp030804_wavelet_jpeg/rp030804_14_w.jpg,,
030804_15,V30837,D1020,REMI,Wild Type,,Wild Type,,,,,,Wild Type,,Wild Type,,hinted_030804/rp030804_15_0001S.mov,hinted_030804_slug/rp030804p2_15.mov,rp030804_wavelet_jpeg/rp030804_15_w.jpg,,
030804_16,V30846,D1020,REMI,Undeterminable,,Undeterminable,,,,,,Undeterminable,,Aberrant,,hinted_030804/rp030804_16_0250S.mov,hinted_030804_slug/rp030804p2_16.mov,rp030804_wavelet_jpeg/rp030804_16_w.jpg,aberrant flat cell morphology during axenic growth; low plating density; partial culminant,
030804_17,V30843,D1020,REMI,Wild Type,,Wild Type,,,,,,Wild Type,,Wild Type,,hinted_030804/rp030804_17_0001S.mov,hinted_030804_slug/rp030804p2_17.mov,rp030804_wavelet_jpeg/rp030804_17_w.jpg,,
030804_18,V30852,D1020,REMI,Undeterminable,low frequency,Undeterminable,,,,,,Undeterminable,,Aberrant,,hinted_030804/rp030804_18_0225S.mov,hinted_030804_slug/rp030804p2_18.mov,rp030804_wavelet_jpeg/rp030804_18_w.jpg,aberrant flat cell morphology during axenic growth; med-low plating density; partial culminant,
030804_19,V30849,D1020,REMI,Wild Type,,Wild Type,,,,,,Wild Type,,Wild Type,,hinted_030804/rp030804_19_0001S.mov,hinted_030804_slug/rp030804p2_19.mov,rp030804_wavelet_jpeg/rp030804_19_w.jpg,,
030804_20,V30829,D1020,REMI,Wild Type,,Wild Type,,,,,None,Wild Type,,Wild Type,,hinted_030804/rp030804_20_0001S.mov,hinted_030804_slug/rp030804p2_20.mov,rp030804_wavelet_jpeg/rp030804_20_w.jpg,culmination without migration,
030804_21,V30826,D1020,REMI,Wild Type,,Wild Type,,,,,,Wild Type,,Wild Type,,hinted_030804/rp030804_21_0001S.mov,hinted_030804_slug/rp030804p2_21.mov,rp030804_wavelet_jpeg/rp030804_21_w.jpg,,
030804_22,V30835,D1020,REMI,Aberrant,late; oscillatory,Aberrant,,,,,,Wild Type,,Wild Type,,hinted_030804/rp030804_22_0150S.mov,hinted_030804_slug/rp030804p2_22.mov,rp030804_wavelet_jpeg/rp030804_22_w.jpg,small FB,
030804_23,blank,,,,,,,,,,,,,,,,,,,
030804_24,V30841,D1020,REMI,Wild Type,,Wild Type,,,,,,Wild Type,,Wild Type,,hinted_030804/rp030804_24_0001S.mov,hinted_030804_slug/rp030804p2_24.mov,rp030804_wavelet_jpeg/rp030804_24_w.jpg,,
030804_25,V30838,D1020,REMI,Wild Type,,Wild Type,,,,,,Wild Type,,Wild Type,,hinted_030804/rp030804_25_0001S.mov,hinted_030804_slug/rp030804p2_25.mov,rp030804_wavelet_jpeg/rp030804_25_w.jpg,,
030804_26,V30847,D1020,REMI,Wild Type,,Wild Type,,,,,,Wild Type,,Wild Type,,hinted_030804/rp030804_26_0001S.mov,hinted_030804_slug/rp030804p2_26.mov,rp030804_wavelet_jpeg/rp030804_26_w.jpg,,
030804_27,V30844,D1020,REMI,Wild Type,,Wild Type,,,,,,Wild Type,,Wild Type,,hinted_030804/rp030804_27_0001S.mov,hinted_030804_slug/rp030804p2_27.mov,rp030804_wavelet_jpeg/rp030804_27_w.jpg,,
030804_28,V30853,D1020,REMI,Undeterminable,oscillatory breakup,Aberrant,,,,,,Wild Type,,Wild Type,,hinted_030804/rp030804_28_0100S.mov,hinted_030804_slug/rp030804p2_28.mov,rp030804_wavelet_jpeg/rp030804_28_w.jpg,,
030804_29,V30850,D1020,REMI,Wild Type,,Wild Type,,,,,,Wild Type,,Wild Type,,hinted_030804/rp030804_29_0001S.mov,hinted_030804_slug/rp030804p2_29.mov,rp030804_wavelet_jpeg/rp030804_29_w.jpg,,
031104_00,V30856,D1020,REMI,Wild Type,,Wild Type,,,,,,Wild Type,,Wild Type,,hinted_031104/rp031104_00_0001S.mov,hinted_031104_slug/rp031104p2_00.mov,rp031104_wavelet_jpeg/rp031104_00_w.jpg,,
031104_01,V30790,D1020,REMI,Wild Type,,Wild Type,,,,,,Wild Type,,Wild Type,,hinted_031104/rp031104_01_0001S.mov,hinted_031104_slug/rp031104p2_01.mov,rp031104_wavelet_jpeg/rp031104_01_w.jpg,,
031104_02,V30862,D1020,REMI,Wild Type,,Wild Type,,,,,,Wild Type,,Wild Type,,hinted_031104/rp031104_02_0001S.mov,hinted_031104_slug/rp031104p2_02.mov,rp031104_wavelet_jpeg/rp031104_02_w.jpg,,
031104_03,V30859,D1020,REMI,Wild Type,,Wild Type,,,,,,Wild Type,,Wild Type,,hinted_031104/rp031104_03_0001S.mov,hinted_031104_slug/rp031104p2_03.mov,rp031104_wavelet_jpeg/rp031104_03_w.jpg,,
031104_04,V30868,D1020,REMI,Wild Type,,Wild Type,,,,,,Wild Type,,Wild Type,,hinted_031104/rp031104_04_0001S.mov,hinted_031104_slug/rp031104p2_04.mov,rp031104_wavelet_jpeg/rp031104_04_w.jpg,,
031104_05,V30865,D1020,REMI,Wild Type,,Wild Type,,,,,,Wild Type,,Wild Type,,hinted_031104/rp031104_05_0001S.mov,hinted_031104_slug/rp031104p2_05.mov,rp031104_wavelet_jpeg/rp031104_05_w.jpg,,
031104_06,V30874,D1020,REMI,Wild Type,late,Wild Type,,,,,,Wild Type,,Wild Type,,hinted_031104/rp031104_06_0125S.mov,hinted_031104_slug/rp031104p2_06.mov,rp031104_wavelet_jpeg/rp031104_06_w.jpg,medium-low plating density; small FB,
031104_07,V30871,D1020,REMI,Wild Type,,Wild Type,,,,,,Wild Type,,Wild Type,,hinted_031104/rp031104_07_0001S.mov,hinted_031104_slug/rp031104p2_07.mov,rp031104_wavelet_jpeg/rp031104_07_w.jpg,,
031104_08,V30881,D1020,REMI,Wild Type,,Wild Type,,,,,,Wild Type,,Wild Type,,hinted_031104/rp031104_08_0001S.mov,hinted_031104_slug/rp031104p2_08.mov,rp031104_wavelet_jpeg/rp031104_08_w.jpg,,
031104_09,V30877,D1020,REMI,Wild Type,,Wild Type,,,,,,Wild Type,,Wild Type,,hinted_031104/rp031104_09_0001S.mov,hinted_031104_slug/rp031104p2_09.mov,rp031104_wavelet_jpeg/rp031104_09_w.jpg,,
031104_10,V30857,D1020,REMI,Wild Type,,Wild Type,,,,,,Wild Type,,Wild Type,,hinted_031104/rp031104_10_0001S.mov,hinted_031104_slug/rp031104p2_10.mov,rp031104_wavelet_jpeg/rp031104_10_w.jpg,,
031104_11,V30854,D1020,REMI,Wild Type,,Wild Type,,,,,,Wild Type,,Wild Type,,hinted_031104/rp031104_11_0001S.mov,hinted_031104_slug/rp031104p2_11.mov,rp031104_wavelet_jpeg/rp031104_11_w.jpg,,
031104_12,V30863,D1020,REMI,Undeterminable,late,Undeterminable,,,,,,Undeterminable,,Undeterminable,,hinted_031104/rp031104_12_0475S.mov,hinted_031104_slug/rp031104p2_12.mov,rp031104_wavelet_jpeg/rp031104_12_w.jpg,aberrant cell morphology; low plating density; partial FB mostly arrested as flat mound,
031104_13,V30860,D1020,REMI,Wild Type,,Wild Type,,,,,,Wild Type,,Wild Type,,hinted_031104/rp031104_13_0001S.mov,hinted_031104_slug/rp031104p2_13.mov,rp031104_wavelet_jpeg/rp031104_13_w.jpg,,
031104_14,V30869,D1020,REMI,Undeterminable,weak; target,Undeterminable,,,,,,Undeterminable,,Aberrant,,hinted_031104/rp031104_14_0100S.mov,hinted_031104_slug/rp031104p2_14.mov,rp031104_wavelet_jpeg/rp031104_14_w.jpg,cells are slightly homogeneously larger during axenic growth; medium low plating density; aberrant small FB,
031104_15,V30866,D1020,REMI,Wild Type,,Wild Type,,,,,,Wild Type,,Wild Type,,hinted_031104/rp031104_15_0001S.mov,hinted_031104_slug/rp031104p2_15.mov,rp031104_wavelet_jpeg/rp031104_15_w.jpg,,
031104_16,V30875,D1020,REMI,Wild Type,,Wild Type,,,,,,Wild Type,,Wild Type,,hinted_031104/rp031104_16_0001S.mov,hinted_031104_slug/rp031104p2_16.mov,rp031104_wavelet_jpeg/rp031104_16_w.jpg,,
031104_17,V30872,D1020,REMI,Wild Type,,Wild Type,,,,,,Wild Type,,Wild Type,,hinted_031104/rp031104_17_0025S.mov,hinted_031104_slug/rp031104p2_17.mov,rp031104_wavelet_jpeg/rp031104_17_w.jpg,,
031104_18,V30882,D1020,REMI,Undeterminable,late; large terriotory,Undeterminable,,,,,,Wild Type,,Aberrant,,hinted_031104/rp031104_18_0300S.mov,hinted_031104_slug/rp031104p2_18.mov,rp031104_wavelet_jpeg/rp031104_18_w.jpg,cells are small during axenic growth; poor growth; low density,
031104_19,V30879,D1020,REMI,Aberrant,oscillatory; minor amplitude mod,Aberrant,,,,,,Wild Type,,Wild Type,,hinted_031104/rp031104_19_0001S.mov,hinted_031104_slug/rp031104p2_19.mov,rp031104_wavelet_jpeg/rp031104_19_w.jpg,,
031104_20,V30858,D1020,REMI,Wild Type,,Wild Type,,,,,,Wild Type,,Wild Type,,hinted_031104/rp031104_20_0001S.mov,hinted_031104_slug/rp031104p2_20.mov,rp031104_wavelet_jpeg/rp031104_20_w.jpg,,
031104_21,V30855,D1020,REMI,Wild Type,,Wild Type,,,,,,Wild Type,,Wild Type,,hinted_031104/rp031104_21_0001S.mov,hinted_031104_slug/rp031104p2_21.mov,rp031104_wavelet_jpeg/rp031104_21_w.jpg,,
031104_22,V30864,D1020,REMI,Wild Type,,Wild Type,,,,,,Wild Type,,Wild Type,,hinted_031104/rp031104_22_0001S.mov,hinted_031104_slug/rp031104p2_22.mov,rp031104_wavelet_jpeg/rp031104_22_w.jpg,,
031104_23,V30861,D1020,REMI,Wild Type,,Wild Type,,,,,,Wild Type,,Wild Type,,hinted_031104/rp031104_23_0001S.mov,hinted_031104_slug/rp031104p2_23.mov,rp031104_wavelet_jpeg/rp031104_23_w.jpg,,
031104_24,V30870,D1020,REMI,Aberrant,fast oscillations,Wild Type,,,,,,Wild Type,,Wild Type,,hinted_031104/rp031104_24_0001S.mov,hinted_031104_slug/rp031104p2_24.mov,rp031104_wavelet_jpeg/rp031104_24_w.jpg,,
031104_25,V30867,D1020,REMI,Wild Type,,Wild Type,,,,,,Wild Type,,Wild Type,,hinted_031104/rp031104_25_0001S.mov,hinted_031104_slug/rp031104p2_25.mov,rp031104_wavelet_jpeg/rp031104_25_w.jpg,,
031104_26,V30876,D1020,REMI,Aberrant,weak; target,Aberrant,,,,,,Wild Type,,Wild Type,,hinted_031104/rp031104_26_0300S.mov,hinted_031104_slug/rp031104p2_26.mov,rp031104_wavelet_jpeg/rp031104_26_w.jpg,small FB,
031104_27,V30873,D1020,REMI,Undeterminable,,Undeterminable,,,,,,Wild Type,,Wild Type,,hinted_031104/rp031104_27_0150S.mov,hinted_031104_slug/rp031104p2_27.mov,rp031104_wavelet_jpeg/rp031104_27_w.jpg,minor aberrant cell morphology during axenic growth; low plating density;small FB,
031104_28,V30883,D1020,REMI,Wild Type,,Wild Type,,,,,,Wild Type,,Wild Type,,hinted_031104/rp031104_28_0001S.mov,hinted_031104_slug/rp031104p2_28.mov,rp031104_wavelet_jpeg/rp031104_28_w.jpg,,
031104_29,V30880,D1020,REMI,Wild Type,,Wild Type,,,,,,Wild Type,,Wild Type,,hinted_031104/rp031104_29_0001S.mov,hinted_031104_slug/rp031104p2_29.mov,rp031104_wavelet_jpeg/rp031104_29_w.jpg,,
031504_00,V30887,D1020,REMI,Undeterminable,,Undeterminable,,,,,,Wild Type,,Wild Type,,hinted_031504/rp031504_00_0001S.mov,hinted_031504_slug/rp031504p2_00.mov,rp031504_wavelet_jpeg/rp031504_00_w.jpg,bad plating,
031504_01,V30884,D1020,REMI,Wild Type,,Wild Type,,,,,,Wild Type,,Wild Type,,hinted_031504/rp031504_01_0001S.mov,hinted_031504_slug/rp031504p2_01.mov,rp031504_wavelet_jpeg/rp031504_01_w.jpg,,
031504_02,V30893,D1020,REMI,Wild Type,,Wild Type,,,,,,Wild Type,,Wild Type,,hinted_031504/rp031504_02_0025S.mov,hinted_031504_slug/rp031504p2_02.mov,rp031504_wavelet_jpeg/rp031504_02_w.jpg,,
031504_03,V30890,D1020,REMI,Undeterminable,,Undeterminable,,,,,,Wild Type,,Wild Type,,hinted_031504/rp031504_03_0475S.mov,hinted_031504_slug/rp031504p2_03.mov,rp031504_wavelet_jpeg/rp031504_03_w.jpg,medium-low density; small FB,
031504_04,V30903,D1021,REMI,Undeterminable,,Undeterminable,,,,,,Wild Type,,Wild Type,,hinted_031504/rp031504_04_0475S.mov,hinted_031504_slug/rp031504p2_04.mov,rp031504_wavelet_jpeg/rp031504_04_w.jpg,flat cell morph; low density; partial FB,
031504_05,V30896,D1020,REMI,Wild Type,late; large territory,Wild Type,,,,,,Wild Type,,Wild Type,,hinted_031504/rp031504_05_0125S.mov,hinted_031504_slug/rp031504p2_05.mov,rp031504_wavelet_jpeg/rp031504_05_w.jpg,,
031504_06,V30910,D1021,REMI,Wild Type,,Wild Type,,,,,,Wild Type,,Wild Type,,hinted_031504/rp031504_06_0050S.mov,hinted_031504_slug/rp031504p2_06.mov,rp031504_wavelet_jpeg/rp031504_06_w.jpg,,
031504_07,V30907,D1021,REMI,Undeterminable,,Undeterminable,,,,,,Wild Type,,Aberrant,,hinted_031504/rp031504_07_0475S.mov,hinted_031504_slug/rp031504p2_07.mov,rp031504_wavelet_jpeg/rp031504_07_w.jpg,poor growth in axenic medium; small cell morph; low density,
031504_08,V30916,D1021,REMI,Wild Type,,Wild Type,,,,,,Wild Type,,Wild Type,,hinted_031504/rp031504_08_0001S.mov,hinted_031504_slug/rp031504p2_08.mov,rp031504_wavelet_jpeg/rp031504_08_w.jpg,,
031504_09,V30913,D1021,REMI,Wild Type,small territory,Wild Type,,,,,,Wild Type,,Wild Type,,hinted_031504/rp031504_09_0001S.mov,hinted_031504_slug/rp031504p2_09.mov,rp031504_wavelet_jpeg/rp031504_09_w.jpg,,
031504_10,V30888,D1020,REMI,Wild Type,,Wild Type,,,,,,Wild Type,,Wild Type,,hinted_031504/rp031504_10_0001S.mov,hinted_031504_slug/rp031504p2_10.mov,rp031504_wavelet_jpeg/rp031504_10_w.jpg,,
031504_11,V30885,D1020,REMI,Wild Type,,Wild Type,,,,,,Wild Type,,Wild Type,,hinted_031504/rp031504_11_0001S.mov,hinted_031504_slug/rp031504p2_11.mov,rp031504_wavelet_jpeg/rp031504_11_w.jpg,,
031504_12,V30894,D1020,REMI,Undeterminable,,Undeterminable,,,,,,Wild Type,,Wild Type,,hinted_031504/rp031504_12_0300S.mov,hinted_031504_slug/rp031504p2_12.mov,rp031504_wavelet_jpeg/rp031504_12_w.jpg,medium-low density; small FB,
031504_13,V30891,D1020,REMI,Undeterminable,,Undeterminable,,,,,,Wild Type,,Wild Type,,hinted_031504/rp031504_13_0325S.mov,hinted_031504_slug/rp031504p2_13.mov,rp031504_wavelet_jpeg/rp031504_13_w.jpg,lost many cells when plating?,
031504_14,V30904,D1021,REMI,Wild Type,,Wild Type,,,,,,Wild Type,,Wild Type,,hinted_031504/rp031504_14_0050S.mov,hinted_031504_slug/rp031504p2_14.mov,rp031504_wavelet_jpeg/rp031504_14_w.jpg,,
031504_15,V30901,D1021,REMI,Wild Type,,Wild Type,,,,,,Wild Type,,Wild Type,,hinted_031504/rp031504_15_0025S.mov,hinted_031504_slug/rp031504p2_15.mov,rp031504_wavelet_jpeg/rp031504_15_w.jpg,,
031504_16,V30911,D1021,REMI,Wild Type,,Wild Type,,,,,,Wild Type,,Wild Type,,hinted_031504/rp031504_16_0025S.mov,hinted_031504_slug/rp031504p2_16.mov,rp031504_wavelet_jpeg/rp031504_16_w.jpg,medium-low; some large cells,
031504_17,V30908,D1021,REMI,Wild Type,,Wild Type,,,,,,Wild Type,,Wild Type,,hinted_031504/rp031504_17_0001S.mov,hinted_031504_slug/rp031504p2_17.mov,rp031504_wavelet_jpeg/rp031504_17_w.jpg,,
031504_18,V30917,D1021,REMI,Wild Type,,Wild Type,,,,,,Wild Type,,Wild Type,,hinted_031504/rp031504_18_0025S.mov,hinted_031504_slug/rp031504p2_18.mov,rp031504_wavelet_jpeg/rp031504_18_w.jpg,,
031504_19,V30914,D1021,REMI,Wild Type,,Wild Type,,,,,,Wild Type,,Wild Type,,hinted_031504/rp031504_19_0001S.mov,hinted_031504_slug/rp031504p2_19.mov,rp031504_wavelet_jpeg/rp031504_19_w.jpg,,
031504_20,V30889,D1020,REMI,Wild Type,,Wild Type,,,,,,Wild Type,,Wild Type,,hinted_031504/rp031504_20_0001S.mov,hinted_031504_slug/rp031504p2_20.mov,rp031504_wavelet_jpeg/rp031504_20_w.jpg,,
031504_21,V30886,D1020,REMI,Wild Type,,Wild Type,,,,,,Wild Type,,Wild Type,,hinted_031504/rp031504_21_0050S.mov,hinted_031504_slug/rp031504p2_21.mov,rp031504_wavelet_jpeg/rp031504_21_w.jpg,,
031504_22,V30895,D1020,REMI,Undeterminable,,Undeterminable,,,,,,Wild Type,,Undeterminable,,hinted_031504/rp031504_22_0475S.mov,hinted_031504_slug/rp031504p2_22.mov,rp031504_wavelet_jpeg/rp031504_22_w.jpg,low density; small FB,
031504_23,V30892,D1020,REMI,Wild Type,,Wild Type,,,,,,Wild Type,,Wild Type,,hinted_031504/rp031504_23_0050S.mov,hinted_031504_slug/rp031504p2_23.mov,rp031504_wavelet_jpeg/rp031504_23_w.jpg,,
031504_24,V30906,D1021,REMI,Wild Type,,Wild Type,,,,,,Wild Type,,Wild Type,,hinted_031504/rp031504_24_0001S.mov,hinted_031504_slug/rp031504p2_24.mov,rp031504_wavelet_jpeg/rp031504_24_w.jpg,,
031504_25,V30902,D1021,REMI,Wild Type,,Wild Type,,,,,,Wild Type,,Wild Type,,hinted_031504/rp031504_25_0025S.mov,hinted_031504_slug/rp031504p2_25.mov,rp031504_wavelet_jpeg/rp031504_25_w.jpg,,
031504_26,V30912,D1021,REMI,Undeterminable,,Undeterminable,,,,,,Wild Type,,Wild Type,,hinted_031504/rp031504_26_0475S.mov,hinted_031504_slug/rp031504p2_26.mov,rp031504_wavelet_jpeg/rp031504_26_w.jpg,minor polarity in axenic medium; medium-low density,
031504_27,V30909,D1021,REMI,Wild Type,,Wild Type,,,,,,Wild Type,,Wild Type,,hinted_031504/rp031504_27_0001S.mov,hinted_031504_slug/rp031504p2_27.mov,rp031504_wavelet_jpeg/rp031504_27_w.jpg,,
031504_28,V30918,D1021,REMI,Undeterminable,,Undeterminable,,,,,,Wild Type,,Wild Type,,hinted_031504/rp031504_28_0250S.mov,hinted_031504_slug/rp031504p2_28.mov,rp031504_wavelet_jpeg/rp031504_28_w.jpg,aberrant cell morph during axenic growth; medium-low desity,
031504_29,V30915,D1021,REMI,Wild Type,,Wild Type,,,,,,Wild Type,,Wild Type,,hinted_031504/rp031504_29_0001S.mov,hinted_031504_slug/rp031504p2_29.mov,rp031504_wavelet_jpeg/rp031504_29_w.jpg,,
031804_00,V30920,D1021,REMI,Wild Type,,Wild Type,,,,,Wild Type,Wild Type,,Wild Type,,hinted_031804/rp031804_00_0001S.mov,hinted_031804_slug/rp031804p2_00.mov,rp031804_wavelet_jpeg/rp031804_00_w.jpg,,
031804_01,V30832,D1020,REMI,Wild Type,,Wild Type,,,,,,Wild Type,,Wild Type,,hinted_031804/rp031804_01_0001S.mov,hinted_031804_slug/rp031804p2_01.mov,rp031804_wavelet_jpeg/rp031804_01_w.jpg,,
031804_02,V30926,D1021,REMI,Undeterminable,,Undeterminable,,,,,,Wild Type,,Wild Type,,hinted_031804/rp031804_02_0350S.mov,hinted_031804_slug/rp031804p2_02.mov,rp031804_wavelet_jpeg/rp031804_02_w.jpg,medium-low plating density,
031804_03,V30923,D1021,REMI,Aberrant,low amplitude,Wild Type,,,,,Wild Type,Wild Type,,Aberrant,,hinted_031804/rp031804_03_0025S.mov,hinted_031804_slug/rp031804p2_03.mov,rp031804_wavelet_jpeg/rp031804_03_w.jpg,a few percent medium-large cells during axenic growth,
031804_04,V30932,D1021,REMI,Undeterminable,,Undeterminable,,,,,,Wild Type,,Wild Type,,hinted_031804/rp031804_04_0475S.mov,hinted_031804_slug/rp031804p2_04.mov,rp031804_wavelet_jpeg/rp031804_04_w.jpg,low plating density; small FB,
031804_05,V30929,D1021,REMI,Wild Type,,Wild Type,,,,,Wild Type,Wild Type,,Wild Type,,hinted_031804/rp031804_05_0001S.mov,hinted_031804_slug/rp031804p2_05.mov,rp031804_wavelet_jpeg/rp031804_05_w.jpg,,
031804_06,V30938,D1021,REMI,Wild Type,,Wild Type,,,,,Wild Type,Wild Type,,Wild Type,,hinted_031804/rp031804_06_0001S.mov,hinted_031804_slug/rp031804p2_06.mov,rp031804_wavelet_jpeg/rp031804_06_w.jpg,,
031804_07,V30935,D1021,REMI,Wild Type,,Wild Type,,,,,Wild Type,Wild Type,,Wild Type,,hinted_031804/rp031804_07_0001S.mov,hinted_031804_slug/rp031804p2_07.mov,rp031804_wavelet_jpeg/rp031804_07_w.jpg,,
031804_08,V30944,D1021,REMI,Undeterminable,,Undeterminable,,,,,Wild Type,Wild Type,,Wild Type,,hinted_031804/rp031804_08_0475S.mov,hinted_031804_slug/rp031804p2_08.mov,rp031804_wavelet_jpeg/rp031804_08_w.jpg,flat cell morphology during axenic growth; low plating density; partial FB,
031804_09,V30941,D1021,REMI,Wild Type,,Wild Type,,,,,,Wild Type,,Wild Type,,hinted_031804/rp031804_09_0001S.mov,hinted_031804_slug/rp031804p2_09.mov,rp031804_wavelet_jpeg/rp031804_09_w.jpg,,
031804_10,V30921,D1021,REMI,Undeterminable,,Undeterminable,,,,,,Undeterminable,,Aberrant,,hinted_031804/rp031804_10_0475S.mov,hinted_031804_slug/rp031804p2_10.mov,rp031804_wavelet_jpeg/rp031804_10_w.jpg,aberrant cell morphology during axenic growth; poor growth; low plating density; short stalk FB; stalk on substrate,
031804_11,V30833,D1020,REMI,Wild Type,,Wild Type,,,,,,Wild Type,,Wild Type,,hinted_031804/rp031804_11_0001S.mov,hinted_031804_slug/rp031804p2_11.mov,rp031804_wavelet_jpeg/rp031804_11_w.jpg,,
031804_12,V30927,D1021,REMI,Undeterminable,,Undeterminable,,,,,,Wild Type,,Wild Type,,hinted_031804/rp031804_12_0475S.mov,hinted_031804_slug/rp031804p2_12.mov,rp031804_wavelet_jpeg/rp031804_12_w.jpg,flat cell morphology during axenic growth; medium low plating density,
031804_13,V30924,D1021,REMI,Wild Type,,Wild Type,,,,,Wild Type,Wild Type,,Wild Type,,hinted_031804/rp031804_13_0001S.mov,hinted_031804_slug/rp031804p2_13.mov,rp031804_wavelet_jpeg/rp031804_13_w.jpg,,
031804_14,V30933,D1021,REMI,Wild Type,,Wild Type,,,,,Wild Type,Wild Type,,Wild Type,,hinted_031804/rp031804_14_0001S.mov,hinted_031804_slug/rp031804p2_14.mov,rp031804_wavelet_jpeg/rp031804_14_w.jpg,phototactic slugs,
031804_15,V30930,D1021,REMI,Undeterminable,,Wild Type,,,,,,Wild Type,,Wild Type,,hinted_031804/rp031804_15_0350S.mov,hinted_031804_slug/rp031804p2_15.mov,rp031804_wavelet_jpeg/rp031804_15_w.jpg,flat cell morphology during axenic growth; mediium-low plating density,
031804_16,V30939,D1021,REMI,Wild Type,,Wild Type,,,,,Wild Type,Wild Type,,Wild Type,,hinted_031804/rp031804_16_0025S.mov,hinted_031804_slug/rp031804p2_16.mov,rp031804_wavelet_jpeg/rp031804_16_w.jpg,,
031804_17,V30936,D1021,REMI,Wild Type,,Wild Type,,,,,Wild Type,Wild Type,,Wild Type,,hinted_031804/rp031804_17_0001S.mov,hinted_031804_slug/rp031804p2_17.mov,rp031804_wavelet_jpeg/rp031804_17_w.jpg,,
031804_18,V30945,D1021,REMI,Wild Type,,Wild Type,,,,,Wild Type,Wild Type,,Wild Type,,hinted_031804/rp031804_18_0001S.mov,hinted_031804_slug/rp031804p2_18.mov,rp031804_wavelet_jpeg/rp031804_18_w.jpg,,
031804_19,V30942,D1021,REMI,Wild Type,,Wild Type,,,,,Wild Type,Wild Type,,Wild Type,,hinted_031804/rp031804_19_0025S.mov,hinted_031804_slug/rp031804p2_19.mov,rp031804_wavelet_jpeg/rp031804_19_w.jpg,,
031804_20,V30922,D1021,REMI,Wild Type,turbulent,,,,,,,Wild Type,,Wild Type,,hinted_031804/rp031804_20_0001S.mov,hinted_031804_slug/rp031804p2_20.mov,rp031804_wavelet_jpeg/rp031804_20_w.jpg,,
031804_21,V30919,D1021,REMI,Wild Type,,Wild Type,,,,,Wild Type,Wild Type,,Wild Type,,hinted_031804/rp031804_21_0001S.mov,hinted_031804_slug/rp031804p2_21.mov,rp031804_wavelet_jpeg/rp031804_21_w.jpg,,
031804_22,V30928,D1021,REMI,Wild Type,,Wild Type,,,,,Wild Type,Wild Type,,Wild Type,,hinted_031804/rp031804_22_0001S.mov,hinted_031804_slug/rp031804p2_22.mov,rp031804_wavelet_jpeg/rp031804_22_w.jpg,,
031804_23,V30925,D1021,REMI,Undeterminable,,Undeterminable,,,,,,Undeterminable,,Wild Type,,hinted_031804/rp031804_23_0450S.mov,hinted_031804_slug/rp031804p2_23.mov,rp031804_wavelet_jpeg/rp031804_23_w.jpg,aberrant cell morphology during axenic growth; poor growth; low plating density,
031804_24,V30934,D1021,REMI,Aberrant,late; low frequency; amplitude modulation; target,Aberrant,,,,,,Wild Type,,Wild Type,,hinted_031804/rp031804_24_0250S.mov,hinted_031804_slug/rp031804p2_24.mov,rp031804_wavelet_jpeg/rp031804_24_w.jpg,asynchronous aggregation,
031804_25,V30931,D1021,REMI,Wild Type,,Wild Type,,,,,Wild Type,Wild Type,,Wild Type,,hinted_031804/rp031804_25_0001S.mov,hinted_031804_slug/rp031804p2_25.mov,rp031804_wavelet_jpeg/rp031804_25_w.jpg,,
031804_26,V30940,D1021,REMI,Wild Type,,Wild Type,,,,,Wild Type,Wild Type,,Wild Type,,hinted_031804/rp031804_26_0001S.mov,hinted_031804_slug/rp031804p2_26.mov,rp031804_wavelet_jpeg/rp031804_26_w.jpg,,
031804_27,V30937,D1021,REMI,Wild Type,,Wild Type,,,,,Wild Type,Wild Type,,Wild Type,,hinted_031804/rp031804_27_0001S.mov,hinted_031804_slug/rp031804p2_27.mov,rp031804_wavelet_jpeg/rp031804_27_w.jpg,medium plating density,
031804_28,V30946,D1021,REMI,Wild Type,,Wild Type,,,,,Wild Type,Wild Type,,Wild Type,,hinted_031804/rp031804_28_0001S.mov,hinted_031804_slug/rp031804p2_28.mov,rp031804_wavelet_jpeg/rp031804_28_w.jpg,,
031804_29,V30943,D1021,REMI,Wild Type,late,Wild Type,,,,,Wild Type,Wild Type,,Wild Type,,hinted_031804/rp031804_29_0075S.mov,hinted_031804_slug/rp031804p2_29.mov,rp031804_wavelet_jpeg/rp031804_29_w.jpg,,
032204_00,V30128,,REMI,Wild Type,,Wild Type,,,,,,Wild Type,,Wild Type,,hinted_032204/rp032204_00_0001S.mov,hinted_032204_slug/rp032204p2_00.mov,rp032204_wavelet_jpeg/rp032204_00_w.jpg,,
032204_01,V30069,,REMI,Aberrant,turbulent; early,Aberrant,,,,,,Wild Type,,Wild Type,,hinted_032204/rp032204_01_0001S.mov,hinted_032204_slug/rp032204p2_01.mov,rp032204_wavelet_jpeg/rp032204_01_w.jpg,,
032204_02,V30950,D1021,REMI,Wild Type,,Wild Type,,,,,,Wild Type,,Wild Type,,hinted_032204/rp032204_02_0001S.mov,hinted_032204_slug/rp032204p2_02.mov,rp032204_wavelet_jpeg/rp032204_02_w.jpg,,
032204_03,V30947,D1021,REMI,Undeterminable,,Undeterminable,,,,,,Wild Type,,Wild Type,,hinted_032204/rp032204_03_0400S.mov,hinted_032204_slug/rp032204p2_03.mov,rp032204_wavelet_jpeg/rp032204_03_w.jpg,minor cell polarity during axenic growth; low cell denisty,
032204_04,V30956,D1021,REMI,Aberrant,late; amplitude,Wild Type,,,,,,Wild Type,,Wild Type,,hinted_032204/rp032204_04_0225S.mov,hinted_032204_slug/rp032204p2_04.mov,rp032204_wavelet_jpeg/rp032204_04_w.jpg,,
032204_05,V30953,D1021,REMI,Wild Type,,Wild Type,,,,,,Wild Type,,Wild Type,,hinted_032204/rp032204_05_0025S.mov,hinted_032204_slug/rp032204p2_05.mov,rp032204_wavelet_jpeg/rp032204_05_w.jpg,,
032204_06,V30962,D1021,REMI,Aberrant,turbulent,Aberrant,,,,,,Wild Type,,Wild Type,,hinted_032204/rp032204_06_0001S.mov,hinted_032204_slug/rp032204p2_06.mov,rp032204_wavelet_jpeg/rp032204_06_w.jpg,,
032204_07,V30959,D1021,REMI,Wild Type,,Wild Type,,,,,,Wild Type,,Wild Type,,hinted_032204/rp032204_07_0001S.mov,hinted_032204_slug/rp032204p2_07.mov,rp032204_wavelet_jpeg/rp032204_07_w.jpg,,
032204_08,V30968,D1021,REMI,Undeterminable,,Wild Type,,,,,,Wild Type,,Wild Type,,hinted_032204/rp032204_08_0150S.mov,hinted_032204_slug/rp032204p2_08.mov,rp032204_wavelet_jpeg/rp032204_08_w.jpg,some large cells; medium low density,
032204_09,V30965,D1021,REMI,Wild Type,,Wild Type,,,,,,Wild Type,,Wild Type,,hinted_032204/rp032204_09_0050S.mov,hinted_032204_slug/rp032204p2_09.mov,rp032204_wavelet_jpeg/rp032204_09_w.jpg,,
032204_10,V30165,,REMI,Wild Type,,Wild Type,,,,,,Wild Type,,Wild Type,,hinted_032204/rp032204_10_0001S.mov,hinted_032204_slug/rp032204p2_10.mov,rp032204_wavelet_jpeg/rp032204_10_w.jpg,,
032204_11,V30110,,REMI,Wild Type,,Wild Type,,,,,,Wild Type,,Wild Type,,hinted_032204/rp032204_11_0001S.mov,hinted_032204_slug/rp032204p2_11.mov,rp032204_wavelet_jpeg/rp032204_11_w.jpg,,
032204_12,V30951,D1021,REMI,Wild Type,,Wild Type,,,,,,Wild Type,,Wild Type,,hinted_032204/rp032204_12_0001S.mov,hinted_032204_slug/rp032204p2_12.mov,rp032204_wavelet_jpeg/rp032204_12_w.jpg,,
032204_13,V30948,D1021,REMI,Wild Type,,Wild Type,,,,,,Wild Type,,Wild Type,,hinted_032204/rp032204_13_0001S.mov,hinted_032204_slug/rp032204p2_13.mov,rp032204_wavelet_jpeg/rp032204_13_w.jpg,,
032204_14,V30957,D1021,REMI,Undeterminable,,Undeterminable,,,,,,Wild Type,,Aberrant,,hinted_032204/rp032204_14_0400S.mov,hinted_032204_slug/rp032204p2_14.mov,rp032204_wavelet_jpeg/rp032204_14_w.jpg,small cells during axenic growth; poor growth; partial FB,
032204_15,V30954,D1021,REMI,Undeterminable,,Undeterminable,,,,,,Wild Type,,Undeterminable,,hinted_032204/rp032204_15_0475S.mov,hinted_032204_slug/rp032204p2_15.mov,rp032204_wavelet_jpeg/rp032204_15_w.jpg,aberrant cell morph; low density; partial FB,
032204_16,V30963,D1021,REMI,Undeterminable,,Undeterminable,,,,,,Wild Type,,Wild Type,,hinted_032204/rp032204_16_0400S.mov,hinted_032204_slug/rp032204p2_16.mov,rp032204_wavelet_jpeg/rp032204_16_w.jpg,flat cell morph; low density,
032204_17,V30960,D1021,REMI,Undeterminable,,Undeterminable,,,,,,Wild Type,,Aberrant,,hinted_032204/rp032204_17_0001S.mov,hinted_032204_slug/rp032204p2_17.mov,rp032204_wavelet_jpeg/rp032204_17_w.jpg,flat cell morph; low density; partial FB,
032204_18,V30969,D1021,REMI,Aberrant,local oscillations,Aberrant,,,,,,Wild Type,,Wild Type,,hinted_032204/rp032204_18_0150S.mov,hinted_032204_slug/rp032204p2_18.mov,rp032204_wavelet_jpeg/rp032204_18_w.jpg,chemotactic cell morph; med-low density,
032204_19,V30966,D1021,REMI,Undeterminable,,Undeterminable,,,,,,Wild Type,,Aberrant,,hinted_032204/rp032204_19_0475S.mov,hinted_032204_slug/rp032204p2_19.mov,rp032204_wavelet_jpeg/rp032204_19_w.jpg,flat minor polarity cell morph; medium-low,
032204_20,V30171,,REMI,Aberrant,minor turbulence; amplitude,Aberrant,,,,,,Wild Type,,Wild Type,,hinted_032204/rp032204_20_0001S.mov,hinted_032204_slug/rp032204p2_20.mov,rp032204_wavelet_jpeg/rp032204_20_w.jpg,medium cell density,
032204_21,V30126,,REMI,Aberrant,,Aberrant,,,,,,None,,Wild Type,,hinted_032204/rp032204_21_0475S.mov,hinted_032204_slug/rp032204p2_21.mov,rp032204_wavelet_jpeg/rp032204_21_w.jpg,,
032204_22,V30952,D1021,REMI,Wild Type,,Wild Type,,,,,,Wild Type,,Wild Type,,hinted_032204/rp032204_22_0025S.mov,hinted_032204_slug/rp032204p2_22.mov,rp032204_wavelet_jpeg/rp032204_22_w.jpg,,
032204_23,V30949,D1021,REMI,Undeterminable,,Undeterminable,,,,,,Wild Type,,Wild Type,,hinted_032204/rp032204_23_0450S.mov,hinted_032204_slug/rp032204p2_23.mov,rp032204_wavelet_jpeg/rp032204_23_w.jpg,minor polarity during axenic growth; low cell density,
032204_24,V30958,D1021,REMI,Undeterminable,,Undeterminable,,,,,,Wild Type,,Wild Type,,hinted_032204/rp032204_24_0325S.mov,hinted_032204_slug/rp032204p2_24.mov,rp032204_wavelet_jpeg/rp032204_24_w.jpg,aberrant cell morph; medium-low density,
032204_25,V30955,D1021,REMI,Undeterminable,,Undeterminable,,,,,,Wild Type,,Undeterminable,,hinted_032204/rp032204_25_0325S.mov,hinted_032204_slug/rp032204p2_25.mov,rp032204_wavelet_jpeg/rp032204_25_w.jpg,flat cell morphology; low cell density,
032204_26,V30964,D1021,REMI,Wild Type,,Wild Type,,,,,,Wild Type,,Wild Type,,hinted_032204/rp032204_26_0001S.mov,hinted_032204_slug/rp032204p2_26.mov,rp032204_wavelet_jpeg/rp032204_26_w.jpg,,
032204_27,V30961,D1021,REMI,Wild Type,,Wild Type,,,,,,Wild Type,,Wild Type,,hinted_032204/rp032204_27_0001S.mov,hinted_032204_slug/rp032204p2_27.mov,rp032204_wavelet_jpeg/rp032204_27_w.jpg,,
032204_28,V30970,D1021,REMI,Undeterminable,,Undeterminable,,,,,,Aberrant,,Wild Type,,hinted_032204/rp032204_28_0250S.mov,hinted_032204_slug/rp032204p2_28.mov,rp032204_wavelet_jpeg/rp032204_28_w.jpg,flat cell morphology; medium low density; FB with weak thin stalk many fell down to the substrate,
032204_29,V30967,D1021,REMI,Undeterminable,late,Wild Type,,,,,,Wild Type,,Wild Type,,hinted_032204/rp032204_29_0075S.mov,hinted_032204_slug/rp032204p2_29.mov,rp032204_wavelet_jpeg/rp032204_29_w.jpg,medium-low density,
032504_00,V30191,,REMI,Wild Type,,Wild Type,,,,,,Wild Type,,Aberrant,,hinted_032504/rp032504_00_0001S.mov,hinted_032504_slug/rp032504p2_00.mov,rp032504_wavelet_jpeg/rp032504_00_w.jpg,cells may be slightly larger uniformly (minor),
032504_01,V30180,,REMI,Wild Type,,Wild Type,,,,,,Wild Type,,Wild Type,,hinted_032504/rp032504_01_0025S.mov,hinted_032504_slug/rp032504p2_01.mov,rp032504_wavelet_jpeg/rp032504_01_w.jpg,,
032504_02,V30974,D1021,REMI,Wild Type,,Wild Type,,,,,,Wild Type,,Wild Type,,hinted_032504/rp032504_02_0001S.mov,hinted_032504_slug/rp032504p2_02.mov,rp032504_wavelet_jpeg/rp032504_02_w.jpg,,
032504_03,V30971,D1021,REMI,Undeterminable,,Undeterminable,,,,,,Undeterminable,,Wild Type,,hinted_032504/rp032504_03_0450S.mov,hinted_032504_slug/rp032504p2_03.mov,rp032504_wavelet_jpeg/rp032504_03_w.jpg,aberrant morphology; small; low density,
032504_04,V30982,D1021,REMI,Undeterminable,,Undeterminable,,,,,,Undeterminable,,Aberrant,,hinted_032504/rp032504_04_0300S.mov,hinted_032504_slug/rp032504p2_04.mov,rp032504_wavelet_jpeg/rp032504_04_w.jpg,poor growth; medium cell density,
032504_05,V30977,D1021,REMI,Wild Type,,Wild Type,,,,,,Wild Type,,Wild Type,,hinted_032504/rp032504_05_0001S.mov,hinted_032504_slug/rp032504p2_05.mov,rp032504_wavelet_jpeg/rp032504_05_w.jpg,,
032504_06,V30988,D1021,REMI,Wild Type,,Wild Type,,,,,,Wild Type,,Wild Type,,hinted_032504/rp032504_06_0001S.mov,hinted_032504_slug/rp032504p2_06.mov,rp032504_wavelet_jpeg/rp032504_06_w.jpg,,
032504_07,V30985,D1021,REMI,Wild Type,,Wild Type,,,,,,Wild Type,,Wild Type,,hinted_032504/rp032504_07_0001S.mov,hinted_032504_slug/rp032504p2_07.mov,rp032504_wavelet_jpeg/rp032504_07_w.jpg,,
032504_08,V30992,D1021,REMI,Undeterminable,,Undeterminable,,,,,,Aberrant,,Wild Type,,hinted_032504/rp032504_08_0200S.mov,hinted_032504_slug/rp032504p2_08.mov,rp032504_wavelet_jpeg/rp032504_08_w.jpg,aberrant morph; medium low density; aberrant FB short stalk,
032504_09,V30989,D1021,REMI,Undeterminable,,Undeterminable,,,,,,Wild Type,,Wild Type,,hinted_032504/rp032504_09_0450S.mov,hinted_032504_slug/rp032504p2_09.mov,rp032504_wavelet_jpeg/rp032504_09_w.jpg,aberrant morph; low densuity,
032504_10,V30213,,REMI,Wild Type,,Wild Type,,,,,,Wild Type,,Wild Type,,hinted_032504/rp032504_10_0001S.mov,hinted_032504_slug/rp032504p2_10.mov,rp032504_wavelet_jpeg/rp032504_10_w.jpg,,
032504_11,V30188,,REMI,Wild Type,,Wild Type,,,,,,Wild Type,,Wild Type,,hinted_032504/rp032504_11_0001S.mov,hinted_032504_slug/rp032504p2_11.mov,rp032504_wavelet_jpeg/rp032504_11_w.jpg,,
032504_12,V30226,,REMI,Aberrant,turbulent,Aberrant,,,,,,Aberrant,,Wild Type,,hinted_032504/rp032504_12_0001S.mov,hinted_032504_slug/rp032504p2_12.mov,rp032504_wavelet_jpeg/rp032504_12_w.jpg,FB has relatively large sori (minor),
032504_13,V30972,D1021,REMI,Aberrant,weak,Aberrant,,,,,,Wild Type,,Wild Type,,hinted_032504/rp032504_13_0001S.mov,hinted_032504_slug/rp032504p2_13.mov,rp032504_wavelet_jpeg/rp032504_13_w.jpg,,
032504_14,V30981,D1021,REMI,Wild Type,,Wild Type,,,,,,Wild Type,,Wild Type,,hinted_032504/rp032504_14_0001S.mov,hinted_032504_slug/rp032504p2_14.mov,rp032504_wavelet_jpeg/rp032504_14_w.jpg,,
032504_15,V30978,D1021,REMI,Undeterminable,,Undeterminable,,,,,,Wild Type,,Wild Type,,hinted_032504/rp032504_15_0200S.mov,hinted_032504_slug/rp032504p2_15.mov,rp032504_wavelet_jpeg/rp032504_15_w.jpg,aberrant morph; medium low density,
032504_16,V30987,D1021,REMI,Wild Type,,Wild Type,,,,,,Wild Type,,Wild Type,,hinted_032504/rp032504_16_0001S.mov,hinted_032504_slug/rp032504p2_16.mov,rp032504_wavelet_jpeg/rp032504_16_w.jpg,,
032504_17,V30984,D1021,REMI,Aberrant,turbulent,Aberrant,,,,,,Aberrant,,Wild Type,,hinted_032504/rp032504_17_0001S.mov,hinted_032504_slug/rp032504p2_17.mov,rp032504_wavelet_jpeg/rp032504_17_w.jpg,weak stalk? FB fallen down,
032504_18,V30993,D1021,REMI,Wild Type,,Wild Type,,,,,,Wild Type,,Wild Type,,hinted_032504/rp032504_18_0001S.mov,hinted_032504_slug/rp032504p2_18.mov,rp032504_wavelet_jpeg/rp032504_18_w.jpg,,
032504_19,V30990,D1021,REMI,Undeterminable,,Undeterminable,,,,,,Wild Type,,Wild Type,,hinted_032504/rp032504_19_0200S.mov,hinted_032504_slug/rp032504p2_19.mov,rp032504_wavelet_jpeg/rp032504_19_w.jpg,aberrant morphology; medium low density,
032504_20,V30222,,REMI,Wild Type,,Wild Type,,,,,,Wild Type,,Wild Type,,hinted_032504/rp032504_20_0001S.mov,hinted_032504_slug/rp032504p2_20.mov,rp032504_wavelet_jpeg/rp032504_20_w.jpg,,
032504_21,V30189,,REMI,Wild Type,,Wild Type,,,,,,Wild Type,,Wild Type,,hinted_032504/rp032504_21_0001S.mov,hinted_032504_slug/rp032504p2_21.mov,rp032504_wavelet_jpeg/rp032504_21_w.jpg,,
032504_22,V30976,D1021,REMI,Undeterminable,,Undeterminable,,,,,,Wild Type,,Wild Type,,hinted_032504/rp032504_22_0400S.mov,hinted_032504_slug/rp032504p2_22.mov,rp032504_wavelet_jpeg/rp032504_22_w.jpg,aberrant morph; medium low density,
032504_23,V30973,D1021,REMI,Undeterminable,,Undeterminable,,,,,,Wild Type,,Wild Type,,hinted_032504/rp032504_23_0200S.mov,hinted_032504_slug/rp032504p2_23.mov,rp032504_wavelet_jpeg/rp032504_23_w.jpg,aberrant morph; medium low density,
032504_24,V30980,D1021,REMI,Aberrant,weak,Aberrant,,,,,,Wild Type,,Wild Type,,hinted_032504/rp032504_24_0001S.mov,hinted_032504_slug/rp032504p2_24.mov,rp032504_wavelet_jpeg/rp032504_24_w.jpg,,
032504_25,V30979,D1021,REMI,Undeterminable,,Undeterminable,,,,,,Wild Type,,Wild Type,,hinted_032504/rp032504_25_0450S.mov,hinted_032504_slug/rp032504p2_25.mov,rp032504_wavelet_jpeg/rp032504_25_w.jpg,aberrant morph; medium low density,
032504_26,V30986,D1021,REMI,Wild Type,,Wild Type,,,,,,Wild Type,,Wild Type,,hinted_032504/rp032504_26_0001S.mov,hinted_032504_slug/rp032504p2_26.mov,rp032504_wavelet_jpeg/rp032504_26_w.jpg,,
032504_27,V30983,D1021,REMI,Undeterminable,,Undeterminable,,,,,,Wild Type,,Wild Type,,hinted_032504/rp032504_27_0050S.mov,hinted_032504_slug/rp032504p2_27.mov,rp032504_wavelet_jpeg/rp032504_27_w.jpg,medium low density,
032504_28,V30994,D1021,REMI,Undeterminable,,Undeterminable,,,,,,Wild Type,,Wild Type,,hinted_032504/rp032504_28_0050S.mov,hinted_032504_slug/rp032504p2_28.mov,rp032504_wavelet_jpeg/rp032504_28_w.jpg,minor aberrant morph; medium low density,
032504_29,V30991,D1021,REMI,Wild Type,,Wild Type,,,,,,Wild Type,,Wild Type,,hinted_032504/rp032504_29_0001S.mov,hinted_032504_slug/rp032504p2_29.mov,rp032504_wavelet_jpeg/rp032504_29_w.jpg,,
032904_00,V30231,,REMI,Undeterminable,,Undeterminable,,,,,,Wild Type,,Aberrant,,,hinted_032904_slug/rp032904p2_00.mov,rp032904_wavelet_jpeg/rp032904_00_w.jpg,small cells; poor growth; low density,
032904_01,V30975,,REMI,Wild Type,late,Wild Type,,,,Wild Type,,Wild Type,,Wild Type,,hinted_032904/rp032904_01_0050S.mov,hinted_032904_slug/rp032904p2_01.mov,rp032904_wavelet_jpeg/rp032904_01_w.jpg,,
032904_02,V31002,D1022,REMI,Wild Type,,Wild Type,,,,Wild Type,,Wild Type,,Wild Type,,hinted_032904/rp032904_02_0001S.mov,hinted_032904_slug/rp032904p2_02.mov,rp032904_wavelet_jpeg/rp032904_02_w.jpg,,
032904_03,V30995,D1021,REMI,Undeterminable,,Undeterminable,,,,,,Wild Type,,Aberrant,,hinted_032904/rp032904_03_0450S.mov,hinted_032904_slug/rp032904p2_03.mov,rp032904_wavelet_jpeg/rp032904_03_w.jpg,flat cell morph; medium low density; partial FB,
032904_04,V31008,D1022,REMI,Wild Type,,Wild Type,,,,Wild Type,,Wild Type,,Wild Type,,hinted_032904/rp032904_04_0001S.mov,hinted_032904_slug/rp032904p2_04.mov,rp032904_wavelet_jpeg/rp032904_04_w.jpg,,
032904_05,V31005,D1022,REMI,Undeterminable,,Wild Type,,,,Wild Type,,Wild Type,,Wild Type,,hinted_032904/rp032904_05_0125S.mov,hinted_032904_slug/rp032904p2_05.mov,rp032904_wavelet_jpeg/rp032904_05_w.jpg,medium density; small slugs,
032904_06,V31014,D1022,REMI,Wild Type,,Wild Type,,,,Wild Type,,Wild Type,,Wild Type,,hinted_032904/rp032904_06_0001S.mov,hinted_032904_slug/rp032904p2_06.mov,rp032904_wavelet_jpeg/rp032904_06_w.jpg,,
032904_07,V31011,D1022,REMI,Wild Type,,Wild Type,,,,Wild Type,,Wild Type,,Wild Type,,hinted_032904/rp032904_07_0001S.mov,hinted_032904_slug/rp032904p2_07.mov,rp032904_wavelet_jpeg/rp032904_07_w.jpg,,
032904_08,V31020,D1022,REMI,Wild Type,,Wild Type,,,,Wild Type,,Wild Type,,Wild Type,,hinted_032904/rp032904_08_0001S.mov,hinted_032904_slug/rp032904p2_08.mov,rp032904_wavelet_jpeg/rp032904_08_w.jpg,cells have also aggregate beneath the agar,
032904_09,V31017,D1022,REMI,Wild Type,,Wild Type,,,,Wild Type,,Wild Type,,Wild Type,,hinted_032904/rp032904_09_0001S.mov,hinted_032904_slug/rp032904p2_09.mov,rp032904_wavelet_jpeg/rp032904_09_w.jpg,,
032904_10,V30241,,REMI,Wild Type,late,Wild Type,,,,,,Wild Type,,Wild Type,,hinted_032904/rp032904_10_0001S.mov,hinted_032904_slug/rp032904p2_10.mov,rp032904_wavelet_jpeg/rp032904_10_w.jpg,,
032904_11,V30229,,REMI,Wild Type,,Wild Type,,,,,,Wild Type,,Wild Type,,hinted_032904/rp032904_11_0001S.mov,hinted_032904_slug/rp032904p2_11.mov,rp032904_wavelet_jpeg/rp032904_11_w.jpg,,
032904_12,V31003,D1022,REMI,Wild Type,,Wild Type,,,,Wild Type,,Wild Type,,Wild Type,,hinted_032904/rp032904_12_0001S.mov,hinted_032904_slug/rp032904p2_12.mov,rp032904_wavelet_jpeg/rp032904_12_w.jpg,,
032904_13,V30996,D1021,REMI,Wild Type,,Wild Type,,,,Wild Type,,Wild Type,,Wild Type,,hinted_032904/rp032904_13_0050S.mov,hinted_032904_slug/rp032904p2_13.mov,rp032904_wavelet_jpeg/rp032904_13_w.jpg,,
032904_14,V31009,D1022,REMI,Wild Type,?,Aberrant,,,,,,Wild Type,,Wild Type,,hinted_032904/rp032904_14_0025S.mov,hinted_032904_slug/rp032904p2_14.mov,rp032904_wavelet_jpeg/rp032904_14_w.jpg,small slugs,
032904_15,V31006,D1022,REMI,Wild Type,,Wild Type,,,,Wild Type,,Wild Type,,Wild Type,,hinted_032904/rp032904_15_0001S.mov,hinted_032904_slug/rp032904p2_15.mov,rp032904_wavelet_jpeg/rp032904_15_w.jpg,,
032904_16,V31015,D1022,REMI,Wild Type,,Wild Type,,,,Wild Type,,Wild Type,,Wild Type,,hinted_032904/rp032904_16_0001S.mov,hinted_032904_slug/rp032904p2_16.mov,rp032904_wavelet_jpeg/rp032904_16_w.jpg,,
032904_17,V31012,D1022,REMI,Undeterminable,,Undeterminable,,,,,,Wild Type,,Aberrant,,hinted_032904/rp032904_17_0450S.mov,hinted_032904_slug/rp032904p2_17.mov,rp032904_wavelet_jpeg/rp032904_17_w.jpg,aberrant cell morph; low density,
032904_18,V31021,D1022,REMI,Wild Type,,Wild Type,,,,Wild Type,,Wild Type,,Wild Type,,hinted_032904/rp032904_18_0001S.mov,hinted_032904_slug/rp032904p2_18.mov,rp032904_wavelet_jpeg/rp032904_18_w.jpg,,
032904_19,V31018,D1022,REMI,Wild Type,,Wild Type,,,,Wild Type,,Wild Type,,Wild Type,,hinted_032904/rp032904_19_0001S.mov,hinted_032904_slug/rp032904p2_19.mov,rp032904_wavelet_jpeg/rp032904_19_w.jpg,,
032904_20,V30245,,REMI,Wild Type,,Wild Type,,,,,,Aberrant,,Wild Type,,hinted_032904/rp032904_20_0050S.mov,hinted_032904_slug/rp032904p2_20.mov,rp032904_wavelet_jpeg/rp032904_20_w.jpg,,
032904_21,V30230,,REMI,Aberrant,,Aberrant,,,,,,None,,Wild Type,,hinted_032904/rp032904_21_0001S.mov,hinted_032904_slug/rp032904p2_21.mov,rp032904_wavelet_jpeg/rp032904_21_w.jpg,developmental arrest at mound,
032904_22,V31004,D1022,REMI,Wild Type,,Wild Type,,,,Wild Type,,Wild Type,,Wild Type,,hinted_032904/rp032904_22_0001S.mov,hinted_032904_slug/rp032904p2_22.mov,rp032904_wavelet_jpeg/rp032904_22_w.jpg,,
032904_23,V31001,D1022,REMI,Wild Type,,Wild Type,,,,Wild Type,,Wild Type,,Wild Type,,hinted_032904/rp032904_23_0001S.mov,hinted_032904_slug/rp032904p2_23.mov,rp032904_wavelet_jpeg/rp032904_23_w.jpg,,
032904_24,V31010,D1022,REMI,Wild Type,,Wild Type,,,,Wild Type,,Wild Type,,Wild Type,,hinted_032904/rp032904_24_0025S.mov,hinted_032904_slug/rp032904p2_24.mov,rp032904_wavelet_jpeg/rp032904_24_w.jpg,,
032904_25,V31007,D1022,REMI,Wild Type,,Wild Type,,,,Wild Type,,Wild Type,,Wild Type,,hinted_032904/rp032904_25_0001S.mov,hinted_032904_slug/rp032904p2_25.mov,rp032904_wavelet_jpeg/rp032904_25_w.jpg,,
032904_26,V31016,D1022,REMI,Wild Type,,Wild Type,,,,Wild Type,,Wild Type,,Wild Type,,hinted_032904/rp032904_26_0001S.mov,hinted_032904_slug/rp032904p2_26.mov,rp032904_wavelet_jpeg/rp032904_26_w.jpg,,
032904_27,V31013,D1022,REMI,Wild Type,,Wild Type,,,,Wild Type,,Wild Type,,Wild Type,,hinted_032904/rp032904_27_0001S.mov,hinted_032904_slug/rp032904p2_27.mov,rp032904_wavelet_jpeg/rp032904_27_w.jpg,,
032904_28,V31022,D1022,REMI,Aberrant,,Aberrant,,,,None,,Aberrant,,Wild Type,,hinted_032904/rp032904_28_0150S.mov,hinted_032904_slug/rp032904p2_28.mov,rp032904_wavelet_jpeg/rp032904_28_w.jpg,small wimpy FB,
032904_29,V31019,D1022,REMI,Wild Type,,Wild Type,,,,Wild Type,,Wild Type,,Wild Type,,hinted_032904/rp032904_29_0025S.mov,hinted_032904_slug/rp032904p2_29.mov,rp032904_wavelet_jpeg/rp032904_29_w.jpg,,
040104_00,V30266,,REMI,Wild Type,,Wild Type,,,,,,Wild Type,,Wild Type,,hinted_040104/rp040104_00_0002S.mov,hinted_040104_slug/rp040104p2_00.mov,rp040104_wavelet_jpeg/rp040104_00_w.jpg,,
040104_01,V30246,,REMI,Wild Type,,Wild Type,,,,,,Wild Type,,Wild Type,,hinted_040104/rp040104_01_0002S.mov,hinted_040104_slug/rp040104p2_01.mov,rp040104_wavelet_jpeg/rp040104_01_w.jpg,,
040104_02,V31026,D1022,REMI,Aberrant,,Aberrant,,,,,,Wild Type,,Wild Type,,hinted_040104/rp040104_02_0002S.mov,hinted_040104_slug/rp040104p2_02.mov,rp040104_wavelet_jpeg/rp040104_02_w.jpg,,
040104_03,V31023,D1022,REMI,Wild Type,oscillatory breakup,Wild Type,,,,,,Wild Type,,Wild Type,,hinted_040104/rp040104_03_0002S.mov,hinted_040104_slug/rp040104p2_03.mov,rp040104_wavelet_jpeg/rp040104_03_w.jpg,,
040104_04,V31034,D1022,REMI,Wild Type,,Wild Type,,,,Wild Type,,Wild Type,,Wild Type,,hinted_040104/rp040104_04_0002S.mov,hinted_040104_slug/rp040104p2_04.mov,rp040104_wavelet_jpeg/rp040104_04_w.jpg,,
040104_05,V31030,D1022,REMI,Aberrant,asynchronous streaming,Aberrant,,,,Wild Type,,Wild Type,,Wild Type,,hinted_040104/rp040104_05_0100S.mov,hinted_040104_slug/rp040104p2_05.mov,rp040104_wavelet_jpeg/rp040104_05_w.jpg,,
040104_06,V31046,D1022,REMI,Wild Type,,Wild Type,,,,Wild Type,,Wild Type,,Wild Type,,hinted_040104/rp040104_06_0100S.mov,hinted_040104_slug/rp040104p2_06.mov,rp040104_wavelet_jpeg/rp040104_06_w.jpg,,
040104_07,V31040,D1022,REMI,Undeterminable,,Wild Type,,,,Wild Type,,Wild Type,,Wild Type,,hinted_040104/rp040104_07_0025S.mov,hinted_040104_slug/rp040104p2_07.mov,rp040104_wavelet_jpeg/rp040104_07_w.jpg,,
040104_08,V30282,,REMI,Wild Type,,Wild Type,,,,,,Wild Type,,Wild Type,,hinted_040104/rp040104_08_0001S.mov,hinted_040104_slug/rp040104p2_08.mov,rp040104_wavelet_jpeg/rp040104_08_w.jpg,,
040104_09,V30272,,REMI,Wild Type,,Wild Type,,,,,,Wild Type,,Wild Type,,hinted_040104/rp040104_09_0001S.mov,hinted_040104_slug/rp040104p2_09.mov,rp040104_wavelet_jpeg/rp040104_09_w.jpg,,
040104_10,V30267,,REMI,Wild Type,oscillatory breakup,Wild Type,,,,,,Wild Type,,Wild Type,,hinted_040104/rp040104_10_0001S.mov,hinted_040104_slug/rp040104p2_10.mov,rp040104_wavelet_jpeg/rp040104_10_w.jpg,,
040104_11,V30262,,REMI,Wild Type,,Wild Type,,,,,,Wild Type,,Wild Type,,hinted_040104/rp040104_11_0001S.mov,hinted_040104_slug/rp040104p2_11.mov,rp040104_wavelet_jpeg/rp040104_11_w.jpg,,
040104_12,V31028,D1022,REMI,Wild Type,,Wild Type,,,,Wild Type,,Wild Type,,Wild Type,,hinted_040104/rp040104_12_0001S.mov,hinted_040104_slug/rp040104p2_12.mov,rp040104_wavelet_jpeg/rp040104_12_w.jpg,,
040104_13,V31024,,REMI,Undeterminable,,Undeterminable,,,,Undeterminable,,Aberrant,,Wild Type,,hinted_040104/rp040104_13_0100S.mov,hinted_040104_slug/rp040104p2_13.mov,rp040104_wavelet_jpeg/rp040104_13_w.jpg,chemotactic morph during axenic growth; medium low density; aberrant FB with almost no stalk; some stalk-like structure on substrate and some with sori,
040104_14,V31035,D1022,REMI,Wild Type,,Wild Type,,,,Wild Type,,Wild Type,,Wild Type,,hinted_040104/rp040104_14_0001S.mov,hinted_040104_slug/rp040104p2_14.mov,rp040104_wavelet_jpeg/rp040104_14_w.jpg,some large cells,
040104_15,V31032,D1022,REMI,Wild Type,,Wild Type,,,,Wild Type,,Wild Type,,Wild Type,,hinted_040104/rp040104_15_0001S.mov,hinted_040104_slug/rp040104p2_15.mov,rp040104_wavelet_jpeg/rp040104_15_w.jpg,,
040104_16,V30995,,REMI,Undeterminable,,Undeterminable,,,,,,Wild Type,,Aberrant,,hinted_040104/rp040104_16_0450S.mov,hinted_040104_slug/rp040104p2_16.mov,rp040104_wavelet_jpeg/rp040104_16_w.jpg,flat cell morph; poor growth; low density; partial culminants,
040104_17,V31043,D1022,REMI,Undeterminable,,Undeterminable,,,,Aberrant,,None,,Wild Type,,hinted_040104/rp040104_17_0250S.mov,hinted_040104_slug/rp040104p2_17.mov,rp040104_wavelet_jpeg/rp040104_17_w.jpg,flat aberrant morph; medium low density; small slugs still crawling after 4 days; no sign of culmination,
040104_18,V30284,,REMI,Wild Type,,Wild Type,,,,,,Wild Type,,Wild Type,,hinted_040104/rp040104_18_0001S.mov,hinted_040104_slug/rp040104p2_18.mov,rp040104_wavelet_jpeg/rp040104_18_w.jpg,,
040104_19,V30276,,REMI,Wild Type,,Wild Type,,,,,,Wild Type,,Wild Type,,hinted_040104/rp040104_19_0001S.mov,hinted_040104_slug/rp040104p2_19.mov,rp040104_wavelet_jpeg/rp040104_19_w.jpg,,
040104_20,V30270,,REMI,Wild Type,,Wild Type,,,,,,Wild Type,,Wild Type,,hinted_040104/rp040104_20_0001S.mov,hinted_040104_slug/rp040104p2_20.mov,rp040104_wavelet_jpeg/rp040104_20_w.jpg,,
040104_21,V30264,,REMI,Wild Type,,Wild Type,,,,,,Wild Type,,Wild Type,,hinted_040104/rp040104_21_0001S.mov,hinted_040104_slug/rp040104p2_21.mov,rp040104_wavelet_jpeg/rp040104_21_w.jpg,,
040104_22,V31029,D1022,REMI,Wild Type,,Wild Type,,,,Wild Type,,Wild Type,,Wild Type,,hinted_040104/rp040104_22_0001S.mov,hinted_040104_slug/rp040104p2_22.mov,rp040104_wavelet_jpeg/rp040104_22_w.jpg,,
040104_23,V31025,D1022,REMI,Aberrant,,Aberrant,,,,Aberrant,,Aberrant,,Wild Type,,hinted_040104/rp040104_23_0075S.mov,hinted_040104_slug/rp040104p2_23.mov,rp040104_wavelet_jpeg/rp040104_23_w.jpg,small slugs; FB has short stalk; many have fell down to the substrate.,
040104_24,V31036,D1022,REMI,Wild Type,,Wild Type,,,,Wild Type,,Wild Type,,Wild Type,,hinted_040104/rp040104_24_0001S.mov,hinted_040104_slug/rp040104p2_24.mov,rp040104_wavelet_jpeg/rp040104_24_w.jpg,,
040104_25,V31033,D1022,REMI,Wild Type,,Wild Type,,,,Wild Type,,Wild Type,,Wild Type,,hinted_040104/rp040104_25_0001S.mov,hinted_040104_slug/rp040104p2_25.mov,rp040104_wavelet_jpeg/rp040104_25_w.jpg,,
040104_26,V31012,,REMI,Undeterminable,,Undeterminable,,,,Undeterminable,,Wild Type,,Aberrant,,hinted_040104/rp040104_26_0475S.mov,hinted_040104_slug/rp040104p2_26.mov,rp040104_wavelet_jpeg/rp040104_26_w.jpg,flat cell morph;poor growth; small cells; low density,
040104_27,V31044,D1022,REMI,Wild Type,,Wild Type,,,,Wild Type,,Wild Type,,Wild Type,,hinted_040104/rp040104_27_0001S.mov,hinted_040104_slug/rp040104p2_27.mov,rp040104_wavelet_jpeg/rp040104_27_w.jpg,,
040104_28,V30288,,REMI,Aberrant,turbulent; oscillatory breakup,Aberrant,,,,,,Wild Type,,Wild Type,,hinted_040104/rp040104_28_0001S.mov,hinted_040104_slug/rp040104p2_28.mov,rp040104_wavelet_jpeg/rp040104_28_w.jpg,medium density,
040104_29,V30278,,REMI,Wild Type,,Wild Type,,,,,,Wild Type,,Wild Type,,hinted_040104/rp040104_29_0001S.mov,hinted_040104_slug/rp040104p2_29.mov,rp040104_wavelet_jpeg/rp040104_29_w.jpg,,
040504_00,V30333,,REMI,Wild Type,,Wild Type,,,,,,Wild Type,,Wild Type,,hinted_040504/rp040504_00_0001S.mov,hinted_040504_slug/rp040504p2_00.mov,rp040504_wavelet_jpeg/rp040504_00_w.jpg,,
040504_01,V30296,,REMI,Wild Type,,Wild Type,,,,,,Wild Type,,Wild Type,,hinted_040504/rp040504_01_0001S.mov,hinted_040504_slug/rp040504p2_01.mov,rp040504_wavelet_jpeg/rp040504_01_w.jpg,,
040504_02,V31038,D1022,REMI,Wild Type,,Wild Type,,,,,,Wild Type,,Wild Type,,hinted_040504/rp040504_02_0050S.mov,hinted_040504_slug/rp040504p2_02.mov,rp040504_wavelet_jpeg/rp040504_02_w.jpg,,
040504_03,V31027,D1022,REMI,Aberrant,,Aberrant,,,,,,None,,Wild Type,,hinted_040504/rp040504_03_0300S.mov,hinted_040504_slug/rp040504p2_03.mov,rp040504_wavelet_jpeg/rp040504_03_w.jpg,,
040504_04,V31052,D1022,REMI,Wild Type,,Wild Type,,,,,,Wild Type,,Wild Type,,hinted_040504/rp040504_04_0001S.mov,hinted_040504_slug/rp040504p2_04.mov,rp040504_wavelet_jpeg/rp040504_04_w.jpg,,
040504_05,V31042,D1022,REMI,Wild Type,,Wild Type,,,,,,Wild Type,,Wild Type,,hinted_040504/rp040504_05_0025S.mov,hinted_040504_slug/rp040504p2_05.mov,rp040504_wavelet_jpeg/rp040504_05_w.jpg,,
040504_06,V31061,D1022,REMI,Wild Type,,Wild Type,,,,,,Wild Type,,Wild Type,,hinted_040504/rp040504_06_0075S.mov,hinted_040504_slug/rp040504p2_06.mov,rp040504_wavelet_jpeg/rp040504_06_w.jpg,,
040504_07,V31058,D1022,REMI,Aberrant,late,Wild Type,,,,,,Wild Type,,Wild Type,,hinted_040504/rp040504_07_0200S.mov,hinted_040504_slug/rp040504p2_07.mov,rp040504_wavelet_jpeg/rp040504_07_w.jpg,,
040504_08,V31005,,REMI,Undeterminable,,Undeterminable,,,,,,Undeterminable,,Undeterminable,,,hinted_040504_slug/rp040504p2_08.mov,rp040504_wavelet_jpeg/rp040504_08_w.jpg,aberrant morphology during axenic growth; low denisty,
040504_09,V30983,,REMI,Undeterminable,,Undeterminable,,,,,,Undeterminable,,Wild Type,,hinted_040504/rp040504_09_0450S.mov,hinted_040504_slug/rp040504p2_09.mov,rp040504_wavelet_jpeg/rp040504_09_w.jpg,polarized cell morph during axenic growth; medium density,
040504_10,V30348,,REMI,Wild Type,,Wild Type,,,,,,Wild Type,,Wild Type,,hinted_040504/rp040504_10_0001S.mov,hinted_040504_slug/rp040504p2_10.mov,rp040504_wavelet_jpeg/rp040504_10_w.jpg,,
040504_11,V30303,,REMI,Aberrant,amplitude (low noise),Wild Type,,,,,,Wild Type,,Wild Type,,hinted_040504/rp040504_11_0025S.mov,hinted_040504_slug/rp040504p2_11.mov,rp040504_wavelet_jpeg/rp040504_11_w.jpg,,
040504_12,V31039,D1022,REMI,Wild Type,,Wild Type,,,,,,Wild Type,,Wild Type,,hinted_040504/rp040504_12_0001S.mov,hinted_040504_slug/rp040504p2_12.mov,rp040504_wavelet_jpeg/rp040504_12_w.jpg,,
040504_13,V31031,D1022,REMI,Undeterminable,,Undeterminable,,,,,,Wild Type,,Wild Type,,,hinted_040504_slug/rp040504p2_13.mov,rp040504_wavelet_jpeg/rp040504_13_w.jpg,aberrant morphology during axenic growth; low density,
040504_14,V31056,D1022,REMI,Undeterminable,,Aberrant,,,,,,,,Aberrant,,hinted_040504/rp040504_14_0300S.mov,hinted_040504_slug/rp040504p2_14.mov,rp040504_wavelet_jpeg/rp040504_14_w.jpg,flat cell morphology; low density,
040504_15,V31045,D1022,REMI,Undeterminable,,Wild Type,,,,,,Wild Type,,Wild Type,,hinted_040504/rp040504_15_0200S.mov,hinted_040504_slug/rp040504p2_15.mov,rp040504_wavelet_jpeg/rp040504_15_w.jpg,medium cell density;  a few large cells,
040504_16,V31062,D1022,REMI,Wild Type,,Wild Type,,,,,,Wild Type,,Wild Type,,hinted_040504/rp040504_16_0100S.mov,hinted_040504_slug/rp040504p2_16.mov,rp040504_wavelet_jpeg/rp040504_16_w.jpg,,
040504_17,V31059,D1022,REMI,Wild Type,,Wild Type,,,,,,Wild Type,,Wild Type,,hinted_040504/rp040504_17_0050S.mov,hinted_040504_slug/rp040504p2_17.mov,rp040504_wavelet_jpeg/rp040504_17_w.jpg,,
040504_18,V31012,,REMI,Undeterminable,,Undeterminable,,,,,,Undeterminable,,Aberrant,,hinted_040504/rp040504_18_0475S.mov,hinted_040504_slug/rp040504p2_18.mov,rp040504_wavelet_jpeg/rp040504_18_w.jpg,aberrant cell morphology during axenic growth; low density,
040504_19,V30994,,REMI,Undeterminable,,Undeterminable,,,,,,Undeterminable,,Wild Type,,hinted_040504/rp040504_19_0475S.mov,hinted_040504_slug/rp040504p2_19.mov,rp040504_wavelet_jpeg/rp040504_19_w.jpg,aberrant cell morphology during axenic growth; low density,
040504_20,V30350,,REMI,Wild Type,,Wild Type,,,,,,Wild Type,,Wild Type,,hinted_040504/rp040504_20_0025S.mov,hinted_040504_slug/rp040504p2_20.mov,rp040504_wavelet_jpeg/rp040504_20_w.jpg,medium density,
040504_21,V30319,,REMI,Wild Type,,Wild Type,,,,,,Wild Type,,Wild Type,,hinted_040504/rp040504_21_0001S.mov,hinted_040504_slug/rp040504p2_21.mov,rp040504_wavelet_jpeg/rp040504_21_w.jpg,,
040504_22,V31041,D1022,REMI,Undeterminable,,Undeterminable,,,,,,Wild Type,,Wild Type,,hinted_040504/rp040504_22_0475S.mov,hinted_040504_slug/rp040504p2_22.mov,rp040504_wavelet_jpeg/rp040504_22_w.jpg,aberrant cell morphology during axenic growth; low density,
040504_23,V31037,D1022,REMI,Undeterminable,,Undeterminable,,,,,,Wild Type,,Wild Type,,hinted_040504/rp040504_23_0475S.mov,hinted_040504_slug/rp040504p2_23.mov,rp040504_wavelet_jpeg/rp040504_23_w.jpg,aberrant cell morphology during axenic growth; low density,
040504_24,V31057,D1022,REMI,Wild Type,,Wild Type,,,,,,Wild Type,,Wild Type,,hinted_040504/rp040504_24_0025S.mov,hinted_040504_slug/rp040504p2_24.mov,rp040504_wavelet_jpeg/rp040504_24_w.jpg,,
040504_25,V31049,D1022,REMI,Aberrant,local pulsing,Aberrant,,,,,,None,,Aberrant,,hinted_040504/rp040504_25_0450S.mov,hinted_040504_slug/rp040504p2_25.mov,rp040504_wavelet_jpeg/rp040504_25_w.jpg,cells are uniformly large during axenic growth; medium-low density,
040504_26,V30979,,REMI,Undeterminable,,Undeterminable,,,,,,Wild Type,,Wild Type,,,hinted_040504_slug/rp040504p2_26.mov," ",aberrant cell morphology during axenic growth; low density,
040504_27,V31060,D1022,REMI,Undeterminable,,Undeterminable,,,,,,Wild Type,,Wild Type,,hinted_040504/rp040504_27_0475S.mov,hinted_040504_slug/rp040504p2_27.mov,rp040504_wavelet_jpeg/rp040504_27_w.jpg,aberrant cell morphology during axenic growth; low density,
040504_28,V31022,,REMI,Undeterminable,,Undeterminable,,,,,,Undeterminable,,Wild Type,,,hinted_040504_slug/rp040504p2_28.mov,rp040504_wavelet_jpeg/rp040504_28_w.jpg,aberrant polarized cell morphology during axenic growth; low density,
040504_29,V30995,,REMI,Undeterminable,,Undeterminable,,,,,,Wild Type,,Aberrant,,hinted_040504/rp040504_29_0475S.mov,hinted_040504_slug/rp040504p2_29.mov,rp040504_wavelet_jpeg/rp040504_29_w.jpg,flat cell morphology during axenic growth; medium density,
040804_00,V30954,,REMI,Undeterminable,,Undeterminable,,,,,,Undeterminable,,Aberrant,,,hinted_040804_slug/rp040804p2_00.mov,rp040804_wavelet_jpeg/rp040804_00_w.jpg,poor growth low density,
040804_01,V30230,,REMI,Aberrant,turbulent,Aberrant,,,,,,Undeterminable,Undeterminable,Wild Type,,hinted_040804/rp040804_01_0001S.mov,hinted_040804_slug/rp040804p2_01.mov,rp040804_wavelet_jpeg/rp040804_01_w.jpg,,
040804_02,V30963,,REMI,Undeterminable,,Undeterminable,,,,,,Undeterminable,,Wild Type,,hinted_040804/rp040804_02_0325S.mov,hinted_040804_slug/rp040804p2_02.mov,rp040804_wavelet_jpeg/rp040804_02_w.jpg,aberrant morph; medium-low density,
040804_03,V30958,,REMI,Undeterminable,,Undeterminable,,,,,,,,Wild Type,,hinted_040804/rp040804_03_0475S.mov,hinted_040804_slug/rp040804p2_03.mov,rp040804_wavelet_jpeg/rp040804_03_w.jpg,aberrant morph; medium density,
040804_04,V30971,,REMI,Undeterminable,,Undeterminable,,,,,,,,Wild Type,,hinted_040804/rp040804_04_0325S.mov,hinted_040804_slug/rp040804p2_04.mov,rp040804_wavelet_jpeg/rp040804_04_w.jpg,aberrant morph; medium density,
040804_05,V30968,,REMI,Undeterminable,,Undeterminable,,,,,,,,Wild Type,,hinted_040804/rp040804_05_0200S.mov,hinted_040804_slug/rp040804p2_05.mov,rp040804_wavelet_jpeg/rp040804_05_w.jpg,aberrant morph; medium density,
040804_06,V30984,,REMI,Undeterminable,,Undeterminable,,,,,,,,Wild Type,,hinted_040804/rp040804_06_0175S.mov,hinted_040804_slug/rp040804p2_06.mov,rp040804_wavelet_jpeg/rp040804_06_w.jpg,aberrant morph; medium-low density,
040804_07,V30976,,REMI,Undeterminable,,Undeterminable,,,,,,,,Wild Type,,,hinted_040804_slug/rp040804p2_07.mov,rp040804_wavelet_jpeg/rp040804_07_w.jpg,aberrant flat morph; low density,
040804_08,V31053,D1022,REMI,Undeterminable,,Undeterminable,,,,,,,,Wild Type,,hinted_040804/rp040804_08_0475S.mov,hinted_040804_slug/rp040804p2_08.mov,rp040804_wavelet_jpeg/rp040804_08_w.jpg,aberrant flat morph; low density,
040804_09,V31048,D1022,REMI,Undeterminable,,Undeterminable,,,,,,,,Wild Type,,hinted_040804/rp040804_09_0225S.mov,hinted_040804_slug/rp040804p2_09.mov,rp040804_wavelet_jpeg/rp040804_09_w.jpg,aberrant flat morph; medium-low density,
040804_10,V30955,,REMI,Undeterminable,,Undeterminable,,,,,,Undeterminable,Undeterminable,Aberrant,,,hinted_040804_slug/rp040804p2_10.mov,rp040804_wavelet_jpeg/rp040804_10_w.jpg,poor growth low density,
040804_11,V30947,,REMI,Aberrant,weak,Wild Type,,,,,,Wild Type,,Wild Type,,hinted_040804/rp040804_11_0025S.mov,hinted_040804_slug/rp040804p2_11.mov,rp040804_wavelet_jpeg/rp040804_11_w.jpg,,
040804_12,V30966,,REMI,Undeterminable,,Undeterminable,,,,,,Undeterminable,Undeterminable,Aberrant,,,hinted_040804_slug/rp040804p2_12.mov,rp040804_wavelet_jpeg/rp040804_12_w.jpg,aberrant flat morph; low density,
040804_13,V30960,,REMI,Undeterminable,,Undeterminable,,,,,,Undeterminable,Undeterminable,Aberrant,,hinted_040804/rp040804_13_0450S.mov,hinted_040804_slug/rp040804p2_13.mov,rp040804_wavelet_jpeg/rp040804_13_w.jpg,aberrant flat morph; medium-low density,
040804_14,V30972,,REMI,Undeterminable,,Undeterminable,,,,,,,,Wild Type,,hinted_040804/rp040804_14_0225S.mov,hinted_040804_slug/rp040804p2_14.mov,rp040804_wavelet_jpeg/rp040804_14_w.jpg,aberrant morph; medium-low density,
040804_15,V30969,,REMI,Aberrant,local activities,Aberrant,,,,,,,,Wild Type,,hinted_040804/rp040804_15_0250S.mov,hinted_040804_slug/rp040804p2_15.mov,rp040804_wavelet_jpeg/rp040804_15_w.jpg,chemotactic morph; medium density,
040804_16,V30982,,REMI,Undeterminable,,Undeterminable,,,,,,Undeterminable,Undeterminable,Aberrant,,,hinted_040804_slug/rp040804p2_16.mov,rp040804_wavelet_jpeg/rp040804_16_w.jpg,poor growth low density,
040804_17,V30978,,REMI,Undeterminable,,Undeterminable,,,,,,,,Wild Type,,hinted_040804/rp040804_17_0400S.mov,hinted_040804_slug/rp040804p2_17.mov,rp040804_wavelet_jpeg/rp040804_17_w.jpg,aberrant flat morph; low density,
040804_18,V31054,D1022,REMI,Undeterminable,,Undeterminable,,,,,,,,Wild Type,,hinted_040804/rp040804_18_0300S.mov,hinted_040804_slug/rp040804p2_18.mov,rp040804_wavelet_jpeg/rp040804_18_w.jpg,aberrant flat morph; medium-low density,
040804_19,V31050,D1022,REMI,Wild Type,,Wild Type,,,,,,,,Wild Type,,hinted_040804/rp040804_19_0025S.mov,hinted_040804_slug/rp040804p2_19.mov,rp040804_wavelet_jpeg/rp040804_19_w.jpg,,
040804_20,V30957,,REMI,Undeterminable,,Undeterminable,,,,,,Undeterminable,Undeterminable,Aberrant,,,hinted_040804_slug/rp040804p2_20.mov,rp040804_wavelet_jpeg/rp040804_20_w.jpg,poor growth low density,
040804_21,V30949,,REMI,Undeterminable,,Undeterminable,,,,,,Undeterminable,Undeterminable,Wild Type,,,hinted_040804_slug/rp040804p2_21.mov,rp040804_wavelet_jpeg/rp040804_21_w.jpg,chemotactic morph; low density,
040804_22,V30967,,REMI,Wild Type,weak,Wild Type,,,,,,,,Wild Type,,hinted_040804/rp040804_22_0050S.mov,hinted_040804_slug/rp040804p2_22.mov,rp040804_wavelet_jpeg/rp040804_22_w.jpg,aberrant morph; medium-low density,
040804_23,V30962,,REMI,Undeterminable,,Undeterminable,,,,,,Undeterminable,Undeterminable,Wild Type,,,hinted_040804_slug/rp040804p2_23.mov,rp040804_wavelet_jpeg/rp040804_23_w.jpg,aberrant morph; low density,
040804_24,V30973,,REMI,Aberrant,late; large territory,Wild Type,,,,,,,,Wild Type,,hinted_040804/rp040804_24_0200S.mov,hinted_040804_slug/rp040804p2_24.mov,rp040804_wavelet_jpeg/rp040804_24_w.jpg,aberrant morph,
040804_25,V30970,,REMI,Undeterminable,large territory,Wild Type,,,,,,,,Wild Type,,hinted_040804/rp040804_25_0150S.mov,hinted_040804_slug/rp040804p2_25.mov,rp040804_wavelet_jpeg/rp040804_25_w.jpg,aberrant flat morph; medium density,
040804_26,V31047,D1022,REMI,Undeterminable,,Undeterminable,,,,,,,,Wild Type,,hinted_040804/rp040804_26_0350S.mov,hinted_040804_slug/rp040804p2_26.mov,rp040804_wavelet_jpeg/rp040804_26_w.jpg,aberrant flat morph; low density,
040804_27,V30980,,REMI,Undeterminable,,Undeterminable,,,,,,,,Wild Type,,hinted_040804/rp040804_27_0300S.mov,hinted_040804_slug/rp040804p2_27.mov,rp040804_wavelet_jpeg/rp040804_27_w.jpg,chemotactic morph; low density,
040804_28,V31055,D1022,REMI,Undeterminable,,Undeterminable,,,,,,,,Wild Type,,hinted_040804/rp040804_28_0475S.mov,hinted_040804_slug/rp040804p2_28.mov,rp040804_wavelet_jpeg/rp040804_28_w.jpg,aberrant flat morph,
040804_29,V31051,D1022,REMI,Wild Type,late; large territory,Wild Type,,,,,,,,Wild Type,,hinted_040804/rp040804_29_0150S.mov,hinted_040804_slug/rp040804p2_29.mov,rp040804_wavelet_jpeg/rp040804_29_w.jpg,medium density,
041204_00,V30378,,REMI,Aberrant,low freq; dies out,None,,,,None,,Aberrant,,Wild Type,,hinted_041204/rp041204_00_0175S.mov,hinted_041204_slug/rp041204p2_00.mov,rp041204_wavelet_jpeg/rp041204_00_w.jpg,"partial Wt morph FB; most cells didn't aggregate",
041204_01,V30353,,REMI,Wild Type,,Wild Type,,,,,,Wild Type,,Wild Type,,hinted_041204/rp041204_01_0001S.mov,hinted_041204_slug/rp041204p2_01.mov,rp041204_wavelet_jpeg/rp041204_01_w.jpg,,
041204_02,V31801,D1030,REMI,Undeterminable,,Undeterminable,,,,Wild Type,,Wild Type,,Wild Type,,hinted_041204/rp041204_02_0400S.mov,hinted_041204_slug/rp041204p2_02.mov,rp041204_wavelet_jpeg/rp041204_02_w.jpg,chemotactic cell morph; medium-low density,
041204_03,V30989,,REMI,Undeterminable,,Undeterminable,,,,Wild Type,,Wild Type,,Wild Type,,hinted_041204/rp041204_03_0200S.mov,hinted_041204_slug/rp041204p2_03.mov,rp041204_wavelet_jpeg/rp041204_03_w.jpg,chemotactic cell morph; medium density,
041204_04,V31807,D1030,REMI,Undeterminable,,Undeterminable,,,,,,Undeterminable,,None,,,hinted_041204_slug/rp041204p2_04.mov,rp041204_wavelet_jpeg/rp041204_04_w.jpg,cell death in axenic medium; no growth,
041204_05,V31804,D1030,REMI,Wild Type,,Wild Type,,,,Wild Type,,Wild Type,,Wild Type,,hinted_041204/rp041204_05_0001S.mov,hinted_041204_slug/rp041204p2_05.mov,rp041204_wavelet_jpeg/rp041204_05_w.jpg,,
041204_06,V31813,D1030,REMI,Wild Type,,Wild Type,,,,Wild Type,,Wild Type,,Wild Type,,hinted_041204/rp041204_06_0001S.mov,hinted_041204_slug/rp041204p2_06.mov,rp041204_wavelet_jpeg/rp041204_06_w.jpg,,
041204_07,V31810,D1030,REMI,Wild Type,,Wild Type,,,,Wild Type,,Wild Type,,Wild Type,,hinted_041204/rp041204_07_0001S.mov,hinted_041204_slug/rp041204p2_07.mov,rp041204_wavelet_jpeg/rp041204_07_w.jpg,,
041204_08,V31819,D1030,REMI,,,Wild Type,,,,Wild Type,,Wild Type,,Wild Type,,hinted_041204/rp041204_08_0001S.mov,hinted_041204_slug/rp041204p2_08.mov,rp041204_wavelet_jpeg/rp041204_08_w.jpg,,
041204_09,V31816,D1030,REMI,Wild Type,,Wild Type,,,,Wild Type,,Wild Type,,Wild Type,,hinted_041204/rp041204_09_0025S.mov,hinted_041204_slug/rp041204p2_09.mov,rp041204_wavelet_jpeg/rp041204_09_w.jpg,,
041204_10,V30387,,REMI,Wild Type,,Wild Type,,,,,,Wild Type,,Wild Type,,hinted_041204/rp041204_10_0001S.mov,hinted_041204_slug/rp041204p2_10.mov,rp041204_wavelet_jpeg/rp041204_10_w.jpg,,
041204_11,V30366,,REMI,Wild Type,,Wild Type,,,,,,Wild Type,,Wild Type,,hinted_041204/rp041204_11_0001S.mov,hinted_041204_slug/rp041204p2_11.mov,rp041204_wavelet_jpeg/rp041204_11_w.jpg,,
041204_12,V31802,D1030,REMI,Undeterminable,,Undeterminable,,,,Wild Type,,Wild Type,,Wild Type,,hinted_041204/rp041204_12_0250S.mov,hinted_041204_slug/rp041204p2_12.mov,rp041204_wavelet_jpeg/rp041204_12_w.jpg,minor aberrant morph; medium density,
041204_13,V30990,,REMI,Undeterminable,,Undeterminable,,,,Wild Type,,Wild Type,,Wild Type,,hinted_041204/rp041204_13_0500S.mov,hinted_041204_slug/rp041204p2_13.mov,rp041204_wavelet_jpeg/rp041204_13_w.jpg,chemotactic cell morph; low density; small FB,
041204_14,V31808,D1030,REMI,Undeterminable,,Undeterminable,,,,,,Wild Type,,Wild Type,,hinted_041204/rp041204_14_0450S.mov,hinted_041204_slug/rp041204p2_14.mov,rp041204_wavelet_jpeg/rp041204_14_w.jpg,aberrant morph; low density; small FB,
041204_15,V31805,D1030,REMI,Wild Type,turbulent,Wild Type,,,,Wild Type,,Wild Type,,Wild Type,,hinted_041204/rp041204_15_0001S.mov,hinted_041204_slug/rp041204p2_15.mov,rp041204_wavelet_jpeg/rp041204_15_w.jpg,,
041204_16,V31814,D1030,REMI,Undeterminable,,Undeterminable,,,,Undeterminable,,Wild Type,,Wild Type,,hinted_041204/rp041204_16_0350S.mov,hinted_041204_slug/rp041204p2_16.mov,rp041204_wavelet_jpeg/rp041204_16_w.jpg,chemotactic cell morph; medium-low density,
041204_17,V31811,D1030,REMI,Aberrant,amplitude,Wild Type,,,,Aberrant,,Wild Type,,Aberrant,,hinted_041204/rp041204_17_0001S.mov,hinted_041204_slug/rp041204p2_17.mov,rp041204_wavelet_jpeg/rp041204_17_w.jpg,cells are uniformly bigger during axenic growth; elongated slugs,
041204_18,V31820,D1030,REMI,Wild Type,,Wild Type,,,,Wild Type,,Wild Type,,Wild Type,,hinted_041204/rp041204_18_0001S.mov,hinted_041204_slug/rp041204p2_18.mov,rp041204_wavelet_jpeg/rp041204_18_w.jpg,,
041204_19,V31817,D1030,REMI,Aberrant,amplitude,Aberrant,,,,Aberrant,,Wild Type,,Wild Type,,hinted_041204/rp041204_19_0001S.mov,hinted_041204_slug/rp041204p2_19.mov,rp041204_wavelet_jpeg/rp041204_19_w.jpg,fat slugs?,
041204_20,V30393,,REMI,Wild Type,,Wild Type,,,,,,Wild Type,,Wild Type,,hinted_041204/rp041204_20_0001S.mov,hinted_041204_slug/rp041204p2_20.mov,rp041204_wavelet_jpeg/rp041204_20_w.jpg,,
041204_21,V30368,,REMI,Wild Type,,Aberrant,,,,,,Wild Type,,Wild Type,,hinted_041204/rp041204_21_0001S.mov,hinted_041204_slug/rp041204p2_21.mov,rp041204_wavelet_jpeg/rp041204_21_w.jpg,early breakup,
041204_22,V31803,D1030,REMI,Wild Type,,Wild Type,,,,Wild Type,,Wild Type,,Wild Type,,hinted_041204/rp041204_22_0001S.mov,hinted_041204_slug/rp041204p2_22.mov,rp041204_wavelet_jpeg/rp041204_22_w.jpg,,
041204_23,V30992,,REMI,Undeterminable,,Undeterminable,,,,Undeterminable,,Aberrant,,Wild Type,,,hinted_041204_slug/rp041204p2_23.mov,rp041204_wavelet_jpeg/rp041204_23_w.jpg,chemotactic cell morph; medium-low density; aberrant FB with zig-zag stalk-like struc on substrate,
041204_24,V31809,D1030,REMI,Wild Type,,Wild Type,,,,Wild Type,,Wild Type,,Wild Type,,hinted_041204/rp041204_24_0001S.mov,hinted_041204_slug/rp041204p2_24.mov,rp041204_wavelet_jpeg/rp041204_24_w.jpg,,
041204_25,V31806,D1030,REMI,Undeterminable,,Undeterminable,,,,Undeterminable,,Wild Type,,Wild Type,,,hinted_041204_slug/rp041204p2_25.mov,rp041204_wavelet_jpeg/rp041204_25_w.jpg,minor aberrant morph; low density; small FB,
041204_26,V31815,D1030,REMI,Wild Type,late,,,,,Undeterminable,,Wild Type,,Wild Type,,hinted_041204/rp041204_26_0100S.mov,hinted_041204_slug/rp041204p2_26.mov,rp041204_wavelet_jpeg/rp041204_26_w.jpg,medium density,
041204_27,V31812,D1030,REMI,Wild Type,,Wild Type,,,,Wild Type,,Wild Type,,Wild Type,,hinted_041204/rp041204_27_0025S.mov,hinted_041204_slug/rp041204p2_27.mov,rp041204_wavelet_jpeg/rp041204_27_w.jpg,,
041204_28,V31821,D1030,REMI,Aberrant,,Aberrant,,,,,,Wild Type,,Wild Type,,hinted_041204/rp041204_28_0250S.mov,hinted_041204_slug/rp041204p2_28.mov,rp041204_wavelet_jpeg/rp041204_28_w.jpg,medium low density,
041204_29,V31818,D1030,REMI,,late,Wild Type,,,,Wild Type,,Wild Type,,Wild Type,,hinted_041204/rp041204_29_0075S.mov,hinted_041204_slug/rp041204p2_29.mov,rp041204_wavelet_jpeg/rp041204_29_w.jpg,,
041504_00,V30518,,REMI,Undeterminable,,Undeterminable,,,,,,Undeterminable,,Aberrant,,hinted_041504/rp041504_00_0300S.mov,hinted_041504_slug/rp041504p2_00.mov,rp041504_wavelet_jpeg/rp041504_00_w.jpg,most cells have detached during axenic growth; sparsely situated FB,
041504_01,V30432,,REMI,Wild Type,,Wild Type,,,,,,Wild Type,,Wild Type,,hinted_041504/rp041504_01_0001S.mov,hinted_041504_slug/rp041504p2_01.mov,rp041504_wavelet_jpeg/rp041504_01_w.jpg,,
041504_02,V31825,D1030,REMI,Wild Type,,Wild Type,,,,Wild Type,,Wild Type,,Wild Type,,hinted_041504/rp041504_02_0001S.mov,hinted_041504_slug/rp041504p2_02.mov,rp041504_wavelet_jpeg/rp041504_02_w.jpg,,
041504_03,V31822,D1030,REMI,Wild Type,,Wild Type,,,,Wild Type,,Wild Type,,Wild Type,,hinted_041504/rp041504_03_0001S.mov,hinted_041504_slug/rp041504p2_03.mov,rp041504_wavelet_jpeg/rp041504_03_w.jpg,medium density; may have gotten contaminated,
041504_04,V31831,D1030,REMI,Wild Type,,Wild Type,,,,Wild Type,,Wild Type,,Wild Type,,hinted_041504/rp041504_04_0001S.mov,hinted_041504_slug/rp041504p2_04.mov,rp041504_wavelet_jpeg/rp041504_04_w.jpg,,
041504_05,V31828,D1030,REMI,Wild Type,,Wild Type,,,,Wild Type,,Wild Type,,Wild Type,,hinted_041504/rp041504_05_0001S.mov,hinted_041504_slug/rp041504p2_05.mov,rp041504_wavelet_jpeg/rp041504_05_w.jpg,,
041504_06,V31839,D1030,REMI,Wild Type,minor turbulence,Wild Type,,,,Wild Type,,Wild Type,,Wild Type,,hinted_041504/rp041504_06_0001S.mov,hinted_041504_slug/rp041504p2_06.mov,rp041504_wavelet_jpeg/rp041504_06_w.jpg,,
041504_07,V31835,D1030,REMI,Wild Type,,Wild Type,,,,Wild Type,,Wild Type,,Wild Type,,hinted_041504/rp041504_07_0001S.mov,hinted_041504_slug/rp041504p2_07.mov,rp041504_wavelet_jpeg/rp041504_07_w.jpg,,
041504_08,V31847,D1030,REMI,Undeterminable,,Undeterminable,,,,Undeterminable,,,,Wild Type,,hinted_041504/rp041504_08_0225S.mov,hinted_041504_slug/rp041504p2_08.mov,rp041504_wavelet_jpeg/rp041504_08_w.jpg,aberrant morphology during axenic growth; medium density;small FB (with slightly thin stalk?),
041504_09,V31842,D1030,REMI,Wild Type,,Wild Type,,,,Wild Type,,Wild Type,,Wild Type,,hinted_041504/rp041504_09_0001S.mov,hinted_041504_slug/rp041504p2_09.mov,rp041504_wavelet_jpeg/rp041504_09_w.jpg,,
041504_10,V30522,,REMI,Wild Type,,Wild Type,,,,,,Wild Type,,Wild Type,,hinted_041504/rp041504_10_0001S.mov,hinted_041504_slug/rp041504p2_10.mov,rp041504_wavelet_jpeg/rp041504_10_w.jpg,,
041504_11,V30446,,REMI,Wild Type,,Wild Type,,,,,,Wild Type,,Wild Type,,hinted_041504/rp041504_11_0001S.mov,hinted_041504_slug/rp041504p2_11.mov,rp041504_wavelet_jpeg/rp041504_11_w.jpg,,
041504_12,V31826,D1030,REMI,Undeterminable,,Undeterminable,,,,,,Wild Type,,Wild Type,,hinted_041504/rp041504_12_0350S.mov,hinted_041504_slug/rp041504p2_12.mov,rp041504_wavelet_jpeg/rp041504_12_w.jpg,aberrant morphology during axenic growth; medium density; small FB,
041504_13,V31823,D1030,REMI,Undeterminable,,Undeterminable,,,,,,Wild Type,,Wild Type,,hinted_041504/rp041504_13_0100S.mov,hinted_041504_slug/rp041504p2_13.mov,rp041504_wavelet_jpeg/rp041504_13_w.jpg,medium-low density,
041504_14,V31832,D1030,REMI,Wild Type,,Wild Type,,,,Wild Type,,Wild Type,,Wild Type,,hinted_041504/rp041504_14_0001S.mov,hinted_041504_slug/rp041504p2_14.mov,rp041504_wavelet_jpeg/rp041504_14_w.jpg,,
041504_15,V31829,D1030,REMI,Wild Type,,Wild Type,,,,Wild Type,,Wild Type,,Wild Type,,hinted_041504/rp041504_15_0001S.mov,hinted_041504_slug/rp041504p2_15.mov,rp041504_wavelet_jpeg/rp041504_15_w.jpg,medium density,
041504_16,V31840,D1030,REMI,Wild Type,,Wild Type,,,,Wild Type,,Wild Type,,Wild Type,,hinted_041504/rp041504_16_0001S.mov,hinted_041504_slug/rp041504p2_16.mov,rp041504_wavelet_jpeg/rp041504_16_w.jpg,,
041504_17,V31836,D1030,REMI,Wild Type,,Wild Type,,,,Wild Type,,Wild Type,,Wild Type,,hinted_041504/rp041504_17_0001S.mov,hinted_041504_slug/rp041504p2_17.mov,rp041504_wavelet_jpeg/rp041504_17_w.jpg,,
041504_18,V31848,D1030,REMI,Wild Type,,Wild Type,,,,Wild Type,,Wild Type,,Wild Type,,hinted_041504/rp041504_18_0001S.mov,hinted_041504_slug/rp041504p2_18.mov,rp041504_wavelet_jpeg/rp041504_18_w.jpg,,
041504_19,V31843,D1030,REMI,Wild Type,,Wild Type,,,,Wild Type,,Wild Type,,Wild Type,,hinted_041504/rp041504_19_0001S.mov,hinted_041504_slug/rp041504p2_19.mov,rp041504_wavelet_jpeg/rp041504_19_w.jpg,,
041504_20,V30530,,REMI,Aberrant,amplitude,Wild Type,,,,,,Wild Type,,Wild Type,,hinted_041504/rp041504_20_0001S.mov,hinted_041504_slug/rp041504p2_20.mov,rp041504_wavelet_jpeg/rp041504_20_w.jpg,,
041504_21,V30513,,REMI,Wild Type,,Wild Type,,,,,,Wild Type,,Wild Type,,hinted_041504/rp041504_21_0001S.mov,hinted_041504_slug/rp041504p2_21.mov,rp041504_wavelet_jpeg/rp041504_21_w.jpg,,
041504_22,V31827,D1030,REMI,Undeterminable,,Undeterminable,,,,,,Undeterminable,,Wild Type,,,hinted_041504_slug/rp041504p2_22.mov,rp041504_wavelet_jpeg/rp041504_22_w.jpg,aberrant morphology during axenic growth; low density; partial Fb,
041504_23,V31824,D1030,REMI,Undeterminable,,Undeterminable,,,,,,Wild Type,,Wild Type,,hinted_041504/rp041504_23_0475S.mov,hinted_041504_slug/rp041504p2_23.mov,rp041504_wavelet_jpeg/rp041504_23_w.jpg,aberrant morphology during axenic growth; low density,
041504_24,V31833,D1030,REMI,Wild Type,,Wild Type,,,,Wild Type,,Wild Type,,Wild Type,,hinted_041504/rp041504_24_0001S.mov,hinted_041504_slug/rp041504p2_24.mov,rp041504_wavelet_jpeg/rp041504_24_w.jpg,,
041504_25,V31830,D1030,REMI,Wild Type,,,,,,Wild Type,,Wild Type,,Wild Type,,hinted_041504/rp041504_25_0001S.mov,hinted_041504_slug/rp041504p2_25.mov,rp041504_wavelet_jpeg/rp041504_25_w.jpg,some arrested at the mound stage,
041504_26,V31841,D1030,REMI,Wild Type,,Wild Type,,,,Wild Type,,Wild Type,,Wild Type,,hinted_041504/rp041504_26_0001S.mov,hinted_041504_slug/rp041504p2_26.mov,rp041504_wavelet_jpeg/rp041504_26_w.jpg,,
041504_27,V31837,D1030,REMI,Wild Type,,Wild Type,,,,Wild Type,,Wild Type,,Wild Type,,hinted_041504/rp041504_27_0050S.mov,hinted_041504_slug/rp041504p2_27.mov,rp041504_wavelet_jpeg/rp041504_27_w.jpg,medium density,
041504_28,V31850,D1030,REMI,Wild Type,,Wild Type,,,,Wild Type,,Wild Type,,Wild Type,,hinted_041504/rp041504_28_0100S.mov,hinted_041504_slug/rp041504p2_28.mov,rp041504_wavelet_jpeg/rp041504_28_w.jpg,medium density,
041504_29,V31846,D1030,REMI,Undeterminable,,Wild Type,,,,Wild Type,,Wild Type,,Wild Type,,hinted_041504/rp041504_29_0100S.mov,hinted_041504_slug/rp041504p2_29.mov,rp041504_wavelet_jpeg/rp041504_29_w.jpg,aberrant morphology during axenic growth; medium density,
041904_00,blank,,,,N/A,,,,,,,,,Wild Type,,,hinted_041904_slug/rp041904p2_00.mov,rp041904_wavelet_jpeg/rp041904_00_w.jpg,N/A,
041904_01,V30547,,REMI,Wild Type,,Wild Type,,,,,,Wild Type,,Wild Type,,hinted_041904/rp041904_01_0001S.mov,hinted_041904_slug/rp041904p2_01.mov,rp041904_wavelet_jpeg/rp041904_01_w.jpg,,
041904_02,V31066,D1022,REMI,Undeterminable,,Wild Type,,,,,,Wild Type,,Wild Type,,hinted_041904/rp041904_02_0200S.mov,hinted_041904_slug/rp041904p2_02.mov,rp041904_wavelet_jpeg/rp041904_02_w.jpg,aberrant morphology during axenic growth; medium density,
041904_03,V31063,D1022,REMI,Undeterminable,,Wild Type,,,,Wild Type,,Wild Type,,Wild Type,,hinted_041904/rp041904_03_0050S.mov,hinted_041904_slug/rp041904p2_03.mov,rp041904_wavelet_jpeg/rp041904_03_w.jpg,aberrant morphology during axenic growth; medium density,
041904_04,blank,,,,N/A,,,,,,,,,Wild Type,,,hinted_041904_slug/rp041904p2_04.mov,rp041904_wavelet_jpeg/rp041904_04_w.jpg,N/A,
041904_05,V31069,D1022,REMI,Wild Type,,Wild Type,,,,Wild Type,,Wild Type,,Wild Type,,hinted_041904/rp041904_05_0001S.mov,hinted_041904_slug/rp041904p2_05.mov,rp041904_wavelet_jpeg/rp041904_05_w.jpg,,
041904_06,V31079,D1022,REMI,Undeterminable,,Undeterminable,,,,,,Wild Type,,Wild Type,,,hinted_041904_slug/rp041904p2_06.mov,rp041904_wavelet_jpeg/rp041904_06_w.jpg,aberrant morphology during axenic growth; medium-low density,
041904_07,V31076,D1022,REMI,Wild Type,turbulent,Aberrant,,,,Wild Type,,Wild Type,,Wild Type,,hinted_041904/rp041904_07_0001S.mov,hinted_041904_slug/rp041904p2_07.mov,rp041904_wavelet_jpeg/rp041904_07_w.jpg,,
041904_08,V31085,D1022,REMI,Undeterminable,,Undeterminable,,,,,,Wild Type,,Wild Type,,hinted_041904/rp041904_08_0250S.mov,hinted_041904_slug/rp041904p2_08.mov,rp041904_wavelet_jpeg/rp041904_08_w.jpg,aberrant morphology during axenic growth; medium-low density,
041904_09,V31082,D1022,REMI,Aberrant,sporadic; amplitude,Aberrant,,,,,,Aberrant,,Wild Type,,hinted_041904/rp041904_09_0150S.mov,hinted_041904_slug/rp041904p2_09.mov,rp041904_wavelet_jpeg/rp041904_09_w.jpg,many failed to aggregate; partial FB,
041904_10,V30101,,REMI,Wild Type,turbulent,Wild Type,,,,,,Aberrant,,Wild Type,,hinted_041904/rp041904_10_0001S.mov,hinted_041904_slug/rp041904p2_10.mov,rp041904_wavelet_jpeg/rp041904_10_w.jpg,dev arrest at mound stage; some FB with large sori,
041904_11,V30596,,REMI,Wild Type,,Wild Type,,,,,,Wild Type,,Wild Type,,hinted_041904/rp041904_11_0001S.mov,hinted_041904_slug/rp041904p2_11.mov,rp041904_wavelet_jpeg/rp041904_11_w.jpg,,
041904_12,V31067,D1022,REMI,,,Wild Type,,,,Wild Type,,Wild Type,,Wild Type,,hinted_041904/rp041904_12_0001S.mov,hinted_041904_slug/rp041904p2_12.mov,rp041904_wavelet_jpeg/rp041904_12_w.jpg,,
041904_13,V31064,D1022,REMI,Undeterminable,,Undeterminable,,,,,,Undeterminable,,Wild Type,,,hinted_041904_slug/rp041904p2_13.mov,rp041904_wavelet_jpeg/rp041904_13_w.jpg,aberrant morphology during axenic growth; low density,
041904_14,V31073,D1022,REMI,Undeterminable,,Undeterminable,,,,,,Wild Type,,Wild Type,,hinted_041904/rp041904_14_0250S.mov,hinted_041904_slug/rp041904p2_14.mov,rp041904_wavelet_jpeg/rp041904_14_w.jpg,aberrant morphology during axenic growth; low density,
041904_15,V31070,D1022,REMI,Wild Type,,Wild Type,,,,Wild Type,,Wild Type,,Wild Type,,hinted_041904/rp041904_15_0001S.mov,hinted_041904_slug/rp041904p2_15.mov,rp041904_wavelet_jpeg/rp041904_15_w.jpg,,
041904_16,V31080,D1022,REMI,Undeterminable,,Undeterminable,,,,,,Wild Type,,Wild Type,,hinted_041904/rp041904_16_0350S.mov,hinted_041904_slug/rp041904p2_16.mov,rp041904_wavelet_jpeg/rp041904_16_w.jpg,aberrant morphology during axenic growth; low density,
041904_17,V31077,D1022,REMI,Undeterminable,,Undeterminable,,,,,,Undeterminable,,Wild Type,,,hinted_041904_slug/rp041904p2_17.mov,rp041904_wavelet_jpeg/rp041904_17_w.jpg,aberrant morphology during axenic growth; low density,
041904_18,V31086,D1022,REMI,Undeterminable,,Wild Type,,,,,,Wild Type,,Wild Type,,hinted_041904/rp041904_18_0200S.mov,hinted_041904_slug/rp041904p2_18.mov,rp041904_wavelet_jpeg/rp041904_18_w.jpg,medium density,
041904_19,V31083,D1022,REMI,Undeterminable,,Wild Type,,,,Wild Type,,Wild Type,,Wild Type,,hinted_041904/rp041904_19_0200S.mov,hinted_041904_slug/rp041904p2_19.mov,rp041904_wavelet_jpeg/rp041904_19_w.jpg,medium-low density,
041904_20,V30261,,REMI,Wild Type,,Wild Type,,,,None,,Aberrant,,Wild Type,,hinted_041904/rp041904_20_0001S.mov,hinted_041904_slug/rp041904p2_20.mov,rp041904_wavelet_jpeg/rp041904_20_w.jpg,FBs with no spore head,
041904_21,V30604,,REMI,Aberrant,noise-free; amplitude,Wild Type,,,,None,,Aberrant,,Wild Type,,hinted_041904/rp041904_21_0001S.mov,hinted_041904_slug/rp041904p2_21.mov,rp041904_wavelet_jpeg/rp041904_21_w.jpg,"small wimpy FBs ",
041904_22,V31068,D1022,REMI,Undeterminable,,Undeterminable,,,,,,Wild Type,,Wild Type,,hinted_041904/rp041904_22_0325S.mov,hinted_041904_slug/rp041904p2_22.mov,rp041904_wavelet_jpeg/rp041904_22_w.jpg,bacterial contamination during axenic growth,
041904_23,V31065,D1022,REMI,Undeterminable,,Undeterminable,,,,,,Undeterminable,,Wild Type,,,hinted_041904_slug/rp041904p2_23.mov,rp041904_wavelet_jpeg/rp041904_23_w.jpg,aberrant morphology during axenic growth; low density,
041904_24,V31075,D1022,REMI,Aberrant,sporadic; amplitude,Aberrant,,,,,,Aberrant,,Wild Type,,hinted_041904/rp041904_24_0100S.mov,hinted_041904_slug/rp041904p2_24.mov,rp041904_wavelet_jpeg/rp041904_24_w.jpg,many cells failed to aggregate; only a few FBs,
041904_25,V31071,D1022,REMI,Undeterminable,,Undeterminable,,,,,,Undeterminable,,Wild Type,,,hinted_041904_slug/rp041904p2_25.mov,rp041904_wavelet_jpeg/rp041904_25_w.jpg,aberrant morphology during axenic growth; low density,
041904_26,V31081,D1022,REMI,Undeterminable,,Undeterminable,,,,,,Undeterminable,,Wild Type,,hinted_041904/rp041904_26_0475S.mov,hinted_041904_slug/rp041904p2_26.mov,rp041904_wavelet_jpeg/rp041904_26_w.jpg,aberrant morphology during axenic growth; low density,
041904_27,V31078,D1022,REMI,Undeterminable,,Undeterminable,,,,,,Undeterminable,,Wild Type,,,hinted_041904_slug/rp041904p2_27.mov,rp041904_wavelet_jpeg/rp041904_27_w.jpg,aberrant morphology during axenic growth; low density,
041904_28,V31087,D1022,REMI,Undeterminable,,Undeterminable,,,,,,Wild Type,,Wild Type,,hinted_041904/rp041904_28_0300S.mov,hinted_041904_slug/rp041904p2_28.mov,rp041904_wavelet_jpeg/rp041904_28_w.jpg,aberrant morphology during axenic growth; medium density,
041904_29,blank,,REMI,,,,,,,,,,,Wild Type,,,,rp041904_wavelet_jpeg/rp041904_29_w.jpg,,
042204_00,V30371,,REMI,Wild Type,,Wild Type,,,,,,None,,Wild Type,,hinted_042204/rp042204_00_0001S.mov,hinted_042204_slug/rp042204p2_00.mov,rp042204_wavelet_jpeg/rp042204_00_w.jpg,dev arrest at mound,
042204_01,V30285,,REMI,Wild Type,,Wild Type,,,,,,Wild Type,,Wild Type,,hinted_042204/rp042204_01_0001S.mov,hinted_042204_slug/rp042204p2_01.mov,rp042204_wavelet_jpeg/rp042204_01_w.jpg,,
042204_02,V31854,D1030,REMI,Wild Type,,,,,,,,Wild Type,,Wild Type,,hinted_042204/rp042204_02_0150S.mov,hinted_042204_slug/rp042204p2_02.mov,rp042204_wavelet_jpeg/rp042204_02_w.jpg,minor polarity; medium density,
042204_03,V31851,D1030,REMI,Wild Type,,Wild Type,,,,,,Wild Type,,Wild Type,,hinted_042204/rp042204_03_0001S.mov,hinted_042204_slug/rp042204p2_03.mov,rp042204_wavelet_jpeg/rp042204_03_w.jpg,,
042204_04,V31860,D1030,REMI,Wild Type,,Wild Type,,,,,,Wild Type,,Wild Type,,hinted_042204/rp042204_04_0001S.mov,hinted_042204_slug/rp042204p2_04.mov,rp042204_wavelet_jpeg/rp042204_04_w.jpg,,
042204_05,V31857,D1030,REMI,Wild Type,,Wild Type,,,,,,Wild Type,,Wild Type,,hinted_042204/rp042204_05_0001S.mov,hinted_042204_slug/rp042204p2_05.mov,rp042204_wavelet_jpeg/rp042204_05_w.jpg,,
042204_06,V31866,D1030,REMI,Wild Type,,Wild Type,,,,,,Wild Type,,Wild Type,,hinted_042204/rp042204_06_0150S.mov,hinted_042204_slug/rp042204p2_06.mov,rp042204_wavelet_jpeg/rp042204_06_w.jpg,confluent,
042204_07,V31863,D1030,REMI,Wild Type,,Wild Type,,,,,,Wild Type,,Wild Type,,hinted_042204/rp042204_07_0100S.mov,hinted_042204_slug/rp042204p2_07.mov,rp042204_wavelet_jpeg/rp042204_07_w.jpg,minor polarity; medium density,
042204_08,V31874,D1030,REMI,Aberrant,,Aberrant,,,,,,Aberrant,,Aberrant,,hinted_042204/rp042204_08_0001S.mov,hinted_042204_slug/rp042204p2_08.mov,rp042204_wavelet_jpeg/rp042204_08_w.jpg,cell size is uniformly small during axenic growth; almost no sori; zig-zag stalk on agar,
042204_09,V31871,D1030,REMI,Wild Type,,Wild Type,,,,,,Wild Type,,Wild Type,,hinted_042204/rp042204_09_0001S.mov,hinted_042204_slug/rp042204p2_09.mov,rp042204_wavelet_jpeg/rp042204_09_w.jpg,confluent,
042204_10,V30427,,REMI,Aberrant,high frequency,Aberrant,,,,,,Aberrant,,Wild Type,,hinted_042204/rp042204_10_0001S.mov,hinted_042204_slug/rp042204p2_10.mov,rp042204_wavelet_jpeg/rp042204_10_w.jpg,almost no sori,
042204_11,V30293,,REMI,Wild Type,,Wild Type,,,,,,Wild Type,,Wild Type,,hinted_042204/rp042204_11_0001S.mov,hinted_042204_slug/rp042204p2_11.mov,rp042204_wavelet_jpeg/rp042204_11_w.jpg,,
042204_12,V31855,D1030,REMI,Wild Type,,,,,,,,Wild Type,,Wild Type,,hinted_042204/rp042204_12_0001S.mov,hinted_042204_slug/rp042204p2_12.mov,rp042204_wavelet_jpeg/rp042204_12_w.jpg,,
042204_13,V31852,D1030,REMI,Wild Type,,Wild Type,,,,,,Wild Type,,Wild Type,,hinted_042204/rp042204_13_0001S.mov,hinted_042204_slug/rp042204p2_13.mov,rp042204_wavelet_jpeg/rp042204_13_w.jpg,,
042204_14,V31861,D1030,REMI,,,Wild Type,,,,,,Wild Type,,Wild Type,,hinted_042204/rp042204_14_0075S.mov,hinted_042204_slug/rp042204p2_14.mov,rp042204_wavelet_jpeg/rp042204_14_w.jpg,minor polarity; medium-low density,
042204_15,V31858,D1030,REMI,,,,,,,,,Wild Type,,Wild Type,,hinted_042204/rp042204_15_0400S.mov,hinted_042204_slug/rp042204p2_15.mov,rp042204_wavelet_jpeg/rp042204_15_w.jpg,minor polarity; medium-low density,
042204_16,V31868,D1030,REMI,,,,,,,,,Wild Type,,Wild Type,,hinted_042204/rp042204_16_0450S.mov,hinted_042204_slug/rp042204p2_16.mov,rp042204_wavelet_jpeg/rp042204_16_w.jpg,minor polarity; low density,
042204_17,V31864,D1030,REMI,,,,,,,,,Wild Type,,Wild Type,,hinted_042204/rp042204_17_0475S.mov,hinted_042204_slug/rp042204p2_17.mov,rp042204_wavelet_jpeg/rp042204_17_w.jpg,minor polarity; medium-low density,
042204_18,V31875,D1030,REMI,Wild Type,,Wild Type,,,,,,Wild Type,,Wild Type,,hinted_042204/rp042204_18_0001S.mov,hinted_042204_slug/rp042204p2_18.mov,rp042204_wavelet_jpeg/rp042204_18_w.jpg,confluent,
042204_19,V31872,D1030,REMI,Wild Type,,Wild Type,,,,,,Wild Type,,Wild Type,,hinted_042204/rp042204_19_0001S.mov,hinted_042204_slug/rp042204p2_19.mov,rp042204_wavelet_jpeg/rp042204_19_w.jpg,confluent,
042204_20,V30524,,REMI,Wild Type,,Aberrant,,,,,,None,,Wild Type,,hinted_042204/rp042204_20_0001S.mov,hinted_042204_slug/rp042204p2_20.mov,rp042204_wavelet_jpeg/rp042204_20_w.jpg,dev arrest at slug stage,
042204_21,V30341,,REMI,,,Aberrant,,,,,,Wild Type,,Wild Type,,hinted_042204/rp042204_21_0001S.mov,hinted_042204_slug/rp042204p2_21.mov,rp042204_wavelet_jpeg/rp042204_21_w.jpg,,
042204_22,V31856,D1030,REMI,Wild Type,,Wild Type,,,,,,Wild Type,,Wild Type,,hinted_042204/rp042204_22_0001S.mov,hinted_042204_slug/rp042204p2_22.mov,rp042204_wavelet_jpeg/rp042204_22_w.jpg,,
042204_23,V31853,D1030,REMI,Aberrant,amplitude mod,Aberrant,,,,,,Aberrant,,Wild Type,,hinted_042204/rp042204_23_0125S.mov,hinted_042204_slug/rp042204p2_23.mov,rp042204_wavelet_jpeg/rp042204_23_w.jpg,some minor large cells during growth; aberrant stalk mostly on agar; glassy spore head,
042204_24,V31862,D1030,REMI,Wild Type,,,,,,,,Wild Type,,Wild Type,,hinted_042204/rp042204_24_0100S.mov,hinted_042204_slug/rp042204p2_24.mov,rp042204_wavelet_jpeg/rp042204_24_w.jpg,,
042204_25,V31859,D1030,REMI,Wild Type,,Wild Type,,,,,,Wild Type,,Wild Type,,hinted_042204/rp042204_25_0001S.mov,hinted_042204_slug/rp042204p2_25.mov,rp042204_wavelet_jpeg/rp042204_25_w.jpg,,
042204_26,V31870,D1030,REMI,Wild Type,,,,,,,,Wild Type,,Wild Type,,hinted_042204/rp042204_26_0250S.mov,hinted_042204_slug/rp042204p2_26.mov,rp042204_wavelet_jpeg/rp042204_26_w.jpg,minor polarity; medium-low density,
042204_27,V31865,D1030,REMI,Wild Type,,Wild Type,,,,,,Wild Type,,Wild Type,,hinted_042204/rp042204_27_0001S.mov,hinted_042204_slug/rp042204p2_27.mov,rp042204_wavelet_jpeg/rp042204_27_w.jpg,confluent,
042204_28,V31876,D1030,REMI,Wild Type,,Wild Type,,,,,,Wild Type,,Wild Type,,hinted_042204/rp042204_28_0001S.mov,hinted_042204_slug/rp042204p2_28.mov,rp042204_wavelet_jpeg/rp042204_28_w.jpg,confluent,
042204_29,V31873,D1030,REMI,Wild Type,,Wild Type,,,,,,Wild Type,,Wild Type,,hinted_042204/rp042204_29_0025S.mov,hinted_042204_slug/rp042204p2_29.mov,rp042204_wavelet_jpeg/rp042204_29_w.jpg,confluent,
043004_00,V30750,,REMI,Wild Type,,Wild Type,,,,,,Wild Type,,Wild Type,,hinted_043004/rp043004_00_0001S.mov,hinted_043004_slug/rp043004p2_00.mov,rp043004_wavelet_jpeg/rp043004_00_w.jpg,,
043004_01,V30688,,REMI,Wild Type,,Wild Type,,,,,,Aberrant,,Wild Type,,hinted_043004/rp043004_01_0001S.mov,hinted_043004_slug/rp043004p2_01.mov,rp043004_wavelet_jpeg/rp043004_01_w.jpg,some FBs with a large spore head; aberrant spores either spores did not mature or cells germinate prematurely,
043004_02,V31881,D1030,REMI,Undeterminable,,Undeterminable,,,,,,Wild Type,,Wild Type,,hinted_043004/rp043004_02_0250S.mov,hinted_043004_slug/rp043004p2_02.mov,rp043004_wavelet_jpeg/rp043004_02_w.jpg,aberrant morph during axenic growth,
043004_03,V31878,D1030,REMI,Undeterminable,,Undeterminable,,,,,,Wild Type,,Wild Type,,hinted_043004/rp043004_03_0250S.mov,hinted_043004_slug/rp043004p2_03.mov,rp043004_wavelet_jpeg/rp043004_03_w.jpg,aberrant morph during axenic growth; medium density,
043004_04,V31877,D1030,REMI,Wild Type,,Wild Type,,,,Wild Type,,Wild Type,,Wild Type,,hinted_043004/rp043004_04_0001S.mov,hinted_043004_slug/rp043004p2_04.mov,rp043004_wavelet_jpeg/rp043004_04_w.jpg,,
043004_05,V31884,D1030,REMI,Undeterminable,,Wild Type,,,,,,Wild Type,,Wild Type,,hinted_043004/rp043004_05_0175S.mov,hinted_043004_slug/rp043004p2_05.mov,rp043004_wavelet_jpeg/rp043004_05_w.jpg,medium low density,
043004_06,V31894,D1030,REMI,Wild Type,,Aberrant,,,,,,Aberrant,,Wild Type,,hinted_043004/rp043004_06_0025S.mov,hinted_043004_slug/rp043004p2_06.mov,rp043004_wavelet_jpeg/rp043004_06_w.jpg,small FB some arrested at mound,
043004_07,V31890,D1030,REMI,Undeterminable,,Undeterminable,,,,,,Wild Type,,Wild Type,,hinted_043004/rp043004_07_0450S.mov,hinted_043004_slug/rp043004p2_07.mov,rp043004_wavelet_jpeg/rp043004_07_w.jpg,aberrant morph during axenic growth; medium-low density,
043004_08,V31904,D1031,REMI,Wild Type,,Wild Type,,,,Wild Type,,Wild Type,,Wild Type,,hinted_043004/rp043004_08_0025S.mov,hinted_043004_slug/rp043004p2_08.mov,rp043004_wavelet_jpeg/rp043004_08_w.jpg,aberrant morph during axenic growth,
043004_09,V31901,D1031,REMI,Undeterminable,,Undeterminable,,,,,,Wild Type,,Wild Type,,,hinted_043004_slug/rp043004p2_09.mov,rp043004_wavelet_jpeg/rp043004_09_w.jpg,aberrant flat polarized morph during axenic growth; low density,
043004_10,V31084,,REMI,,late,,,,,,,Wild Type,,Wild Type,,hinted_043004/rp043004_10_0250S.mov,hinted_043004_slug/rp043004p2_10.mov,rp043004_wavelet_jpeg/rp043004_10_w.jpg,polarized cell morph; medium density,
043004_11,V30724,,REMI,Wild Type,,Wild Type,,,,,,Wild Type,,Wild Type,,hinted_043004/rp043004_11_0001S.mov,hinted_043004_slug/rp043004p2_11.mov,rp043004_wavelet_jpeg/rp043004_11_w.jpg,,
043004_12,V31882,D1030,REMI,Wild Type,,Wild Type,,,,Wild Type,,Wild Type,,Wild Type,,hinted_043004/rp043004_12_0001S.mov,hinted_043004_slug/rp043004p2_12.mov,rp043004_wavelet_jpeg/rp043004_12_w.jpg,confluent,
043004_13,V31879,D1030,REMI,Undeterminable,,Undeterminable,,,,,,Wild Type,,Wild Type,,,hinted_043004_slug/rp043004p2_13.mov,rp043004_wavelet_jpeg/rp043004_13_w.jpg,aberrant morph during axenic growth; low density,
043004_14,V31888,D1030,REMI,Wild Type,,Wild Type,,,,Wild Type,,Wild Type,,Wild Type,,hinted_043004/rp043004_14_0050S.mov,hinted_043004_slug/rp043004p2_14.mov,rp043004_wavelet_jpeg/rp043004_14_w.jpg,confluent,
043004_15,V31885,D1030,REMI,Undeterminable,,Undeterminable,,,,,,Wild Type,,Wild Type,,hinted_043004/rp043004_15_0325S.mov,hinted_043004_slug/rp043004p2_15.mov,rp043004_wavelet_jpeg/rp043004_15_w.jpg,aberrant morph during axenic growth; medium-low density,
043004_16,V31895,D1030,REMI,Undeterminable,,Undeterminable,,,,,,Wild Type,,Wild Type,,hinted_043004/rp043004_16_0225S.mov,hinted_043004_slug/rp043004p2_16.mov,rp043004_wavelet_jpeg/rp043004_16_w.jpg,aberrant morph during axenic growth; medium-low density,
043004_17,V31891,D1030,REMI,Aberrant,turbulent,Aberrant,,,,,,Wild Type,,Wild Type,,hinted_043004/rp043004_17_0025S.mov,hinted_043004_slug/rp043004p2_17.mov,rp043004_wavelet_jpeg/rp043004_17_w.jpg,aberrant cell morph during axenic growth,
043004_18,V31905,D1031,REMI,Undeterminable,late,Undeterminable,,,,,,Wild Type,,Wild Type,,hinted_043004/rp043004_18_0125S.mov,hinted_043004_slug/rp043004p2_18.mov,rp043004_wavelet_jpeg/rp043004_18_w.jpg,aberrant flat polarized morph during axenic growth,
043004_19,V31902,D1031,REMI,Undeterminable,late,Undeterminable,,,,,,Wild Type,,Wild Type,,hinted_043004/rp043004_19_0250S.mov,hinted_043004_slug/rp043004p2_19.mov,rp043004_wavelet_jpeg/rp043004_19_w.jpg,aberrant morph during axenic growth; medium-low density,
043004_20,V31887,D1030,REMI,Aberrant,"weak, late",,,,,Wild Type,,Wild Type,,Wild Type,,hinted_043004/rp043004_20_0250S.mov,hinted_043004_slug/rp043004p2_20.mov,rp043004_wavelet_jpeg/rp043004_20_w.jpg,medium density,
043004_21,V30740,,REMI,Wild Type,,Wild Type,,,,,,Wild Type,,Wild Type,,hinted_043004/rp043004_21_0001S.mov,hinted_043004_slug/rp043004p2_21.mov,rp043004_wavelet_jpeg/rp043004_21_w.jpg,,
043004_22,V31883,D1030,REMI,Undeterminable,,,,,,Wild Type,,Wild Type,,Wild Type,,hinted_043004/rp043004_22_0225S.mov,hinted_043004_slug/rp043004p2_22.mov,rp043004_wavelet_jpeg/rp043004_22_w.jpg,aberrant morph during axenic growth; medium-low density,
043004_23,V31880,D1030,REMI,Undeterminable,,,,,,,,Wild Type,,Wild Type,,hinted_043004/rp043004_23_0475S.mov,hinted_043004_slug/rp043004p2_23.mov,rp043004_wavelet_jpeg/rp043004_23_w.jpg,aberrant morph during axenic growth; low density,
043004_24,V31889,D1030,REMI,Wild Type,,Wild Type,,,,Wild Type,,Wild Type,,Wild Type,,hinted_043004/rp043004_24_0001S.mov,hinted_043004_slug/rp043004p2_24.mov,rp043004_wavelet_jpeg/rp043004_24_w.jpg,,
043004_25,V31886,D1030,REMI,Wild Type,,Wild Type,,,,Wild Type,,Wild Type,,Wild Type,,hinted_043004/rp043004_25_0001S.mov,hinted_043004_slug/rp043004p2_25.mov,rp043004_wavelet_jpeg/rp043004_25_w.jpg,,
043004_26,V31896,D1030,REMI,Wild Type,,Wild Type,,,,Wild Type,,Wild Type,,Wild Type,,hinted_043004/rp043004_26_0025S.mov,hinted_043004_slug/rp043004p2_26.mov,rp043004_wavelet_jpeg/rp043004_26_w.jpg,,
043004_27,V31892,D1030,REMI,Wild Type,,Wild Type,,,,Wild Type,,Wild Type,,Wild Type,,hinted_043004/rp043004_27_0001S.mov,hinted_043004_slug/rp043004p2_27.mov,rp043004_wavelet_jpeg/rp043004_27_w.jpg,,
043004_28,V30642,,REMI,Aberrant,amplitude,Aberrant,,,,None,,None,,Wild Type,,hinted_043004/rp043004_28_0050S.mov,hinted_043004_slug/rp043004p2_28.mov,rp043004_wavelet_jpeg/rp043004_28_w.jpg,developmental arrest during streaming,
043004_29,V31903,D1031,REMI,Undeterminable,,Undeterminable,,,,,,Wild Type,,Wild Type,,hinted_043004/rp043004_29_0150S.mov,hinted_043004_slug/rp043004p2_29.mov,rp043004_wavelet_jpeg/rp043004_29_w.jpg,polarized cell morph; medium-low density,
050304_00,V30620,,REMI,Wild Type,,Wild Type,,,,,,Wild Type,,Wild Type,,hinted_050304/rp050304_00_0001S.mov,hinted_050304_slug/rp050304p2_00.mov,rp050304_wavelet_jpeg/rp050304_00_w.jpg,,
050304_01,V30561,,REMI,Wild Type,,Wild Type,,,,,,Wild Type,,Wild Type,,hinted_050304/rp050304_01_0001S.mov,hinted_050304_slug/rp050304p2_01.mov,rp050304_wavelet_jpeg/rp050304_01_w.jpg,,
050304_02,blank (V31091),N/A,REMI,,N/A,,,,,,,,,Wild Type,,,hinted_050304_slug/rp050304p2_02.mov,rp050304_wavelet_jpeg/rp050304_02_w.jpg,N/A,
050304_03,V31088,D1022,REMI,Undeterminable,async,Undeterminable,,,,,,Wild Type,,Wild Type,,hinted_050304/rp050304_03_0050S.mov,hinted_050304_slug/rp050304p2_03.mov,rp050304_wavelet_jpeg/rp050304_03_w.jpg,aberrant pol morph during axenic growth; med-low,
050304_04,V31101,D1023,REMI,Wild Type,late,Wild Type,,,,,,Wild Type,,Wild Type,,hinted_050304/rp050304_04_0075S.mov,hinted_050304_slug/rp050304p2_04.mov,rp050304_wavelet_jpeg/rp050304_04_w.jpg,medium density,
050304_05,V31094,D1022,REMI,Wild Type,,Wild Type,,,,,,Wild Type,,Wild Type,,hinted_050304/rp050304_05_0001S.mov,hinted_050304_slug/rp050304p2_05.mov,rp050304_wavelet_jpeg/rp050304_05_w.jpg,medium density,
050304_06,V31107,D1023,REMI,Undeterminable,late,,,,,,,Wild Type,,Wild Type,,hinted_050304/rp050304_06_0050S.mov,hinted_050304_slug/rp050304p2_06.mov,rp050304_wavelet_jpeg/rp050304_06_w.jpg,,
050304_07,V31104,D1023,REMI,Aberrant,,Aberrant,,,,,,Aberrant,,Aberrant,,hinted_050304/rp050304_07_0001S.mov,hinted_050304_slug/rp050304p2_07.mov,rp050304_wavelet_jpeg/rp050304_07_w.jpg,cells are small during axenic growth; some mound arrest otherwise normal morph FB,
050304_08,V31113,D1023,REMI,Wild Type,late,Wild Type,,,,,,Wild Type,,Wild Type,,hinted_050304/rp050304_08_0125S.mov,hinted_050304_slug/rp050304p2_08.mov,rp050304_wavelet_jpeg/rp050304_08_w.jpg,aberrant pol morph medium-low density;,
050304_09,V31110,D1023,REMI,Wild Type,late,Wild Type,,,,,,Wild Type,,Wild Type,,hinted_050304/rp050304_09_0225S.mov,hinted_050304_slug/rp050304p2_09.mov,rp050304_wavelet_jpeg/rp050304_09_w.jpg,aberrant pol morph low density,
050304_10,V30623,,REMI,Wild Type,turbulent,,,,,,,Wild Type,,Wild Type,,hinted_050304/rp050304_10_0001S.mov,hinted_050304_slug/rp050304p2_10.mov,rp050304_wavelet_jpeg/rp050304_10_w.jpg,,
050304_11,V30578,,REMI,Aberrant,,Wild Type,,,,,,Aberrant,,Wild Type,,hinted_050304/rp050304_11_0050S.mov,hinted_050304_slug/rp050304p2_11.mov,rp050304_wavelet_jpeg/rp050304_11_w.jpg,aberrant morph FB most stalk on agar some semi slug looking stalk-like struc too,
050304_12,V31092,D1022,REMI,Undeterminable,async,,,,,,,Wild Type,,Wild Type,,hinted_050304/rp050304_12_0001S.mov,hinted_050304_slug/rp050304p2_12.mov,rp050304_wavelet_jpeg/rp050304_12_w.jpg,aberrant pol morph medium-low density,
050304_13,V31089,D1022,REMI,Wild Type,async,Wild Type,,,,,,Wild Type,,Wild Type,,hinted_050304/rp050304_13_0001S.mov,hinted_050304_slug/rp050304p2_13.mov,rp050304_wavelet_jpeg/rp050304_13_w.jpg,medium density,
050304_14,V31102,D1023,REMI,Wild Type,late,Wild Type,,,,,,Undeterminable,,Wild Type,,hinted_050304/rp050304_14_0075S.mov,hinted_050304_slug/rp050304p2_14.mov,rp050304_wavelet_jpeg/rp050304_14_w.jpg,aberrant morph; medium density; small FB,
050304_15,V31095,D1022,REMI,Undeterminable,async,Wild Type,,,,,,Wild Type,,Wild Type,,hinted_050304/rp050304_15_0001S.mov,hinted_050304_slug/rp050304p2_15.mov,rp050304_wavelet_jpeg/rp050304_15_w.jpg,aberrant morph; medium-low,
050304_16,V31108,D1023,REMI,Undeterminable,,Wild Type,,,,,,Wild Type,,Wild Type,,hinted_050304/rp050304_16_0225S.mov,hinted_050304_slug/rp050304p2_16.mov,rp050304_wavelet_jpeg/rp050304_16_w.jpg,aberrant pol morph medium-low density,
050304_17,V31105,D1023,REMI,Undeterminable,,Wild Type,,,,,,Wild Type,,Wild Type,,hinted_050304/rp050304_17_0200S.mov,hinted_050304_slug/rp050304p2_17.mov,rp050304_wavelet_jpeg/rp050304_17_w.jpg,medium low density,
050304_18,V31114,D1023,REMI,Wild Type,,Wild Type,,,,,,Wild Type,,Wild Type,,hinted_050304/rp050304_18_0001S.mov,hinted_050304_slug/rp050304p2_18.mov,rp050304_wavelet_jpeg/rp050304_18_w.jpg,slugger?,
050304_19,V31111,D1023,REMI,Aberrant,amplitude,Aberrant,,,,,,Aberrant,,Wild Type,,hinted_050304/rp050304_19_0050S.mov,hinted_050304_slug/rp050304p2_19.mov,rp050304_wavelet_jpeg/rp050304_19_w.jpg,aberrant morph FB; many cells fail to aggregate short stalk irregular proportion FBs,
050304_20,V30673,,REMI,Aberrant,turbulent,Aberrant,,,,,,Aberrant,,Wild Type,,hinted_050304/rp050304_20_0001S.mov,hinted_050304_slug/rp050304p2_20.mov,rp050304_wavelet_jpeg/rp050304_20_w.jpg,aberrant many mound arrest,
050304_21,V30606,,REMI,Wild Type,,Wild Type,,,,,,Wild Type,,Wild Type,,hinted_050304/rp050304_21_0001S.mov,hinted_050304_slug/rp050304p2_21.mov,rp050304_wavelet_jpeg/rp050304_21_w.jpg,,
050304_22,V31093,D1022,REMI,Wild Type,,Wild Type,,,,,,Wild Type,,Wild Type,,hinted_050304/rp050304_22_0001S.mov,hinted_050304_slug/rp050304p2_22.mov,rp050304_wavelet_jpeg/rp050304_22_w.jpg,,
050304_23,blank (V31090),,REMI,,N/A,,,,,,,,,Wild Type,,,hinted_050304_slug/rp050304p2_23.mov,rp050304_wavelet_jpeg/rp050304_23_w.jpg,N/A,
050304_24,V31103,D1023,REMI,Undeterminable,late,,,,,,,Wild Type,,Wild Type,,hinted_050304/rp050304_24_0175S.mov,hinted_050304_slug/rp050304p2_24.mov,rp050304_wavelet_jpeg/rp050304_24_w.jpg,aberrant morph; medium density,
050304_25,V31096,D1022,REMI,Wild Type,,Wild Type,,,,,,Wild Type,,Wild Type,,hinted_050304/rp050304_25_0001S.mov,hinted_050304_slug/rp050304p2_25.mov,rp050304_wavelet_jpeg/rp050304_25_w.jpg,,
050304_26,V31109,D1023,REMI,Undeterminable,,Undeterminable,,,,,,Wild Type,,Wild Type,,hinted_050304/rp050304_26_0150S.mov,hinted_050304_slug/rp050304p2_26.mov,rp050304_wavelet_jpeg/rp050304_26_w.jpg,aberrant pol morph medium-low density,
050304_27,V31106,D1023,REMI,Undeterminable,,Undeterminable,,,,,,Wild Type,,Wild Type,,hinted_050304/rp050304_27_0475S.mov,hinted_050304_slug/rp050304p2_27.mov,rp050304_wavelet_jpeg/rp050304_27_w.jpg,aberrant pol morph; low density,
050304_28,V31115,D1023,REMI,Wild Type,,Wild Type,,,,,,Wild Type,,Wild Type,,hinted_050304/rp050304_28_0100S.mov,hinted_050304_slug/rp050304p2_28.mov,rp050304_wavelet_jpeg/rp050304_28_w.jpg,medium density,
050304_29,V31112,D1023,REMI,Undeterminable,,Undeterminable,,,,,,Wild Type,,Wild Type,,hinted_050304/rp050304_29_0475S.mov,hinted_050304_slug/rp050304p2_29.mov,rp050304_wavelet_jpeg/rp050304_29_w.jpg,aberrant pol morph low density,
050604_00,V31909,D1031,REMI,Wild Type,,Wild Type,,,,,,Wild Type,,Wild Type,,hinted_050604/rp050604_00_0200S.mov,hinted_050604_slug/rp050604p2_00.mov,rp050604_wavelet_jpeg/rp050604_00_w.jpg,aberrant cell morph during axenic growth; mid-low,
050604_01,V31906,D1031,REMI,Aberrant,,Aberrant,,,,,,Wild Type,,Wild Type,,hinted_050604/rp050604_01_0025S.mov,hinted_050604_slug/rp050604p2_01.mov,rp050604_wavelet_jpeg/rp050604_01_w.jpg,,
050604_02,V31915,D1031,REMI,Undeterminable,,Undeterminable,,,,,,Wild Type,,Wild Type,,hinted_050604/rp050604_02_0475S.mov,hinted_050604_slug/rp050604p2_02.mov,rp050604_wavelet_jpeg/rp050604_02_w.jpg,aberrant cell morph during axenic growth; mid-low,
050604_03,V31912,D1031,REMI,Undeterminable,,Undeterminable,,,,,,Undeterminable,,Wild Type,,,hinted_050604_slug/rp050604p2_03.mov,rp050604_wavelet_jpeg/rp050604_03_w.jpg,aberrant cell morph during axenic growth; mid-low,
050604_04,V31921,D1031,REMI,Wild Type,,Wild Type,,,,Wild Type,,Wild Type,,Wild Type,,hinted_050604/rp050604_04_0025S.mov,hinted_050604_slug/rp050604p2_04.mov,rp050604_wavelet_jpeg/rp050604_04_w.jpg,conf,
050604_05,V31918,D1031,REMI,Wild Type,,Wild Type,,,,Wild Type,,Wild Type,,Wild Type,,hinted_050604/rp050604_05_0001S.mov,hinted_050604_slug/rp050604p2_05.mov,rp050604_wavelet_jpeg/rp050604_05_w.jpg,,
050604_06,V31927,D1031,REMI,Wild Type,,Wild Type,,,,,,Aberrant,,Wild Type,,hinted_050604/rp050604_06_0001S.mov,hinted_050604_slug/rp050604p2_06.mov,rp050604_wavelet_jpeg/rp050604_06_w.jpg,conf; some mound arrest but otherwise WT,
050604_07,V31924,D1031,REMI,Wild Type,,Wild Type,,,,Wild Type,,Wild Type,,Wild Type,,hinted_050604/rp050604_07_0050S.mov,hinted_050604_slug/rp050604p2_07.mov,rp050604_wavelet_jpeg/rp050604_07_w.jpg,conf,
050604_08,V30869,,REMI,Wild Type,,Wild Type,,,,,,Wild Type,,Wild Type,,hinted_050604/rp050604_08_0001S.mov,hinted_050604_slug/rp050604p2_08.mov,rp050604_wavelet_jpeg/rp050604_08_w.jpg,,
050604_09,V30789,,REMI,Wild Type,,Wild Type,,,,,,Wild Type,,Wild Type,,hinted_050604/rp050604_09_0001S.mov,hinted_050604_slug/rp050604p2_09.mov,rp050604_wavelet_jpeg/rp050604_09_w.jpg,,
050604_10,V31910,D1031,REMI,Wild Type,,Wild Type,,,,,,Wild Type,,Wild Type,,hinted_050604/rp050604_10_0050S.mov,hinted_050604_slug/rp050604p2_10.mov,rp050604_wavelet_jpeg/rp050604_10_w.jpg,aberrant cell morph during axenic growth; mid-low,
050604_11,V31907,D1031,REMI,Aberrant,amplitude,Wild Type,,,,Wild Type,,Aberrant,,Wild Type,,hinted_050604/rp050604_11_0001S.mov,hinted_050604_slug/rp050604p2_11.mov,rp050604_wavelet_jpeg/rp050604_11_w.jpg,,
050604_12,V31916,D1031,REMI,Undeterminable,,Undeterminable,,,,,,Undeterminable,,Wild Type,,,hinted_050604_slug/rp050604p2_12.mov,rp050604_wavelet_jpeg/rp050604_12_w.jpg,aberrant cell morph during axenic growth; mid-low,
050604_13,V31913,D1031,REMI,Undeterminable,,Undeterminable,,,,,,Wild Type,,Wild Type,,hinted_050604/rp050604_13_0250S.mov,hinted_050604_slug/rp050604p2_13.mov,rp050604_wavelet_jpeg/rp050604_13_w.jpg,aberrant cell morph during axenic growth; mid-low,
050604_14,V31922,D1031,REMI,Wild Type,,Wild Type,,,,Wild Type,,Wild Type,,Wild Type,,hinted_050604/rp050604_14_0001S.mov,hinted_050604_slug/rp050604p2_14.mov,rp050604_wavelet_jpeg/rp050604_14_w.jpg,conf,
050604_15,V31919,D1031,REMI,Undeterminable,,Undeterminable,,,,,,Aberrant,,Wild Type,,hinted_050604/rp050604_15_0450S.mov,hinted_050604_slug/rp050604p2_15.mov,rp050604_wavelet_jpeg/rp050604_15_w.jpg,aberrant cell morph during axenic growth; low,
050604_16,V31928,D1031,REMI,Undeterminable,,Wild Type,,,,,,Wild Type,,Wild Type,,hinted_050604/rp050604_16_0001S.mov,hinted_050604_slug/rp050604p2_16.mov,rp050604_wavelet_jpeg/rp050604_16_w.jpg,aberrant cell morph during axenic growth;,
050604_17,V31925,D1031,REMI,Undeterminable,,Undeterminable,,,,,,Wild Type,,Wild Type,,hinted_050604/rp050604_17_0375S.mov,hinted_050604_slug/rp050604p2_17.mov,rp050604_wavelet_jpeg/rp050604_17_w.jpg,aberrant cell morph during axenic growth; low,
050604_18,V30870,,REMI,Wild Type,,Wild Type,,,,,,Wild Type,,Wild Type,,hinted_050604/rp050604_18_0001S.mov,hinted_050604_slug/rp050604p2_18.mov,rp050604_wavelet_jpeg/rp050604_18_w.jpg,,
050604_19,V30794,,REMI,Wild Type,,Wild Type,,,,,,Wild Type,,Wild Type,,hinted_050604/rp050604_19_0001S.mov,hinted_050604_slug/rp050604p2_19.mov,rp050604_wavelet_jpeg/rp050604_19_w.jpg,,
050604_20,V31911,D1031,REMI,Wild Type,,Wild Type,,,,Wild Type,,Wild Type,,Wild Type,,hinted_050604/rp050604_20_0025S.mov,hinted_050604_slug/rp050604p2_20.mov,rp050604_wavelet_jpeg/rp050604_20_w.jpg,,
050604_21,V31908,D1031,REMI,Wild Type,,Wild Type,,,,Wild Type,,Wild Type,,Wild Type,,hinted_050604/rp050604_21_0001S.mov,hinted_050604_slug/rp050604p2_21.mov,rp050604_wavelet_jpeg/rp050604_21_w.jpg,,
050604_22,V31917,D1031,REMI,Wild Type,,Wild Type,,,,Wild Type,,Wild Type,,Wild Type,,hinted_050604/rp050604_22_0001S.mov,hinted_050604_slug/rp050604p2_22.mov,rp050604_wavelet_jpeg/rp050604_22_w.jpg,,
050604_23,V31914,D1031,REMI,Undeterminable,,Undeterminable,,,,,,Wild Type,,Wild Type,,,hinted_050604_slug/rp050604p2_23.mov,rp050604_wavelet_jpeg/rp050604_23_w.jpg,aberrant cell morph during axenic growth; low,
050604_24,V31923,D1031,REMI,Wild Type,late,Wild Type,,,,,,Aberrant,,Wild Type,,hinted_050604/rp050604_24_0300S.mov,hinted_050604_slug/rp050604p2_24.mov,rp050604_wavelet_jpeg/rp050604_24_w.jpg,aberrant cell morph during axenic growth; mid-low,
050604_25,V31920,D1031,REMI,Wild Type,late,Wild Type,,,,,,Wild Type,,Wild Type,,hinted_050604/rp050604_25_0200S.mov,hinted_050604_slug/rp050604p2_25.mov,rp050604_wavelet_jpeg/rp050604_25_w.jpg,aberrant cell morph during axenic growth; mid-low,
050604_26,V31929,D1031,REMI,Undeterminable,,Undeterminable,,,,,,Wild Type,,Wild Type,,,hinted_050604_slug/rp050604p2_26.mov,rp050604_wavelet_jpeg/rp050604_26_w.jpg,no growth in axenic medium; polarized and small,
050604_27,V31926,D1031,REMI,Wild Type,,Wild Type,,,,Wild Type,,Wild Type,,Wild Type,,hinted_050604/rp050604_27_0025S.mov,hinted_050604_slug/rp050604p2_27.mov,rp050604_wavelet_jpeg/rp050604_27_w.jpg,,
050604_28,V31072,,REMI,Wild Type,,Wild Type,,,,Wild Type,,Wild Type,,Wild Type,,hinted_050604/rp050604_28_0025S.mov,hinted_050604_slug/rp050604p2_28.mov,rp050604_wavelet_jpeg/rp050604_28_w.jpg,,
050604_29,V30835,,REMI,Wild Type,,Wild Type,,,,,,Wild Type,,Wild Type,,hinted_050604/rp050604_29_0025S.mov,hinted_050604_slug/rp050604p2_29.mov,rp050604_wavelet_jpeg/rp050604_29_w.jpg,,
051004_00,V30890,,REMI,Wild Type,,Wild Type,,,,,,Wild Type,,Wild Type,,hinted_051004/rp051004_00_0001S.mov,hinted_051004_slug/rp051004p2_00.mov,rp051004_wavelet_jpeg/rp051004_00_w.jpg,,
051004_01,V30876,,REMI,Wild Type,,Wild Type,,,,,,Wild Type,,Wild Type,,hinted_051004/rp051004_01_0001S.mov,hinted_051004_slug/rp051004p2_01.mov,rp051004_wavelet_jpeg/rp051004_01_w.jpg,,
051004_02,V31119,D1023,REMI,Undeterminable,,,,,,,,Wild Type,,Wild Type,,hinted_051004/rp051004_02_0225S.mov,hinted_051004_slug/rp051004p2_02.mov,rp051004_wavelet_jpeg/rp051004_02_w.jpg,aberrant cell morph; med-low density,
051004_03,V31116,D1023,REMI,Undeterminable,,Undeterminable,,,,,,,,Wild Type,,,hinted_051004_slug/rp051004p2_03.mov,rp051004_wavelet_jpeg/rp051004_03_w.jpg,aberrant cell morph; med-low density,
051004_04,V31126,D1023,REMI,Wild Type,,Wild Type,,,,,,Wild Type,,Wild Type,,hinted_051004/rp051004_04_0050S.mov,hinted_051004_slug/rp051004p2_04.mov,rp051004_wavelet_jpeg/rp051004_04_w.jpg,,
051004_05,V31122,D1023,REMI,Aberrant,,Aberrant,,,,,,Aberrant,,Wild Type,,hinted_051004/rp051004_05_0300S.mov,hinted_051004_slug/rp051004p2_05.mov,rp051004_wavelet_jpeg/rp051004_05_w.jpg,med-low density; cells show agg- on KA/SM,
051004_06,V31133,D1023,REMI,Undeterminable,,Undeterminable,,,,,,Wild Type,,Wild Type,,hinted_051004/rp051004_06_0150S.mov,hinted_051004_slug/rp051004p2_06.mov,rp051004_wavelet_jpeg/rp051004_06_w.jpg,aberrant cell morph; med-low density,
051004_07,V31130,D1023,REMI,Undeterminable,,Undeterminable,,,,,,Aberrant,,Wild Type,,hinted_051004/rp051004_07_0300S.mov,hinted_051004_slug/rp051004p2_07.mov,rp051004_wavelet_jpeg/rp051004_07_w.jpg,aberrant cell morph; low density,
051004_08,V31139,D1023,REMI,Undeterminable,,Undeterminable,,,,,,Wild Type,,Wild Type,,hinted_051004/rp051004_08_0200S.mov,hinted_051004_slug/rp051004p2_08.mov,rp051004_wavelet_jpeg/rp051004_08_w.jpg,aberrant cell morph; med-low density,
051004_09,V31136,D1023,REMI,Wild Type,late,Undeterminable,,,,,,Wild Type,,Wild Type,,hinted_051004/rp051004_09_0150S.mov,hinted_051004_slug/rp051004p2_09.mov,rp051004_wavelet_jpeg/rp051004_09_w.jpg,aberrant cell morph; med-low density,
051004_10,V30895,,REMI,Wild Type,,Wild Type,,,,,,Wild Type,,Wild Type,,hinted_051004/rp051004_10_0001S.mov,hinted_051004_slug/rp051004p2_10.mov,rp051004_wavelet_jpeg/rp051004_10_w.jpg,,
051004_11,V30879,,REMI,Aberrant,oscillatory,Aberrant,,,,,,Wild Type,,Wild Type,,hinted_051004/rp051004_11_0001S.mov,hinted_051004_slug/rp051004p2_11.mov,rp051004_wavelet_jpeg/rp051004_11_w.jpg,,
051004_12,V31120,D1023,REMI,Undeterminable,,Undeterminable,,,,,,Wild Type,,Wild Type,,hinted_051004/rp051004_12_0475S.mov,hinted_051004_slug/rp051004p2_12.mov,rp051004_wavelet_jpeg/rp051004_12_w.jpg,aberrant cell morph; low density,
051004_13,V31117,D1023,REMI,Undeterminable,,Undeterminable,,,,,,,,Wild Type,,,hinted_051004_slug/rp051004p2_13.mov,rp051004_wavelet_jpeg/rp051004_13_w.jpg,aberrant cell morph; low density,
051004_14,V31128,D1023,REMI,Undeterminable,,Undeterminable,,,,,,Wild Type,,Wild Type,,hinted_051004/rp051004_14_0400S.mov,hinted_051004_slug/rp051004p2_14.mov,rp051004_wavelet_jpeg/rp051004_14_w.jpg,aberrant cell morph; med-low density,
051004_15,V31124,D1023,REMI,Aberrant,,Wild Type,,,,,,Wild Type,,Wild Type,,hinted_051004/rp051004_15_0025S.mov,hinted_051004_slug/rp051004p2_15.mov,rp051004_wavelet_jpeg/rp051004_15_w.jpg,med-low density,
051004_16,V31134,D1023,REMI,Undeterminable,,Wild Type,,,,,,Wild Type,,Wild Type,,hinted_051004/rp051004_16_0275S.mov,hinted_051004_slug/rp051004p2_16.mov,rp051004_wavelet_jpeg/rp051004_16_w.jpg,aberrant cell morph; med-low density,
051004_17,V31131,D1023,REMI,Undeterminable,,Undeterminable,,,,,,Aberrant,,Wild Type,,hinted_051004/rp051004_17_0450S.mov,hinted_051004_slug/rp051004p2_17.mov,rp051004_wavelet_jpeg/rp051004_17_w.jpg,low density,
051004_18,V31140,D1023,REMI,Undeterminable,,Undeterminable,,,,,,,,Wild Type,,hinted_051004/rp051004_18_0450S.mov,hinted_051004_slug/rp051004p2_18.mov,rp051004_wavelet_jpeg/rp051004_18_w.jpg,aberrant cell morph; low density,
051004_19,V31137,D1023,REMI,Undeterminable,,Undeterminable,,,,,,,,Wild Type,,,hinted_051004_slug/rp051004p2_19.mov,rp051004_wavelet_jpeg/rp051004_19_w.jpg,aberrant cell morph; low density; poor growth,
051004_20,V30912,,REMI,Wild Type,,Wild Type,,,,,,Wild Type,,Wild Type,,hinted_051004/rp051004_20_0001S.mov,hinted_051004_slug/rp051004p2_20.mov,rp051004_wavelet_jpeg/rp051004_20_w.jpg,,
051004_21,V30887,,REMI,Wild Type,,Wild Type,,,,,,Wild Type,,Wild Type,,hinted_051004/rp051004_21_0001S.mov,hinted_051004_slug/rp051004p2_21.mov,rp051004_wavelet_jpeg/rp051004_21_w.jpg,,
051004_22,V31121,D1023,REMI,Undeterminable,,Undeterminable,,,,,,Undeterminable,,Wild Type,,hinted_051004/rp051004_22_0475S.mov,hinted_051004_slug/rp051004p2_22.mov,rp051004_wavelet_jpeg/rp051004_22_w.jpg,aberrant cell morph; med-low density,
051004_23,V31118,D1023,REMI,Undeterminable,,Wild Type,,,,,,Wild Type,,Wild Type,,hinted_051004/rp051004_23_0100S.mov,hinted_051004_slug/rp051004p2_23.mov,rp051004_wavelet_jpeg/rp051004_23_w.jpg,aberrant cell morph; med-low density,
051004_24,V31129,D1023,REMI,Wild Type,late,Wild Type,,,,,,Wild Type,,Wild Type,,hinted_051004/rp051004_24_0100S.mov,hinted_051004_slug/rp051004p2_24.mov,rp051004_wavelet_jpeg/rp051004_24_w.jpg,med-low density,
051004_25,V31125,D1023,REMI,Undeterminable,,Undeterminable,,,,,,Wild Type,,Wild Type,,,hinted_051004_slug/rp051004p2_25.mov,rp051004_wavelet_jpeg/rp051004_25_w.jpg,aberrant cell morph; low density,
051004_26,V31135,D1023,REMI,Wild Type,,Wild Type,,,,,,Wild Type,,Wild Type,,hinted_051004/rp051004_26_0025S.mov,hinted_051004_slug/rp051004p2_26.mov,rp051004_wavelet_jpeg/rp051004_26_w.jpg,aberrant cell morph; med-low density,
051004_27,V31132,D1023,REMI,Undeterminable,,Wild Type,,,,,,Wild Type,,Wild Type,,hinted_051004/rp051004_27_0125S.mov,hinted_051004_slug/rp051004p2_27.mov,rp051004_wavelet_jpeg/rp051004_27_w.jpg,low density,
051004_28,V31141,D1023,REMI,Undeterminable,,Wild Type,,,,,,Wild Type,,Wild Type,,hinted_051004/rp051004_28_0225S.mov,hinted_051004_slug/rp051004p2_28.mov,rp051004_wavelet_jpeg/rp051004_28_w.jpg,aberrant cell morph; med-low density,
051004_29,V31138,D1023,REMI,Undeterminable,,Undeterminable,,,,,,,,Wild Type,,hinted_051004/rp051004_29_0475S.mov,hinted_051004_slug/rp051004p2_29.mov,rp051004_wavelet_jpeg/rp051004_29_w.jpg,aberrant cell morph; low density; partial FB,
051304_00,V31933,D1031,REMI,Aberrant,turbulent,Aberrant,,,,,,Wild Type,,Wild Type,,hinted_051304/rp051304_00_0001S.mov,hinted_051304_slug/rp051304p2_00.mov,rp051304_wavelet_jpeg/rp051304_00_w.jpg,,
051304_01,V31930,D1031,REMI,Wild Type,large territory,Wild Type,,,,,,Wild Type,,Wild Type,,hinted_051304/rp051304_01_0150S.mov,hinted_051304_slug/rp051304p2_01.mov,rp051304_wavelet_jpeg/rp051304_01_w.jpg,ab morph medium density,
051304_02,V31939,D1031,REMI,Wild Type,,Wild Type,,,,Wild Type,,Wild Type,,Wild Type,,hinted_051304/rp051304_02_0001S.mov,hinted_051304_slug/rp051304p2_02.mov,rp051304_wavelet_jpeg/rp051304_02_w.jpg,,
051304_03,V31936,D1031,REMI,Wild Type,weak,Wild Type,,,,,,Wild Type,,Wild Type,,hinted_051304/rp051304_03_0050S.mov,hinted_051304_slug/rp051304p2_03.mov,rp051304_wavelet_jpeg/rp051304_03_w.jpg,ab morph low density,
051304_04,V31945,D1031,REMI,Wild Type,weak,Wild Type,,,,,,Wild Type,,Wild Type,,hinted_051304/rp051304_04_0050S.mov,hinted_051304_slug/rp051304p2_04.mov,rp051304_wavelet_jpeg/rp051304_04_w.jpg,ab morph medium density,
051304_05,V31942,D1031,REMI,Wild Type,large territory,Wild Type,,,,,,Wild Type,,Wild Type,,hinted_051304/rp051304_05_0250S.mov,hinted_051304_slug/rp051304p2_05.mov,rp051304_wavelet_jpeg/rp051304_05_w.jpg,ab morph medium density,
051304_06,V31951,D1031,REMI,Wild Type,large territory,Wild Type,,,,,,Wild Type,,Wild Type,,hinted_051304/rp051304_06_0225S.mov,hinted_051304_slug/rp051304p2_06.mov,rp051304_wavelet_jpeg/rp051304_06_w.jpg,ab morph medium density,
051304_07,V31948,D1031,REMI,Wild Type,,Wild Type,,,,Wild Type,,Wild Type,,Wild Type,,hinted_051304/rp051304_07_0001S.mov,hinted_051304_slug/rp051304p2_07.mov,rp051304_wavelet_jpeg/rp051304_07_w.jpg,conf,
051304_08,V30921,,REMI,Wild Type,,Wild Type,,,,Wild Type,,Aberrant,,Wild Type,,hinted_051304/rp051304_08_0001S.mov,hinted_051304_slug/rp051304p2_08.mov,rp051304_wavelet_jpeg/rp051304_08_w.jpg,conf; large spore head,
051304_09,V31954,D1031,REMI,Undeterminable,,Undeterminable,,,,,,Wild Type,,Wild Type,,hinted_051304/rp051304_09_0300S.mov,hinted_051304_slug/rp051304p2_09.mov,rp051304_wavelet_jpeg/rp051304_09_w.jpg,ab morph medium low density,
051304_10,V31934,D1031,REMI,Wild Type,,Wild Type,,,,Wild Type,,Wild Type,,Wild Type,,hinted_051304/rp051304_10_0001S.mov,hinted_051304_slug/rp051304p2_10.mov,rp051304_wavelet_jpeg/rp051304_10_w.jpg,conf,
051304_11,V31931,D1031,REMI,Undeterminable,,Undeterminable,,,,,,Undeterminable,,Wild Type,,hinted_051304/rp051304_11_0475S.mov,hinted_051304_slug/rp051304p2_11.mov,rp051304_wavelet_jpeg/rp051304_11_w.jpg,ab morph medium low density; partial FB glassy,
051304_12,V31940,D1031,REMI,Undeterminable,,Undeterminable,,,,,,Undeterminable,,Wild Type,,,hinted_051304_slug/rp051304p2_12.mov,rp051304_wavelet_jpeg/rp051304_12_w.jpg,ab morph low density,
051304_13,V31937,D1031,REMI,Undeterminable,,Undeterminable,,,,,,Wild Type,,Wild Type,,hinted_051304/rp051304_13_0300S.mov,hinted_051304_slug/rp051304p2_13.mov,rp051304_wavelet_jpeg/rp051304_13_w.jpg,ab morph low density; partial FB,
051304_14,V31946,D1031,REMI,Wild Type,weak,Wild Type,,,,,,Wild Type,,Wild Type,,hinted_051304/rp051304_14_0050S.mov,hinted_051304_slug/rp051304p2_14.mov,rp051304_wavelet_jpeg/rp051304_14_w.jpg,ab morph medium low density,
051304_15,V31943,D1031,REMI,Wild Type,,Wild Type,,,,,,Wild Type,,Wild Type,,hinted_051304/rp051304_15_0025S.mov,hinted_051304_slug/rp051304p2_15.mov,rp051304_wavelet_jpeg/rp051304_15_w.jpg,medium density,
051304_16,V31952,D1031,REMI,Wild Type,late,Wild Type,,,,,,Wild Type,,Wild Type,,hinted_051304/rp051304_16_0200S.mov,hinted_051304_slug/rp051304p2_16.mov,rp051304_wavelet_jpeg/rp051304_16_w.jpg,ab morph medium low density,
051304_17,V31949,D1031,REMI,Wild Type,late,Wild Type,,,,,,Wild Type,,Wild Type,,hinted_051304/rp051304_17_0200S.mov,hinted_051304_slug/rp051304p2_17.mov,rp051304_wavelet_jpeg/rp051304_17_w.jpg,ab morph medium low density,
051304_18,V30923,,REMI,Wild Type,,Wild Type,,,,Wild Type,,Wild Type,,Wild Type,,hinted_051304/rp051304_18_0001S.mov,hinted_051304_slug/rp051304p2_18.mov,rp051304_wavelet_jpeg/rp051304_18_w.jpg,conf,
051304_19,V31955,D1031,REMI,Undeterminable,,Undeterminable,,,,,,Aberrant,,Aberrant,,,hinted_051304_slug/rp051304p2_19.mov,rp051304_wavelet_jpeg/rp051304_19_w.jpg,uniformly slightly large; early cell detachment; wimpy FB,
051304_20,V31935,D1031,REMI,Wild Type,,Wild Type,,,,Wild Type,,Wild Type,,Wild Type,,hinted_051304/rp051304_20_0001S.mov,hinted_051304_slug/rp051304p2_20.mov,rp051304_wavelet_jpeg/rp051304_20_w.jpg,conf,
051304_21,V31932,D1031,REMI,Undeterminable,,Undeterminable,,,,,,Undeterminable,,Wild Type,,hinted_051304/rp051304_21_0475S.mov,hinted_051304_slug/rp051304p2_21.mov,rp051304_wavelet_jpeg/rp051304_21_w.jpg,ab morph low density,
051304_22,V31941,D1031,REMI,Aberrant,amplitude; large territory,Aberrant,,,,Aberrant,,Aberrant,,Wild Type,,hinted_051304/rp051304_22_0125S.mov,hinted_051304_slug/rp051304p2_22.mov,rp051304_wavelet_jpeg/rp051304_22_w.jpg,large slugs; FB have large spore head,
051304_23,V31938,D1031,REMI,Wild Type,,Wild Type,,,,Wild Type,,Wild Type,,Wild Type,,hinted_051304/rp051304_23_0025S.mov,hinted_051304_slug/rp051304p2_23.mov,rp051304_wavelet_jpeg/rp051304_23_w.jpg,conf,
051304_24,V31947,D1031,REMI,Wild Type,turbulent,,,,,Wild Type,,Wild Type,,Wild Type,,hinted_051304/rp051304_24_0001S.mov,hinted_051304_slug/rp051304p2_24.mov,rp051304_wavelet_jpeg/rp051304_24_w.jpg,ab morph medium low density,
051304_25,V31944,D1031,REMI,Wild Type,turbulent,,,,,,,Wild Type,,Wild Type,,hinted_051304/rp051304_25_0001S.mov,hinted_051304_slug/rp051304p2_25.mov,rp051304_wavelet_jpeg/rp051304_25_w.jpg,medium density,
051304_26,V31953,D1031,REMI,Wild Type,late,Wild Type,,,,,,Wild Type,,Wild Type,,hinted_051304/rp051304_26_0225S.mov,hinted_051304_slug/rp051304p2_26.mov,rp051304_wavelet_jpeg/rp051304_26_w.jpg,ab morph low density,
051304_27,V31950,D1031,REMI,Undeterminable,,Undeterminable,,,,,,Wild Type,,Wild Type,,,hinted_051304_slug/rp051304p2_27.mov,rp051304_wavelet_jpeg/rp051304_27_w.jpg,ab morph low density,
051304_28,V30934,,REMI,Aberrant,weak,Aberrant,,,,,,Wild Type,,Wild Type,,hinted_051304/rp051304_28_0050S.mov,hinted_051304_slug/rp051304p2_28.mov,rp051304_wavelet_jpeg/rp051304_28_w.jpg,aggregation is asynchronous,
051304_29,V30918,,REMI,Wild Type,,Wild Type,,,,Wild Type,,Wild Type,,Wild Type,,hinted_051304/rp051304_29_0025S.mov,hinted_051304_slug/rp051304p2_29.mov,rp051304_wavelet_jpeg/rp051304_29_w.jpg,conf,
051704_00,V31145,D1023,REMI,Undeterminable,,Undeterminable,,,,,,Wild Type,,Wild Type,,hinted_051704/rp051704_00_0475S.mov,hinted_051704_slug/rp051704p2_00.mov,rp051704_wavelet_jpeg/rp051704_00_w.jpg,aberrant morph during axenic growth; medium-low density,
051704_01,V31142,D1023,REMI,Wild Type,late,Wild Type,,,,,,Wild Type,,Wild Type,,hinted_051704/rp051704_01_0100S.mov,hinted_051704_slug/rp051704p2_01.mov,rp051704_wavelet_jpeg/rp051704_01_w.jpg,aberrant morph during axenic growth; medium density,
051704_02,V31151,D1023,REMI,Undeterminable,,Undeterminable,,,,,,None,,Aberrant,,hinted_051704/rp051704_02_0475S.mov,hinted_051704_slug/rp051704p2_02.mov,rp051704_wavelet_jpeg/rp051704_02_w.jpg,strictly aberrant morph; medium density; arrested at mound stage,
051704_03,V31148,D1023,REMI,Undeterminable,,Undeterminable,,,,,,Undeterminable,,Wild Type,,,hinted_051704_slug/rp051704p2_03.mov,rp051704_wavelet_jpeg/rp051704_03_w.jpg,aberrant morph during axenic growth; medium-low density; partial FB,
051704_04,V31157,D1023,REMI,Undeterminable,,Undeterminable,,,,,,Wild Type,,Wild Type,,hinted_051704/rp051704_04_0175S.mov,hinted_051704_slug/rp051704p2_04.mov,rp051704_wavelet_jpeg/rp051704_04_w.jpg,aberrant morph during axenic growth; medium-low density,
051704_05,V31154,D1023,REMI,Undeterminable,,Undeterminable,,,,,,Wild Type,,Wild Type,,hinted_051704/rp051704_05_0300S.mov,hinted_051704_slug/rp051704p2_05.mov,rp051704_wavelet_jpeg/rp051704_05_w.jpg,aberrant morph during axenic growth; medium-low density,
051704_06,V31164,D1023,REMI,Wild Type,late,Undeterminable,,,,,,Wild Type,,Wild Type,,hinted_051704/rp051704_06_0150S.mov,hinted_051704_slug/rp051704p2_06.mov,rp051704_wavelet_jpeg/rp051704_06_w.jpg,aberrant morph during axenic growth; medium-low density,
051704_07,V31161,D1023,REMI,Aberrant,local pulsing,None,,,,None,,None,,Aberrant,,hinted_051704/rp051704_07_0200S.mov,hinted_051704_slug/rp051704p2_07.mov,rp051704_wavelet_jpeg/rp051704_07_w.jpg,agg-; cells may also be slightly large uniformly,
051704_08,V31170,D1023,REMI,Wild Type,,Wild Type,,,,,,Wild Type,,Wild Type,,hinted_051704/rp051704_08_0050S.mov,hinted_051704_slug/rp051704p2_08.mov,rp051704_wavelet_jpeg/rp051704_08_w.jpg,aberrant morph during axenic growth; medium density,
051704_09,V31167,D1023,REMI,Wild Type,,Wild Type,,,,Wild Type,,Wild Type,,Wild Type,,hinted_051704/rp051704_09_0001S.mov,hinted_051704_slug/rp051704p2_09.mov,rp051704_wavelet_jpeg/rp051704_09_w.jpg,conf,
051704_10,V31146,D1023,REMI,Wild Type,,Wild Type,,,,,,Wild Type,,Wild Type,,hinted_051704/rp051704_10_0025S.mov,hinted_051704_slug/rp051704p2_10.mov,rp051704_wavelet_jpeg/rp051704_10_w.jpg,aberrant morph during axenic growth; medium density,
051704_11,V31143,D1023,REMI,Wild Type,,Wild Type,,,,,,Wild Type,,Wild Type,,hinted_051704/rp051704_11_0001S.mov,hinted_051704_slug/rp051704p2_11.mov,rp051704_wavelet_jpeg/rp051704_11_w.jpg,aberrant morph during axenic growth; medium-low density,
051704_12,V31152,D1023,REMI,Wild Type,late,Undeterminable,,,,,,Wild Type,,Wild Type,,hinted_051704/rp051704_12_0225S.mov,hinted_051704_slug/rp051704p2_12.mov,rp051704_wavelet_jpeg/rp051704_12_w.jpg,aberrant morph during axenic growth; medium-low density,
051704_13,V31149,D1023,REMI,Wild Type,late,Undeterminable,,,,,,Wild Type,,Wild Type,,hinted_051704/rp051704_13_0200S.mov,hinted_051704_slug/rp051704p2_13.mov,rp051704_wavelet_jpeg/rp051704_13_w.jpg,aberrant morph during axenic growth; medium density,
051704_14,V31158,D1023,REMI,Wild Type,late,Wild Type,,,,,,Wild Type,,Wild Type,,hinted_051704/rp051704_14_0200S.mov,hinted_051704_slug/rp051704p2_14.mov,rp051704_wavelet_jpeg/rp051704_14_w.jpg,aberrant morph during axenic growth; medium-low density,
051704_15,V31155,D1023,REMI,Wild Type,late,Wild Type,,,,,,Wild Type,,Wild Type,,hinted_051704/rp051704_15_0100S.mov,hinted_051704_slug/rp051704p2_15.mov,rp051704_wavelet_jpeg/rp051704_15_w.jpg,aberrant morph during axenic growth; medium-low density,
051704_16,V31165,D1023,REMI,Wild Type,late,Wild Type,,,,,,Wild Type,,Wild Type,,hinted_051704/rp051704_16_0125S.mov,hinted_051704_slug/rp051704p2_16.mov,rp051704_wavelet_jpeg/rp051704_16_w.jpg,aberrant morph during axenic growth; medium-low density,
051704_17,V31162,D1023,REMI,Undeterminable,,Undeterminable,,,,,,Wild Type,,Wild Type,,hinted_051704/rp051704_17_0300S.mov,hinted_051704_slug/rp051704p2_17.mov,rp051704_wavelet_jpeg/rp051704_17_w.jpg,aberrant morph during axenic growth; low density,
051704_18,V31171,D1023,REMI,Wild Type,,Wild Type,,,,,,Wild Type,,Wild Type,,hinted_051704/rp051704_18_0050S.mov,hinted_051704_slug/rp051704p2_18.mov,rp051704_wavelet_jpeg/rp051704_18_w.jpg,aberrant morph during axenic growth; medium density,
051704_19,V31168,D1023,REMI,Wild Type,late,Wild Type,,,,,,Wild Type,,Wild Type,,hinted_051704/rp051704_19_0150S.mov,hinted_051704_slug/rp051704p2_19.mov,rp051704_wavelet_jpeg/rp051704_19_w.jpg,aberrant morph during axenic growth; medium density,
051704_20,V31147,D1023,REMI,Wild Type,turbulent,Aberrant,,,,,,Wild Type,,Wild Type,,hinted_051704/rp051704_20_0001S.mov,hinted_051704_slug/rp051704p2_20.mov,rp051704_wavelet_jpeg/rp051704_20_w.jpg,,
051704_21,V31144,D1023,REMI,Undeterminable,,Undeterminable,,,,,,Wild Type,,Wild Type,,hinted_051704/rp051704_21_0300S.mov,hinted_051704_slug/rp051704p2_21.mov,rp051704_wavelet_jpeg/rp051704_21_w.jpg,aberrant morph during axenic growth; medium-low density,
051704_22,V31153,D1023,REMI,Wild Type,late,Wild Type,,,,,,Wild Type,,Wild Type,,hinted_051704/rp051704_22_0150S.mov,hinted_051704_slug/rp051704p2_22.mov,rp051704_wavelet_jpeg/rp051704_22_w.jpg,aberrant morph during axenic growth; medium density,
051704_23,V31150,D1023,REMI,Undeterminable,,Undeterminable,,,,,,Undeterminable,,Wild Type,,hinted_051704/rp051704_23_0475S.mov,hinted_051704_slug/rp051704p2_23.mov,rp051704_wavelet_jpeg/rp051704_23_w.jpg,aberrant morph during axenic growth; medium-low; arrested at mound stage,
051704_24,V31159,D1023,REMI,,,Wild Type,,,,,,Wild Type,,Wild Type,,hinted_051704/rp051704_24_0200S.mov,hinted_051704_slug/rp051704p2_24.mov,rp051704_wavelet_jpeg/rp051704_24_w.jpg,aberrant morph during axenic growth; medium density,
051704_25,V31156,D1023,REMI,Wild Type,,Wild Type,,,,,,Wild Type,,Wild Type,,hinted_051704/rp051704_25_0001S.mov,hinted_051704_slug/rp051704p2_25.mov,rp051704_wavelet_jpeg/rp051704_25_w.jpg,,
051704_26,V31166,D1023,REMI,Wild Type,,Wild Type,,,,,,Wild Type,,Wild Type,,hinted_051704/rp051704_26_0001S.mov,hinted_051704_slug/rp051704p2_26.mov,rp051704_wavelet_jpeg/rp051704_26_w.jpg,,
051704_27,V31163,D1023,REMI,Wild Type,late,Wild Type,,,,,,Wild Type,,Wild Type,,hinted_051704/rp051704_27_0150S.mov,hinted_051704_slug/rp051704p2_27.mov,rp051704_wavelet_jpeg/rp051704_27_w.jpg,aberrant morph during axenic growth; medium-low density,
051704_28,V31172,D1023,REMI,Wild Type,,Wild Type,,,,Wild Type,,Wild Type,,Wild Type,,hinted_051704/rp051704_28_0001S.mov,hinted_051704_slug/rp051704p2_28.mov,rp051704_wavelet_jpeg/rp051704_28_w.jpg,conf,
051704_29,V31169,D1023,REMI,Wild Type,late,Wild Type,,,,,,Wild Type,,Wild Type,,hinted_051704/rp051704_29_0200S.mov,hinted_051704_slug/rp051704p2_29.mov,rp051704_wavelet_jpeg/rp051704_29_w.jpg,aberrant morph during axenic growth; medium-low density,
052004_00,V31959,D1031,REMI,Undeterminable,,Undeterminable,,,,,,Wild Type,,Wild Type,,hinted_052004/rp052004_00_0350S.mov,hinted_052004_slug/rp052004p2_00.mov,rp052004_wavelet_jpeg/rp052004_00_w.jpg,aberrant morph during axenic growth; medium-low density,
052004_01,V31956,D1031,REMI,Wild Type,,Wild Type,,,,Wild Type,,Wild Type,,Wild Type,,hinted_052004/rp052004_01_0025S.mov,hinted_052004_slug/rp052004p2_01.mov,rp052004_wavelet_jpeg/rp052004_01_w.jpg,conf,
052004_02,V31965,D1031,REMI,Wild Type,,Wild Type,,,,Wild Type,,Wild Type,,Wild Type,,hinted_052004/rp052004_02_0025S.mov,hinted_052004_slug/rp052004p2_02.mov,rp052004_wavelet_jpeg/rp052004_02_w.jpg,conf,
052004_03,V31962,D1031,REMI,Wild Type,,Wild Type,,,,Wild Type,,Wild Type,,Wild Type,,hinted_052004/rp052004_03_0002S.mov,hinted_052004_slug/rp052004p2_03.mov,rp052004_wavelet_jpeg/rp052004_03_w.jpg,,
052004_04,V31972,D1031,REMI,Wild Type,late,Wild Type,,,,,,Wild Type,,Wild Type,,hinted_052004/rp052004_04_0175S.mov,hinted_052004_slug/rp052004p2_04.mov,rp052004_wavelet_jpeg/rp052004_04_w.jpg,aberrant morph during axenic growth; medium-low density,
052004_05,V31969,D1031,REMI,Wild Type,turbulent,Aberrant,,,,,,Wild Type,,Wild Type,,hinted_052004/rp052004_05_0001S.mov,hinted_052004_slug/rp052004p2_05.mov,rp052004_wavelet_jpeg/rp052004_05_w.jpg,,
052004_06,V31979,D1031,REMI,Wild Type,late,Wild Type,,,,Wild Type,,Wild Type,,Wild Type,,hinted_052004/rp052004_06_0175S.mov,hinted_052004_slug/rp052004p2_06.mov,rp052004_wavelet_jpeg/rp052004_06_w.jpg,conf,
052004_07,V31976,D1031,REMI,Wild Type,,Wild Type,,,,Wild Type,,Wild Type,,Wild Type,,hinted_052004/rp052004_07_0050S.mov,hinted_052004_slug/rp052004p2_07.mov,rp052004_wavelet_jpeg/rp052004_07_w.jpg,conf,
052004_08,V31986,D1031,REMI,Wild Type,early breakup,Wild Type,,,,,,,,Wild Type,,hinted_052004/rp052004_08_0001S.mov,hinted_052004_slug/rp052004p2_08.mov,rp052004_wavelet_jpeg/rp052004_08_w.jpg,some mound arrest,
052004_09,V31983,D1031,REMI,Wild Type,turbulent,Wild Type,,,,Wild Type,,Wild Type,,Wild Type,,hinted_052004/rp052004_09_0050S.mov,hinted_052004_slug/rp052004p2_09.mov,rp052004_wavelet_jpeg/rp052004_09_w.jpg,,
052004_10,V31960,D1031,REMI,Wild Type,,Wild Type,,,,Wild Type,,Wild Type,,Wild Type,,hinted_052004/rp052004_10_0001S.mov,hinted_052004_slug/rp052004p2_10.mov,rp052004_wavelet_jpeg/rp052004_10_w.jpg,conf,
052004_11,V31957,D1031,REMI,Undeterminable,,Undeterminable,,,,,,Wild Type,,Wild Type,,hinted_052004/rp052004_11_0100S.mov,hinted_052004_slug/rp052004p2_11.mov,rp052004_wavelet_jpeg/rp052004_11_w.jpg,aberrant morph during axenic growth; low density,
052004_12,V31966,D1031,REMI,Wild Type,,Wild Type,,,,Wild Type,,Wild Type,,Wild Type,,hinted_052004/rp052004_12_0001S.mov,hinted_052004_slug/rp052004p2_12.mov,rp052004_wavelet_jpeg/rp052004_12_w.jpg,,
052004_13,V31963,D1031,REMI,Wild Type,,Wild Type,,,,Wild Type,,Wild Type,,Wild Type,,hinted_052004/rp052004_13_0001S.mov,hinted_052004_slug/rp052004p2_13.mov,rp052004_wavelet_jpeg/rp052004_13_w.jpg,,
052004_14,V31973,D1031,REMI,Wild Type,early breakup,Aberrant,,,,,,,,Wild Type,,hinted_052004/rp052004_14_0001S.mov,hinted_052004_slug/rp052004p2_14.mov,rp052004_wavelet_jpeg/rp052004_14_w.jpg,conf; many mound arrest,
052004_15,V31970,D1031,REMI,Aberrant,frequency; amplitude,Wild Type,,,,,,Wild Type,,Wild Type,,hinted_052004/rp052004_15_0001S.mov,hinted_052004_slug/rp052004p2_15.mov,rp052004_wavelet_jpeg/rp052004_15_w.jpg,,
052004_16,V31980,D1031,REMI,Wild Type,late,Wild Type,,,,,,Wild Type,,Wild Type,,hinted_052004/rp052004_16_0150S.mov,hinted_052004_slug/rp052004p2_16.mov,rp052004_wavelet_jpeg/rp052004_16_w.jpg,aberrant morph during axenic growth; medium-low density,
052004_17,V31977,D1031,REMI,Wild Type,weak,Aberrant,,,,Wild Type,,Wild Type,,Wild Type,,hinted_052004/rp052004_17_0025S.mov,hinted_052004_slug/rp052004p2_17.mov,rp052004_wavelet_jpeg/rp052004_17_w.jpg,conf,
052004_18,V31987,D1031,REMI,Wild Type,,Aberrant,,,,Wild Type,,Wild Type,,Wild Type,,hinted_052004/rp052004_18_0001S.mov,hinted_052004_slug/rp052004p2_18.mov,rp052004_wavelet_jpeg/rp052004_18_w.jpg,,
052004_19,V31984,D1031,REMI,Undeterminable,,Undeterminable,,,,,,Wild Type,,Wild Type,,hinted_052004/rp052004_19_0200S.mov,hinted_052004_slug/rp052004p2_19.mov,rp052004_wavelet_jpeg/rp052004_19_w.jpg,aberrant morph during axenic growth; medium-low density,
052004_20,V31961,D1031,REMI,Undeterminable,,Undeterminable,,,,,,Wild Type,,Wild Type,,hinted_052004/rp052004_20_0200S.mov,hinted_052004_slug/rp052004p2_20.mov,rp052004_wavelet_jpeg/rp052004_20_w.jpg,aberrant morph during axenic growth; medium-low density,
052004_21,V31958,D1031,REMI,Wild Type,,Wild Type,,,,,,Wild Type,,Wild Type,,hinted_052004/rp052004_21_0050S.mov,hinted_052004_slug/rp052004p2_21.mov,rp052004_wavelet_jpeg/rp052004_21_w.jpg,conf,
052004_22,V31967,D1031,REMI,Wild Type,,Wild Type,,,,Wild Type,,Wild Type,,Wild Type,,hinted_052004/rp052004_22_0001S.mov,hinted_052004_slug/rp052004p2_22.mov,rp052004_wavelet_jpeg/rp052004_22_w.jpg,,
052004_23,V31964,D1031,REMI,Wild Type,late,Wild Type,,,,,,Wild Type,,Wild Type,,hinted_052004/rp052004_23_0150S.mov,hinted_052004_slug/rp052004p2_23.mov,rp052004_wavelet_jpeg/rp052004_23_w.jpg,aberrant morph during axenic growth; low density,
052004_24,V31975,D1031,REMI,Wild Type,late,Wild Type,,,,,,Wild Type,,Wild Type,,hinted_052004/rp052004_24_0200S.mov,hinted_052004_slug/rp052004p2_24.mov,rp052004_wavelet_jpeg/rp052004_24_w.jpg,aberrant morph during axenic growth; medium-low density,
052004_25,V31971,D1031,REMI,Wild Type,,Wild Type,,,,Wild Type,,Wild Type,,Wild Type,,hinted_052004/rp052004_25_0001S.mov,hinted_052004_slug/rp052004p2_25.mov,rp052004_wavelet_jpeg/rp052004_25_w.jpg,,
052004_26,V31982,D1031,REMI,Aberrant,local pulsing,None,,,,,,Wild Type,,Wild Type,,hinted_052004/rp052004_26_0175S.mov,hinted_052004_slug/rp052004p2_26.mov,rp052004_wavelet_jpeg/rp052004_26_w.jpg,conf,
052004_27,V31978,D1031,REMI,Wild Type,,Wild Type,,,,Wild Type,,,,Wild Type,,hinted_052004/rp052004_27_0001S.mov,hinted_052004_slug/rp052004p2_27.mov,rp052004_wavelet_jpeg/rp052004_27_w.jpg,some mound arrest,
052004_28,V31988,D1031,REMI,Wild Type,,Wild Type,,,,Wild Type,,Wild Type,,Wild Type,,hinted_052004/rp052004_28_0050S.mov,hinted_052004_slug/rp052004p2_28.mov,rp052004_wavelet_jpeg/rp052004_28_w.jpg,conf,
052004_29,V31985,D1031,REMI,Wild Type,,Wild Type,,,,Wild Type,,Wild Type,,Wild Type,,hinted_052004/rp052004_29_0001S.mov,hinted_052004_slug/rp052004p2_29.mov,rp052004_wavelet_jpeg/rp052004_29_w.jpg,,
052404_00,V31177,D1023,REMI,Wild Type,late,Wild Type,,,,,,Wild Type,,Wild Type,,hinted_052404/rp052404_00_0150S.mov,hinted_052404_slug/rp052404p2_00_0000-466.mov,rp052404_wavelet_jpeg/rp052404_00_w.jpg,aberrant morph during axenic growth; medium density,
052404_01,blank (V31173),D1023,,,,,,,,,,,,Wild Type,,,hinted_052404_slug/rp052404p2_01_0000-466.mov,rp052404_wavelet_jpeg/rp052404_01_w.jpg,,
052404_02,V31183,D1023,REMI,Wild Type,,Wild Type,,,,,,Wild Type,,Wild Type,,hinted_052404/rp052404_02_0075S.mov,hinted_052404_slug/rp052404p2_02_0000-466.mov,rp052404_wavelet_jpeg/rp052404_02_w.jpg,polarized morph medium density,
052404_03,V31180,D1023,REMI,Wild Type,,Wild Type,,,,,,Wild Type,,Wild Type,,hinted_052404/rp052404_03_0001S.mov,hinted_052404_slug/rp052404p2_03_0000-466.mov,rp052404_wavelet_jpeg/rp052404_03_w.jpg,medium density,
052404_04,V31189,D1023,REMI,Undeterminable,late,Undeterminable,,,,,,Wild Type,,Wild Type,,hinted_052404/rp052404_04_0125S.mov,hinted_052404_slug/rp052404p2_04_0000-466.mov,rp052404_wavelet_jpeg/rp052404_04_w.jpg,polarized morph low density,
052404_05,V31186,D1023,REMI,Aberrant,amplitude,Aberrant,,,,,,Aberrant,,Wild Type,,hinted_052404/rp052404_05_0001S.mov,hinted_052404_slug/rp052404p2_05_0000-466.mov,rp052404_wavelet_jpeg/rp052404_05_w.jpg,early break up streams; many small FBs with glassy spore head; medium density,
052404_06,V31195,D1023,REMI,Wild Type,,Wild Type,,,,,,Wild Type,,Wild Type,,hinted_052404/rp052404_06_0025S.mov,hinted_052404_slug/rp052404p2_06_0000-466.mov,rp052404_wavelet_jpeg/rp052404_06_w.jpg,polarized cell morph,
052404_07,V31192,D1023,REMI,Wild Type,late,Wild Type,,,,,,Wild Type,,Wild Type,,hinted_052404/rp052404_07_0150S.mov,hinted_052404_slug/rp052404p2_07_0000-466.mov,rp052404_wavelet_jpeg/rp052404_07_w.jpg,polarized morph low density,
052404_08,V31206,D1024,REMI,Wild Type,,Wild Type,,,,,,Wild Type,,Wild Type,,hinted_052404/rp052404_08_0001S.mov,hinted_052404_slug/rp052404p2_08_0000-466.mov,rp052404_wavelet_jpeg/rp052404_08_w.jpg,,
052404_09,V31203,D1024,REMI,Wild Type,,Wild Type,,,,,,Wild Type,,Wild Type,,hinted_052404/rp052404_09_0075S.mov,hinted_052404_slug/rp052404p2_09_0000-466.mov,rp052404_wavelet_jpeg/rp052404_09_w.jpg,polarized morph medium-low density,
052404_10,V31178,D1023,REMI,Wild Type,,Wild Type,,,,,,Wild Type,,Wild Type,,hinted_052404/rp052404_10_0100S.mov,hinted_052404_slug/rp052404p2_10_0000-466.mov,rp052404_wavelet_jpeg/rp052404_10_w.jpg,medium density,
052404_11,V31174,D1023,REMI,Undeterminable,late,Undeterminable,,,,,,Aberrant,,Wild Type,,hinted_052404/rp052404_11_0300S.mov,hinted_052404_slug/rp052404p2_11_0000-466.mov,rp052404_wavelet_jpeg/rp052404_11_w.jpg,thin stalk many fell down on agar,
052404_12,V31184,D1023,REMI,Aberrant,amplitude; freq,Wild Type,,,,,,Wild Type,,Wild Type,,hinted_052404/rp052404_12_0075S.mov,hinted_052404_slug/rp052404p2_12_0000-466.mov,rp052404_wavelet_jpeg/rp052404_12_w.jpg,polarized morph medium-low density,
052404_13,V31181,D1023,REMI,Wild Type,,Wild Type,,,,,,Wild Type,,Wild Type,,hinted_052404/rp052404_13_0001S.mov,hinted_052404_slug/rp052404p2_13_0000-466.mov,rp052404_wavelet_jpeg/rp052404_13_w.jpg,,
052404_14,V31190,D1023,REMI,Wild Type,,Aberrant,,,,,,Wild Type,,Wild Type,,hinted_052404/rp052404_14_0050S.mov,hinted_052404_slug/rp052404p2_14_0000-466.mov,rp052404_wavelet_jpeg/rp052404_14_w.jpg,polarized medium density; fast transition to slugs from streaming,
052404_15,V31187,D1023,REMI,Undeterminable,,Undeterminable,,,,,,Wild Type,,Wild Type,,hinted_052404/rp052404_15_0250S.mov,hinted_052404_slug/rp052404p2_15_0000-466.mov,rp052404_wavelet_jpeg/rp052404_15_w.jpg,polarized morph medium-low density,
052404_16,V31196,D1023,REMI,Wild Type,late,Wild Type,,,,,,Wild Type,,Wild Type,,hinted_052404/rp052404_16_0150S.mov,hinted_052404_slug/rp052404p2_16_0000-466.mov,rp052404_wavelet_jpeg/rp052404_16_w.jpg,polarized morph medium-low density,
052404_17,V31193,D1023,REMI,Wild Type,late,Wild Type,,,,,,Wild Type,,Wild Type,,hinted_052404/rp052404_17_0125S.mov,hinted_052404_slug/rp052404p2_17_0000-466.mov,rp052404_wavelet_jpeg/rp052404_17_w.jpg,polarized morph low density,
052404_18,V31207,D1024,REMI,Undeterminable,late,Wild Type,,,,,,Wild Type,,Wild Type,,hinted_052404/rp052404_18_0150S.mov,hinted_052404_slug/rp052404p2_18_0000-466.mov,rp052404_wavelet_jpeg/rp052404_18_w.jpg,polarized morph medium-low density,
052404_19,V31204,D1024,REMI,Wild Type,late,Wild Type,,,,,,Wild Type,,Wild Type,,hinted_052404/rp052404_19_0100S.mov,hinted_052404_slug/rp052404p2_19_0000-466.mov,rp052404_wavelet_jpeg/rp052404_19_w.jpg,polarized morph medium-low density,
052404_20,V31179,D1023,REMI,Undeterminable,late,Wild Type,,,,,,Wild Type,,Wild Type,,hinted_052404/rp052404_20_0125S.mov,hinted_052404_slug/rp052404p2_20_0000-466.mov,rp052404_wavelet_jpeg/rp052404_20_w.jpg,medium density,
052404_21,V31175,D1023,REMI,Undeterminable,,Undeterminable,,,,,,Wild Type,,Wild Type,,hinted_052404/rp052404_21_0150S.mov,hinted_052404_slug/rp052404p2_21_0000-466.mov,rp052404_wavelet_jpeg/rp052404_21_w.jpg,bacterial contamination during axenic growth,
052404_22,blank (V31185),,REMI,,,,,,,,,,,Wild Type,,,hinted_052404_slug/rp052404p2_22_0000-466.mov,rp052404_wavelet_jpeg/rp052404_22_w.jpg,,
052404_23,V31182,D1023,REMI,Undeterminable,late,Undeterminable,,,,,,Wild Type,,Wild Type,,hinted_052404/rp052404_23_0250S.mov,hinted_052404_slug/rp052404p2_23_0000-466.mov,rp052404_wavelet_jpeg/rp052404_23_w.jpg,polarized morph low density,
052404_24,V31191,D1023,REMI,Wild Type,low freq (minor),Wild Type,,,,,,Wild Type,,Wild Type,,hinted_052404/rp052404_24_0100S.mov,hinted_052404_slug/rp052404p2_24_0000-466.mov,rp052404_wavelet_jpeg/rp052404_24_w.jpg,medium density,
052404_25,V31188,D1023,REMI,Undeterminable,late,Wild Type,,,,,,Wild Type,,Wild Type,,hinted_052404/rp052404_25_0250S.mov,hinted_052404_slug/rp052404p2_25_0000-466.mov,rp052404_wavelet_jpeg/rp052404_25_w.jpg,polarized morph medium density,
052404_26,V31201,D1024,REMI,Aberrant,weak,Aberrant,,,,,,Aberrant,,Wild Type,,hinted_052404/rp052404_26_0025S.mov,hinted_052404_slug/rp052404p2_26_0000-466.mov,rp052404_wavelet_jpeg/rp052404_26_w.jpg,some mound arrest (minor),
052404_27,V31194,D1023,REMI,Undeterminable,late,Wild Type,,,,,,Wild Type,,Wild Type,,hinted_052404/rp052404_27_0200S.mov,hinted_052404_slug/rp052404p2_27_0000-466.mov,rp052404_wavelet_jpeg/rp052404_27_w.jpg,polarized morph medium density,
052404_28,V31208,D1024,REMI,Aberrant,high frequency,Wild Type,,,,,,Wild Type,,Wild Type,,hinted_052404/rp052404_28_0050S.mov,hinted_052404_slug/rp052404p2_28_0000-466.mov,rp052404_wavelet_jpeg/rp052404_28_w.jpg,some mound arrest (minor),
052404_29,V31205,D1024,REMI,Undeterminable,,Undeterminable,,,,,,Wild Type,,Wild Type,,,hinted_052404_slug/rp052404p2_29_0000-466.mov,rp052404_wavelet_jpeg/rp052404_29_w.jpg,polarized morph low density,
052704_00,V31404,D1026,REMI,Wild Type,,Wild Type,,,,,,Wild Type,,Wild Type,,hinted_052704/rp052704_00_0001S.mov,hinted_052704_slug/rp052704p2_00.mov,rp052704_wavelet_jpeg/rp052704_00_w.jpg,,
052704_01,V31401,D1026,REMI,Wild Type,,Wild Type,,,,,,Wild Type,,Wild Type,,hinted_052704/rp052704_01_0001S.mov,hinted_052704_slug/rp052704p2_01.mov,rp052704_wavelet_jpeg/rp052704_01_w.jpg,,
052704_02,V31410,D1026,REMI,Wild Type,,Wild Type,,,,,,Wild Type,,Wild Type,,hinted_052704/rp052704_02_0001S.mov,hinted_052704_slug/rp052704p2_02.mov,rp052704_wavelet_jpeg/rp052704_02_w.jpg,,
052704_03,V31407,D1026,REMI,Wild Type,,Wild Type,,,,,,Wild Type,,Wild Type,,hinted_052704/rp052704_03_0001S.mov,hinted_052704_slug/rp052704p2_03.mov,rp052704_wavelet_jpeg/rp052704_03_w.jpg,,
052704_04,V31416,D1026,REMI,Wild Type,,Wild Type,,,,,,Wild Type,,Wild Type,,hinted_052704/rp052704_04_0001S.mov,hinted_052704_slug/rp052704p2_04.mov,rp052704_wavelet_jpeg/rp052704_04_w.jpg,,
052704_05,blank (V31413),D1026,REMI,,,,,,,,,,,Wild Type,,,,rp052704_wavelet_jpeg/rp052704_05_w.jpg,,
052704_06,V31422,D1026,REMI,Wild Type,,Wild Type,,,,,,Wild Type,,Wild Type,,hinted_052704/rp052704_06_0001S.mov,hinted_052704_slug/rp052704p2_06.mov,rp052704_wavelet_jpeg/rp052704_06_w.jpg,,
052704_07,V31419,D1026,REMI,Wild Type,,Wild Type,,,,,,Wild Type,,Wild Type,,hinted_052704/rp052704_07_0001S.mov,hinted_052704_slug/rp052704p2_07.mov,rp052704_wavelet_jpeg/rp052704_07_w.jpg,,
052704_08,V31994,D1031,REMI,Wild Type,,Wild Type,,,,Wild Type,,Wild Type,,Wild Type,,hinted_052704/rp052704_08_0001S.mov,hinted_052704_slug/rp052704p2_08.mov,rp052704_wavelet_jpeg/rp052704_08_w.jpg,medium density,
052704_09,V31990,D1031,REMI,Wild Type,,Wild Type,,,,Wild Type,,Wild Type,,Wild Type,,hinted_052704/rp052704_09_0001S.mov,hinted_052704_slug/rp052704p2_09.mov,rp052704_wavelet_jpeg/rp052704_09_w.jpg,,
052704_10,V31405,D1026,REMI,Wild Type,,Wild Type,,,,,,Wild Type,,Wild Type,,hinted_052704/rp052704_10_0001S.mov,hinted_052704_slug/rp052704p2_10.mov,rp052704_wavelet_jpeg/rp052704_10_w.jpg,,
052704_11,V31402,D1026,REMI,Wild Type,,Wild Type,,,,,,Wild Type,,Wild Type,,hinted_052704/rp052704_11_0001S.mov,hinted_052704_slug/rp052704p2_11.mov,rp052704_wavelet_jpeg/rp052704_11_w.jpg,,
052704_12,V31411,D1026,REMI,Wild Type,,Wild Type,,,,,,Wild Type,,Wild Type,,hinted_052704/rp052704_12_0001S.mov,hinted_052704_slug/rp052704p2_12.mov,rp052704_wavelet_jpeg/rp052704_12_w.jpg,medium density,
052704_13,V31408,D1026,REMI,Wild Type,weak; late,Wild Type,,,,,,Wild Type,,Wild Type,,hinted_052704/rp052704_13_0100S.mov,hinted_052704_slug/rp052704p2_13.mov,rp052704_wavelet_jpeg/rp052704_13_w.jpg,low density; small FB,
052704_14,V31417,D1026,REMI,Wild Type,,Wild Type,,,,,,Wild Type,,Wild Type,,hinted_052704/rp052704_14_0001S.mov,hinted_052704_slug/rp052704p2_14.mov,rp052704_wavelet_jpeg/rp052704_14_w.jpg,,
052704_15,V31414,D1026,REMI,Undeterminable,,Undeterminable,,,,,,Aberrant,,Aberrant,,hinted_052704/rp052704_15_0350S.mov,hinted_052704_slug/rp052704p2_15.mov,rp052704_wavelet_jpeg/rp052704_15_w.jpg,low density; poor growth; small FB with short stalk and glassy spore head,
052704_16,V31423,D1026,REMI,Wild Type,,Wild Type,,,,,,Wild Type,,Wild Type,,hinted_052704/rp052704_16_0001S.mov,hinted_052704_slug/rp052704p2_16.mov,rp052704_wavelet_jpeg/rp052704_16_w.jpg,,
052704_17,V31420,D1026,REMI,Wild Type,,Wild Type,,,,,,Wild Type,,Wild Type,,hinted_052704/rp052704_17_0001S.mov,hinted_052704_slug/rp052704p2_17.mov,rp052704_wavelet_jpeg/rp052704_17_w.jpg,medium-low density,
052704_18,V31995,D1031,REMI,Wild Type,,Wild Type,,,,Wild Type,,Wild Type,,Wild Type,,hinted_052704/rp052704_18_0001S.mov,hinted_052704_slug/rp052704p2_18.mov,rp052704_wavelet_jpeg/rp052704_18_w.jpg,,
052704_19,V31991,D1031,REMI,Wild Type,,Wild Type,,,,Wild Type,,Wild Type,,Wild Type,,hinted_052704/rp052704_19_0001S.mov,hinted_052704_slug/rp052704p2_19.mov,rp052704_wavelet_jpeg/rp052704_19_w.jpg,,
052704_20,V31406,D1026,REMI,Wild Type,,Wild Type,,,,,,Wild Type,,Wild Type,,hinted_052704/rp052704_20_0001S.mov,hinted_052704_slug/rp052704p2_20.mov,rp052704_wavelet_jpeg/rp052704_20_w.jpg,,
052704_21,V31403,D1026,REMI,Wild Type,,Wild Type,,,,,,Wild Type,,Wild Type,,hinted_052704/rp052704_21_0001S.mov,hinted_052704_slug/rp052704p2_21.mov,rp052704_wavelet_jpeg/rp052704_21_w.jpg,,
052704_22,V31412,D1026,REMI,Wild Type,,Wild Type,,,,,,Wild Type,,Wild Type,,hinted_052704/rp052704_22_0001S.mov,hinted_052704_slug/rp052704p2_22.mov,rp052704_wavelet_jpeg/rp052704_22_w.jpg,conf,
052704_23,V31409,D1026,REMI,Wild Type,,Wild Type,,,,,,Wild Type,,Wild Type,,hinted_052704/rp052704_23_0001S.mov,hinted_052704_slug/rp052704p2_23.mov,rp052704_wavelet_jpeg/rp052704_23_w.jpg,,
052704_24,V31418,D1026,REMI,Wild Type,,Wild Type,,,,,,Wild Type,,Wild Type,,hinted_052704/rp052704_24_0001S.mov,hinted_052704_slug/rp052704p2_24.mov,rp052704_wavelet_jpeg/rp052704_24_w.jpg,,
052704_25,V31415,D1026,REMI,Wild Type,,Wild Type,,,,,,Wild Type,,Wild Type,,hinted_052704/rp052704_25_0001S.mov,hinted_052704_slug/rp052704p2_25.mov,rp052704_wavelet_jpeg/rp052704_25_w.jpg,,
052704_26,V31989,D1031,REMI,Aberrant,,None,,,,None,,Aberrant,,Wild Type,,hinted_052704/rp052704_26_0200S.mov,hinted_052704_slug/rp052704p2_26.mov,rp052704_wavelet_jpeg/rp052704_26_w.jpg,"medium-low density; some flat ab morph cells; many cells didn't aggregate; partial small FB",
052704_27,V31421,D1026,REMI,Wild Type,,Wild Type,,,,,,Wild Type,,Wild Type,,hinted_052704/rp052704_27_0001S.mov,hinted_052704_slug/rp052704p2_27.mov,rp052704_wavelet_jpeg/rp052704_27_w.jpg,,
052704_28,blank (V31996),,REMI,,,,,,,,,,,Wild Type,,,,rp052704_wavelet_jpeg/rp052704_28_w.jpg,,
052704_29,V31992,D1031,REMI,Wild Type,,Wild Type,,,,Wild Type,,Wild Type,,Wild Type,,hinted_052704/rp052704_29_0050S.mov,hinted_052704_slug/rp052704p2_29.mov,rp052704_wavelet_jpeg/rp052704_29_w.jpg,medium density,
060104_00,V11005,D1006,REMI,Wild Type,,Wild Type,,,,Wild Type,,Wild Type,,Wild Type,,hinted_060104/rp060104_00_0001S.mov,hinted_060104_slug/rp060104p2_00.mov,rp060104_wavelet_jpeg/rp060104_00_w.jpg,,
060104_01,V11001,D1006,REMI,Undeterminable,,Undeterminable,,,,Undeterminable,,Undeterminable,,Wild Type,,,hinted_060104_slug/rp060104p2_01.mov,rp060104_wavelet_jpeg/rp060104_01_w.jpg,polarized morph during axenic growth; low density,
060104_02,V11011,D1006,REMI,Wild Type,,Wild Type,,,,Wild Type,,Wild Type,,Wild Type,,hinted_060104/rp060104_02_0050S.mov,hinted_060104_slug/rp060104p2_02.mov,rp060104_wavelet_jpeg/rp060104_02_w.jpg,medium density,
060104_03,V11008,D1006,REMI,Undeterminable,,Undeterminable,,,,Undeterminable,,Undeterminable,,Wild Type,,,hinted_060104_slug/rp060104p2_03.mov,rp060104_wavelet_jpeg/rp060104_03_w.jpg,polarized morph during axenic growth; low density,
060104_04,V11017,D1006,REMI,Undeterminable,,Undeterminable,,,,Wild Type,,Wild Type,,Wild Type,,hinted_060104/rp060104_04_0425S.mov,hinted_060104_slug/rp060104p2_04.mov,rp060104_wavelet_jpeg/rp060104_04_w.jpg,polarized morph during axenic growth; med-low density,
060104_05,V11014,D1006,REMI,Undeterminable,,Undeterminable,,,,Undeterminable,,Wild Type,,Aberrant,,,hinted_060104_slug/rp060104p2_05.mov,rp060104_wavelet_jpeg/rp060104_05_w.jpg,aberrant small morph during axenic growth; low density,
060104_06,V11025,D1006,REMI,Wild Type,,Wild Type,,,,Wild Type,,Wild Type,,Wild Type,,hinted_060104/rp060104_06_0001S.mov,hinted_060104_slug/rp060104p2_06.mov,rp060104_wavelet_jpeg/rp060104_06_w.jpg,,
060104_07,V11020,D1006,REMI,Undeterminable,,Undeterminable,,,,,,Wild Type,,Wild Type,,,hinted_060104_slug/rp060104p2_07.mov,rp060104_wavelet_jpeg/rp060104_07_w.jpg,polarized morph during axenic growth; low density,
060104_08,V11034,D1006,REMI,Wild Type,,Wild Type,,,,Wild Type,,Aberrant,,Wild Type,,hinted_060104/rp060104_08_0075S.mov,hinted_060104_slug/rp060104p2_08.mov,rp060104_wavelet_jpeg/rp060104_08_w.jpg,residual bacteria during axenic growth; medium density; dichotomy; some ring shape mounds appear late;arrest otherwise normal FB,
060104_09,V11031,D1006,REMI,Wild Type,late,Wild Type,,,,Wild Type,,Wild Type,,Wild Type,,hinted_060104/rp060104_09_0200S.mov,hinted_060104_slug/rp060104p2_09.mov,rp060104_wavelet_jpeg/rp060104_09_w.jpg,polarized morph during axenic growth; med-low density,
060104_10,V11006,D1006,REMI,Undeterminable,,Undeterminable,,,,,,Undeterminable,,Wild Type,,,hinted_060104_slug/rp060104p2_10.mov,rp060104_wavelet_jpeg/rp060104_10_w.jpg,polarized morph during axenic growth; low density,
060104_11,V11002,D1006,REMI,Wild Type,late,Wild Type,,,,,,Wild Type,,Wild Type,,hinted_060104/rp060104_11_0225S.mov,hinted_060104_slug/rp060104p2_11.mov,rp060104_wavelet_jpeg/rp060104_11_w.jpg,polarized morph during axenic growth; med-low density,
060104_12,V11012,D1006,REMI,Wild Type,late,Wild Type,,,,Wild Type,,Wild Type,,Wild Type,,hinted_060104/rp060104_12_0150S.mov,hinted_060104_slug/rp060104p2_12.mov,rp060104_wavelet_jpeg/rp060104_12_w.jpg,polarized morph during axenic growth; med density,
060104_13,V11009,D1006,REMI,Undeterminable,,Undeterminable,,,,,,Wild Type,,Wild Type,,hinted_060104/rp060104_13_0200S.mov,hinted_060104_slug/rp060104p2_13.mov,rp060104_wavelet_jpeg/rp060104_13_w.jpg,polarized morph during axenic growth; med-low density,
060104_14,V11018,D1006,REMI,Undeterminable,,Undeterminable,,,,,,Undeterminable,,Wild Type,,hinted_060104/rp060104_14_0475S.mov,hinted_060104_slug/rp060104p2_14.mov,rp060104_wavelet_jpeg/rp060104_14_w.jpg,polarized morph during axenic growth; low density,
060104_15,V11015,D1006,REMI,Undeterminable,,Undeterminable,,,,,,Wild Type,,Wild Type,,hinted_060104/rp060104_15_0475S.mov,hinted_060104_slug/rp060104p2_15.mov,rp060104_wavelet_jpeg/rp060104_15_w.jpg,polarized morph during axenic growth; low density,
060104_16,V11026,D1006,REMI,Wild Type,late,Wild Type,,,,Wild Type,,Undeterminable,,Wild Type,,hinted_060104/rp060104_16_0150S.mov,hinted_060104_slug/rp060104p2_16.mov,rp060104_wavelet_jpeg/rp060104_16_w.jpg,medium-low density,
060104_17,V11023,D1006,REMI,Wild Type,,Wild Type,,,,Wild Type,,Wild Type,,Wild Type,,hinted_060104/rp060104_17_0025S.mov,hinted_060104_slug/rp060104p2_17.mov,rp060104_wavelet_jpeg/rp060104_17_w.jpg,slugger?,
060104_18,V11035,D1006,REMI,Wild Type,late,Wild Type,,,,Wild Type,,Wild Type,,Wild Type,,hinted_060104/rp060104_18_0200S.mov,hinted_060104_slug/rp060104p2_18.mov,rp060104_wavelet_jpeg/rp060104_18_w.jpg,polarized morph during axenic growth; med-low density,
060104_19,V11032,D1006,REMI,Wild Type,late,Wild Type,,,,Wild Type,,Wild Type,,Wild Type,,hinted_060104/rp060104_19_0225S.mov,hinted_060104_slug/rp060104p2_19.mov,rp060104_wavelet_jpeg/rp060104_19_w.jpg,polarized morph during axenic growth,
060104_20,V11007,D1006,REMI,Undeterminable,,Undeterminable,,,,Wild Type,,Wild Type,,Wild Type,,hinted_060104/rp060104_20_0475S.mov,hinted_060104_slug/rp060104p2_20.mov,rp060104_wavelet_jpeg/rp060104_20_w.jpg,aberrant morph during axenic growth; med-low density,
060104_21,V11003,D1006,REMI,Undeterminable,,Undeterminable,,,,Undeterminable,,Wild Type,,Wild Type,,,hinted_060104_slug/rp060104p2_21.mov,rp060104_wavelet_jpeg/rp060104_21_w.jpg,polarized morph during axenic growth; med-low density,
060104_22,V11013,D1006,REMI,Undeterminable,,Undeterminable,,,,Undeterminable,,Undeterminable,,Wild Type,,,hinted_060104_slug/rp060104p2_22.mov,rp060104_wavelet_jpeg/rp060104_22_w.jpg,polarized morph during axenic growth; low density,
060104_23,V11010,D1006,REMI,Undeterminable,,Undeterminable,,,,Undeterminable,,Wild Type,,Wild Type,,hinted_060104/rp060104_23_0400S.mov,hinted_060104_slug/rp060104p2_23.mov,rp060104_wavelet_jpeg/rp060104_23_w.jpg,polarized morph during axenic growth; med-low density,
060104_24,V11019,D1006,REMI,Undeterminable,,Undeterminable,,,,Undeterminable,,Undeterminable,,Wild Type,,hinted_060104/rp060104_24_0475S.mov,hinted_060104_slug/rp060104p2_24.mov,rp060104_wavelet_jpeg/rp060104_24_w.jpg,polarized morph during axenic growth; low density,
060104_25,V11016,D1006,REMI,Undeterminable,,Undeterminable,,,,Undeterminable,,Undeterminable,,Wild Type,,hinted_060104/rp060104_25_0475S.mov,hinted_060104_slug/rp060104p2_25.mov,rp060104_wavelet_jpeg/rp060104_25_w.jpg,polarized morph during axenic growth; low density,
060104_26,V11028,D1006,REMI,Wild Type,late,Wild Type,,,,Wild Type,,Wild Type,,Wild Type,,hinted_060104/rp060104_26_0200S.mov,hinted_060104_slug/rp060104p2_26.mov,rp060104_wavelet_jpeg/rp060104_26_w.jpg,medium-low density,
060104_27,V11024,D1006,REMI,Undeterminable,,Undeterminable,,,,Wild Type,,Wild Type,,Wild Type,,hinted_060104/rp060104_27_0425S.mov,hinted_060104_slug/rp060104p2_27.mov,rp060104_wavelet_jpeg/rp060104_27_w.jpg,polarized morph during axenic growth; low density,
060104_28,V11036,D1006,REMI,Undeterminable,,Undeterminable,,,,Wild Type,,Wild Type,,Wild Type,,hinted_060104/rp060104_28_0325S.mov,hinted_060104_slug/rp060104p2_28.mov,rp060104_wavelet_jpeg/rp060104_28_w.jpg,polarized morph during axenic growth; med-low density,
060104_29,V11033,D1006,REMI,Undeterminable,,Undeterminable,,,,Undeterminable,,Wild Type,,Wild Type,,hinted_060104/rp060104_29_0400S.mov,hinted_060104_slug/rp060104p2_29.mov,rp060104_wavelet_jpeg/rp060104_29_w.jpg,polarized morph during axenic growth; low density,
060404_00,V11040,D1006,REMI,Undeterminable,,None,,,,None,,None,,Wild Type,,,hinted_060404_slug/rp060404p2_00.mov,rp060404_wavelet_jpeg/rp060404_00_w.jpg,agg-; medium-low density,
060404_01,V11037,D1006,REMI,Wild Type,late,Wild Type,,,,,,None,,Wild Type,,hinted_060404/rp060404_01_0225S.mov,hinted_060404_slug/rp060404p2_01.mov,rp060404_wavelet_jpeg/rp060404_01_w.jpg,dev arrest at mound; medium-low density,
060404_02,V11047,D1006,REMI,Undeterminable,,Undeterminable,,,,,,Wild Type,,Wild Type,,hinted_060404/rp060404_02_0475S.mov,hinted_060404_slug/rp060404p2_02.mov,rp060404_wavelet_jpeg/rp060404_02_w.jpg,low density,
060404_03,V11043,D1006,REMI,Wild Type,late,Wild Type,,,,Wild Type,,Wild Type,,Wild Type,,hinted_060404/rp060404_03_0125S.mov,hinted_060404_slug/rp060404p2_03.mov,rp060404_wavelet_jpeg/rp060404_03_w.jpg,medium-low density,
060404_04,V11053,D1006,REMI,Undeterminable,,Undeterminable,,,,,,Wild Type,,Aberrant,,,hinted_060404_slug/rp060404p2_04.mov,rp060404_wavelet_jpeg/rp060404_04_w.jpg,cells are slightly but uniformly large during axenic growth,
060404_05,V11050,D1006,REMI,Wild Type,late,Wild Type,,,,,,Wild Type,,Wild Type,,hinted_060404/rp060404_05_0250S.mov,hinted_060404_slug/rp060404p2_05.mov,rp060404_wavelet_jpeg/rp060404_05_w.jpg,medium-low density,
060404_06,V11060,D1006,REMI,Wild Type,,Wild Type,,,,Wild Type,,Wild Type,,Wild Type,,hinted_060404/rp060404_06_0025S.mov,hinted_060404_slug/rp060404p2_06.mov,rp060404_wavelet_jpeg/rp060404_06_w.jpg,,
060404_07,V11056,D1006,REMI,Wild Type,late,Wild Type,,,,,,Wild Type,,Wild Type,,hinted_060404/rp060404_07_0125S.mov,hinted_060404_slug/rp060404p2_07.mov,rp060404_wavelet_jpeg/rp060404_07_w.jpg,medium density,
060404_08,V11067,D1006,REMI,Wild Type,,Wild Type,,,,,,Wild Type,,Wild Type,,hinted_060404/rp060404_08_0050S.mov,hinted_060404_slug/rp060404p2_08.mov,rp060404_wavelet_jpeg/rp060404_08_w.jpg,medium density,
060404_09,V11064,D1006,REMI,Wild Type,noisy,Wild Type,,,,,,Wild Type,,Wild Type,,hinted_060404/rp060404_09_0050S.mov,hinted_060404_slug/rp060404p2_09.mov,rp060404_wavelet_jpeg/rp060404_09_w.jpg,conf,
060404_10,V11041,D1006,REMI,Wild Type,noisy,Wild Type,,,,Wild Type,,Wild Type,,Wild Type,,hinted_060404/rp060404_10_0002S.mov,hinted_060404_slug/rp060404p2_10.mov,rp060404_wavelet_jpeg/rp060404_10_w.jpg,medium-low density,
060404_11,V11038,D1006,REMI,Wild Type,,Wild Type,,,,Wild Type,,Wild Type,,Wild Type,,hinted_060404/rp060404_11_0075S.mov,hinted_060404_slug/rp060404p2_11.mov,rp060404_wavelet_jpeg/rp060404_11_w.jpg,medium-low density,
060404_12,V11048,D1006,REMI,Undeterminable,,Undeterminable,,,,,,None,,Wild Type,,,hinted_060404_slug/rp060404p2_12.mov,rp060404_wavelet_jpeg/rp060404_12_w.jpg,dev arrest at slug; medium-low density,
060404_13,V11044,D1006,REMI,Wild Type,late,Wild Type,,,,,,Wild Type,,Wild Type,,hinted_060404/rp060404_13_0150S.mov,hinted_060404_slug/rp060404p2_13.mov,rp060404_wavelet_jpeg/rp060404_13_w.jpg,medium-low density,
060404_14,V11054,D1006,REMI,Wild Type,,Wild Type,,,,,,Wild Type,,Wild Type,,hinted_060404/rp060404_14_0050S.mov,hinted_060404_slug/rp060404p2_14.mov,rp060404_wavelet_jpeg/rp060404_14_w.jpg,,
060404_15,V11051,D1006,REMI,Wild Type,,Wild Type,,,,Wild Type,,Wild Type,,Wild Type,,hinted_060404/rp060404_15_0001S.mov,hinted_060404_slug/rp060404p2_15.mov,rp060404_wavelet_jpeg/rp060404_15_w.jpg,,
060404_16,V11062,D1006,REMI,Aberrant,lateral amplitude; late,Wild Type,,,,Wild Type,,Wild Type,,Wild Type,,hinted_060404/rp060404_16_0125S.mov,hinted_060404_slug/rp060404p2_16.mov,rp060404_wavelet_jpeg/rp060404_16_w.jpg,medium-low density,
060404_17,V11058,D1006,REMI,Wild Type,,Wild Type,,,,Wild Type,,Wild Type,,Wild Type,,hinted_060404/rp060404_17_0001S.mov,hinted_060404_slug/rp060404p2_17.mov,rp060404_wavelet_jpeg/rp060404_17_w.jpg,conf,
060404_18,V11068,D1006,REMI,Wild Type,,Wild Type,,,,Wild Type,,Wild Type,,Wild Type,,hinted_060404/rp060404_18_0075S.mov,hinted_060404_slug/rp060404p2_18.mov,rp060404_wavelet_jpeg/rp060404_18_w.jpg,,
060404_19,V11065,D1006,REMI,Wild Type,late,Wild Type,,,,Wild Type,,Wild Type,,Wild Type,,hinted_060404/rp060404_19_0125S.mov,hinted_060404_slug/rp060404p2_19.mov,rp060404_wavelet_jpeg/rp060404_19_w.jpg,low density,
060404_20,V11042,D1006,REMI,Wild Type,,Wild Type,,,,Wild Type,,Wild Type,,Wild Type,,hinted_060404/rp060404_20_0001S.mov,hinted_060404_slug/rp060404p2_20.mov,rp060404_wavelet_jpeg/rp060404_20_w.jpg,,
060404_21,V11039,D1006,REMI,Undeterminable,,Undeterminable,,,,,,Wild Type,,Wild Type,,hinted_060404/rp060404_21_0475S.mov,hinted_060404_slug/rp060404p2_21.mov,rp060404_wavelet_jpeg/rp060404_21_w.jpg,low density,
060404_22,V11049,D1006,REMI,Wild Type,late,Wild Type,,,,Wild Type,,Wild Type,,Wild Type,,hinted_060404/rp060404_22_0175S.mov,hinted_060404_slug/rp060404p2_22.mov,rp060404_wavelet_jpeg/rp060404_22_w.jpg,medium-low density,
060404_23,V11045,D1006,REMI,Wild Type,,Wild Type,,,,Wild Type,,Wild Type,,Wild Type,,hinted_060404/rp060404_23_0075S.mov,hinted_060404_slug/rp060404p2_23.mov,rp060404_wavelet_jpeg/rp060404_23_w.jpg,medium-low density,
060404_24,V11055,D1006,REMI,Undeterminable,local pulses,Undeterminable,,,,Undeterminable,,Undeterminable,,Aberrant,,hinted_060404/rp060404_24_0475S.mov,hinted_060404_slug/rp060404p2_24.mov,rp060404_wavelet_jpeg/rp060404_24_w.jpg,agg-; medium-low density; cells are slightly but uniformly large during axenic growth,
060404_25,V11052,D1006,REMI,Undeterminable,,Undeterminable,,,,,,Aberrant,,Wild Type,,hinted_060404/rp060404_25_0150S.mov,hinted_060404_slug/rp060404p2_25.mov,rp060404_wavelet_jpeg/rp060404_25_w.jpg,FB zig-zag stalk trail on agar; almost no spore head; medium-low density,
060404_26,V11063,D1006,REMI,Wild Type,,Wild Type,,,,Wild Type,,Wild Type,,Wild Type,,hinted_060404/rp060404_26_0050S.mov,hinted_060404_slug/rp060404p2_26.mov,rp060404_wavelet_jpeg/rp060404_26_w.jpg,medium density,
060404_27,V11059,D1006,REMI,Aberrant,AX2 like late firing,Aberrant,,,,Wild Type,,Wild Type,,Wild Type,,hinted_060404/rp060404_27_0050S.mov,hinted_060404_slug/rp060404p2_27.mov,rp060404_wavelet_jpeg/rp060404_27_w.jpg,,
060404_28,V11069,D1006,REMI,Wild Type,,Aberrant,,Aberrant,,Wild Type,,Wild Type,,Wild Type,,hinted_060404/rp060404_28_0025S.mov,hinted_060404_slug/rp060404p2_28.mov,rp060404_wavelet_jpeg/rp060404_28_w.jpg,medium density,
060404_29,V11066,D1006,REMI,Wild Type,noisy,Wild Type,,,,Wild Type,,Wild Type,,Wild Type,,hinted_060404/rp060404_29_0001S.mov,hinted_060404_slug/rp060404p2_29.mov,rp060404_wavelet_jpeg/rp060404_29_w.jpg,medium-low density,
060704_00,V11073,D1006,REMI,Wild Type,,Wild Type,,,,Wild Type,,Wild Type,,Wild Type,,hinted_060704/rp060704_00_0001S.mov,hinted_060704_slug/rp060704p2_00.mov,rp060704_wavelet_jpeg/rp060704_00_w.jpg,conf,
060704_01,V11070,D1006,REMI,Wild Type,,Wild Type,,,,Wild Type,,Wild Type,,Wild Type,,hinted_060704/rp060704_01_0001S.mov,hinted_060704_slug/rp060704p2_01.mov,rp060704_wavelet_jpeg/rp060704_01_w.jpg,conf,
060704_02,V11079,D1006,REMI,Undeterminable,,Undeterminable,,,,,,Wild Type,,Wild Type,,hinted_060704/rp060704_02_0475S.mov,hinted_060704_slug/rp060704p2_02.mov,rp060704_wavelet_jpeg/rp060704_02_w.jpg,low density,
060704_03,V11076,D1006,REMI,Wild Type,,Wild Type,,,,Wild Type,,Wild Type,,Wild Type,,hinted_060704/rp060704_03_0001S.mov,hinted_060704_slug/rp060704p2_03.mov,rp060704_wavelet_jpeg/rp060704_03_w.jpg,,
060704_04,V11085,D1006,REMI,Wild Type,,Wild Type,,,,Wild Type,,Wild Type,,Wild Type,,hinted_060704/rp060704_04_0001S.mov,hinted_060704_slug/rp060704p2_04.mov,rp060704_wavelet_jpeg/rp060704_04_w.jpg,conf,
060704_05,V11082,D1006,REMI,Wild Type,,Wild Type,,,,Wild Type,,Wild Type,,Wild Type,,hinted_060704/rp060704_05_0050S.mov,hinted_060704_slug/rp060704p2_05.mov,rp060704_wavelet_jpeg/rp060704_05_w.jpg,medium density,
060704_06,V11091,D1006,REMI,Wild Type,,Wild Type,,,,Wild Type,,Wild Type,,Wild Type,,hinted_060704/rp060704_06_0001S.mov,hinted_060704_slug/rp060704p2_06.mov,rp060704_wavelet_jpeg/rp060704_06_w.jpg,conf,
060704_07,V11088,D1006,REMI,Wild Type,,Wild Type,,,,Wild Type,,Wild Type,,Wild Type,,hinted_060704/rp060704_07_0001S.mov,hinted_060704_slug/rp060704p2_07.mov,rp060704_wavelet_jpeg/rp060704_07_w.jpg,,
060704_08,V31209,D1024,REMI,,late,Wild Type,,,,Wild Type,,Undeterminable,,Wild Type,,hinted_060704/rp060704_08_0150S.mov,hinted_060704_slug/rp060704p2_08.mov,rp060704_wavelet_jpeg/rp060704_08_w.jpg,medium-low density,
060704_09,V11094,D1006,REMI,Wild Type,,Wild Type,,,,,,Wild Type,,Wild Type,,hinted_060704/rp060704_09_0001S.mov,hinted_060704_slug/rp060704p2_09.mov,rp060704_wavelet_jpeg/rp060704_09_w.jpg,conf,
060704_10,V11074,D1006,REMI,Wild Type,,Wild Type,,,,Wild Type,,Wild Type,,Wild Type,,hinted_060704/rp060704_10_0001S.mov,hinted_060704_slug/rp060704p2_10.mov,rp060704_wavelet_jpeg/rp060704_10_w.jpg,conf,
060704_11,V11071,D1006,REMI,Undeterminable,late,Wild Type,,,,Wild Type,,Wild Type,,Wild Type,,hinted_060704/rp060704_11_0125S.mov,hinted_060704_slug/rp060704p2_11.mov,rp060704_wavelet_jpeg/rp060704_11_w.jpg,medium-low density,
060704_12,V11080,D1006,REMI,Wild Type,,Wild Type,,,,Wild Type,,Wild Type,,Wild Type,,hinted_060704/rp060704_12_0025S.mov,hinted_060704_slug/rp060704p2_12.mov,rp060704_wavelet_jpeg/rp060704_12_w.jpg,medium density,
060704_13,V11077,D1006,REMI,Undeterminable,,Undeterminable,,,,,,Wild Type,,Wild Type,,hinted_060704/rp060704_13_0375S.mov,hinted_060704_slug/rp060704p2_13.mov,rp060704_wavelet_jpeg/rp060704_13_w.jpg,medium-low density,
060704_14,V11086,D1006,REMI,Wild Type,,Wild Type,,,,Wild Type,,Aberrant,,Wild Type,,hinted_060704/rp060704_14_0100S.mov,hinted_060704_slug/rp060704p2_14.mov,rp060704_wavelet_jpeg/rp060704_14_w.jpg,medium-low density; slightly ab FB small and short stalk,
060704_15,V11083,D1006,REMI,Wild Type,,Wild Type,,,,Wild Type,,Wild Type,,Wild Type,,hinted_060704/rp060704_15_0001S.mov,hinted_060704_slug/rp060704p2_15.mov,rp060704_wavelet_jpeg/rp060704_15_w.jpg,conf,
060704_16,V11092,D1006,REMI,Aberrant,,Wild Type,,,,Wild Type,,Wild Type,,Wild Type,,hinted_060704/rp060704_16_0001S.mov,hinted_060704_slug/rp060704p2_16.mov,rp060704_wavelet_jpeg/rp060704_16_w.jpg,conf,
060704_17,V11089,D1006,REMI,Wild Type,,Wild Type,,,,Wild Type,,Wild Type,,Wild Type,,hinted_060704/rp060704_17_0001S.mov,hinted_060704_slug/rp060704p2_17.mov,rp060704_wavelet_jpeg/rp060704_17_w.jpg,conf,
060704_18,V31210,D1024,REMI,Wild Type,,Wild Type,,,,Undeterminable,,Undeterminable,,Wild Type,,hinted_060704/rp060704_18_0001S.mov,hinted_060704_slug/rp060704p2_18.mov,rp060704_wavelet_jpeg/rp060704_18_w.jpg,conf,
060704_19,V11095,D1006,REMI,Wild Type,,Wild Type,,,,Wild Type,,Wild Type,,Wild Type,,hinted_060704/rp060704_19_0001S.mov,hinted_060704_slug/rp060704p2_19.mov,rp060704_wavelet_jpeg/rp060704_19_w.jpg,,
060704_20,V11075,D1006,REMI,Undeterminable,late,Wild Type,,,,,,Wild Type,,Wild Type,,hinted_060704/rp060704_20_0300S.mov,hinted_060704_slug/rp060704p2_20.mov,rp060704_wavelet_jpeg/rp060704_20_w.jpg,medium-low density,
060704_21,V11072,D1006,REMI,Undeterminable,late,Wild Type,,,,,,Aberrant,,Wild Type,,hinted_060704/rp060704_21_0300S.mov,hinted_060704_slug/rp060704p2_21.mov,rp060704_wavelet_jpeg/rp060704_21_w.jpg,medium-low density; slightly ab FB small and stalk on agar,
060704_22,V11081,D1006,REMI,Wild Type,,Wild Type,,,,Wild Type,,Wild Type,,Wild Type,,hinted_060704/rp060704_22_0001S.mov,hinted_060704_slug/rp060704p2_22.mov,rp060704_wavelet_jpeg/rp060704_22_w.jpg,conf,
060704_23,V31211,D1024,REMI,Wild Type,,Wild Type,,,,Wild Type,,Wild Type,,Wild Type,,hinted_060704/rp060704_23_0001S.mov,hinted_060704_slug/rp060704p2_23.mov,rp060704_wavelet_jpeg/rp060704_23_w.jpg,,
060704_24,V11087,D1006,REMI,Wild Type,,Wild Type,,,,Wild Type,,Wild Type,,Wild Type,,hinted_060704/rp060704_24_0001S.mov,hinted_060704_slug/rp060704p2_24.mov,rp060704_wavelet_jpeg/rp060704_24_w.jpg,conf,
060704_25,V11084,D1006,REMI,Wild Type,,Wild Type,,,,Wild Type,,Wild Type,,Wild Type,,hinted_060704/rp060704_25_0001S.mov,hinted_060704_slug/rp060704p2_25.mov,rp060704_wavelet_jpeg/rp060704_25_w.jpg,,
060704_26,V11093,D1006,REMI,Wild Type,,Wild Type,,,,Wild Type,,Wild Type,,Wild Type,,hinted_060704/rp060704_26_0075S.mov,hinted_060704_slug/rp060704p2_26.mov,rp060704_wavelet_jpeg/rp060704_26_w.jpg,,
060704_27,V11090,D1006,REMI,Wild Type,,Wild Type,,,,Wild Type,,Wild Type,,Wild Type,,hinted_060704/rp060704_27_0025S.mov,hinted_060704_slug/rp060704p2_27.mov,rp060704_wavelet_jpeg/rp060704_27_w.jpg,,
060704_28,Ecoli,,,,,,,,,,,,,Wild Type,,,hinted_060704_slug/rp060704p2_28.mov,rp060704_wavelet_jpeg/rp060704_28_w.jpg,,
060704_29,V11096,D1006,REMI,Wild Type,,Wild Type,,,,Undeterminable,,Undeterminable,,Wild Type,,hinted_060704/rp060704_29_0001S.mov,hinted_060704_slug/rp060704p2_29.mov,rp060704_wavelet_jpeg/rp060704_29_w.jpg,conf,
061004_00,V31215,D1024,REMI,Wild Type,,Wild Type,,,,Wild Type,,Wild Type,,Wild Type,,hinted_061004/rp061004_00_0001S.mov,hinted_061004_slug/rp061004p2_00.mov,rp061004_wavelet_jpeg/rp061004_00_w.jpg,conf,
061004_01,V31212,D1024,REMI,Wild Type,,Wild Type,,,,Wild Type,,Wild Type,,Wild Type,,hinted_061004/rp061004_01_0001S.mov,hinted_061004_slug/rp061004p2_01.mov,rp061004_wavelet_jpeg/rp061004_01_w.jpg,,
061004_02,V31222,D1024,REMI,Undeterminable,,Aberrant,,,,Undeterminable,,Wild Type,,Wild Type,,,hinted_061004_slug/rp061004p2_02.mov,rp061004_wavelet_jpeg/rp061004_02_w.jpg,low density,
061004_03,V31219,D1024,REMI,Wild Type,,Wild Type,,,,Wild Type,,Wild Type,,Wild Type,,hinted_061004/rp061004_03_0001S.mov,hinted_061004_slug/rp061004p2_03.mov,rp061004_wavelet_jpeg/rp061004_03_w.jpg,conf,
061004_04,V31228,D1024,REMI,Wild Type,,Wild Type,,,,Wild Type,,Wild Type,,Wild Type,,hinted_061004/rp061004_04_0001S.mov,hinted_061004_slug/rp061004p2_04.mov,rp061004_wavelet_jpeg/rp061004_04_w.jpg,aberrant morph during axenic growth,
061004_05,V31225,D1024,REMI,Aberrant,local pulsing,Aberrant,,,,Undeterminable,,Aberrant,,Wild Type,,hinted_061004/rp061004_05_0400S.mov,hinted_061004_slug/rp061004p2_05.mov,rp061004_wavelet_jpeg/rp061004_05_w.jpg,"aberrant morph during axenic growth; stalk-like trail on agar, small FB",
061004_06,V31234,D1024,REMI,Wild Type,,Wild Type,,,,Wild Type,,Wild Type,,Wild Type,,hinted_061004/rp061004_06_0050S.mov,hinted_061004_slug/rp061004p2_06.mov,rp061004_wavelet_jpeg/rp061004_06_w.jpg,medium density,
061004_07,V31233,D1024,REMI,Wild Type,,Wild Type,,,,Wild Type,,Wild Type,,Wild Type,,hinted_061004/rp061004_07_0001S.mov,hinted_061004_slug/rp061004p2_07.mov,rp061004_wavelet_jpeg/rp061004_07_w.jpg,,
061004_08,V30992,,REMI,Wild Type,,Wild Type,,,,Wild Type,,Wild Type,,Wild Type,,hinted_061004/rp061004_08_0025S.mov,hinted_061004_slug/rp061004p2_08.mov,rp061004_wavelet_jpeg/rp061004_08_w.jpg,conf,
061004_09,V30969,,REMI,Wild Type,,Wild Type,,,,Wild Type,,Wild Type,,Wild Type,,hinted_061004/rp061004_09_0001S.mov,hinted_061004_slug/rp061004p2_09.mov,rp061004_wavelet_jpeg/rp061004_09_w.jpg,conf,
061004_10,V31217,D1024,REMI,Undeterminable,,Wild Type,,,,Undeterminable,,Wild Type,,Wild Type,,hinted_061004/rp061004_10_0200S.mov,hinted_061004_slug/rp061004p2_10.mov,rp061004_wavelet_jpeg/rp061004_10_w.jpg,low density,
061004_11,V31213,D1024,REMI,Wild Type,oscillatory;early,,,,,Wild Type,,Wild Type,,Wild Type,,hinted_061004/rp061004_11_0001S.mov,hinted_061004_slug/rp061004p2_11.mov,rp061004_wavelet_jpeg/rp061004_11_w.jpg,,
061004_12,V31223,D1024,REMI,Wild Type,,Wild Type,,,,Wild Type,,Wild Type,,Wild Type,,hinted_061004/rp061004_12_0001S.mov,hinted_061004_slug/rp061004p2_12.mov,rp061004_wavelet_jpeg/rp061004_12_w.jpg,conf; slugger?,
061004_13,V31220,D1024,REMI,Wild Type,,Wild Type,,,,Wild Type,,Wild Type,,Wild Type,,hinted_061004/rp061004_13_0050S.mov,hinted_061004_slug/rp061004p2_13.mov,rp061004_wavelet_jpeg/rp061004_13_w.jpg,medium density,
061004_14,V31229,D1024,REMI,Wild Type,,Wild Type,,,,Wild Type,,Wild Type,,Wild Type,,hinted_061004/rp061004_14_0001S.mov,hinted_061004_slug/rp061004p2_14.mov,rp061004_wavelet_jpeg/rp061004_14_w.jpg,conf,
061004_15,V31226,D1024,REMI,Wild Type,,Wild Type,,,,Wild Type,,Wild Type,,Wild Type,,hinted_061004/rp061004_15_0001S.mov,hinted_061004_slug/rp061004p2_15.mov,rp061004_wavelet_jpeg/rp061004_15_w.jpg,,
061004_16,V31235,D1024,REMI,Wild Type,late,Wild Type,,,,Wild Type,,Wild Type,,Wild Type,,hinted_061004/rp061004_16_0150S.mov,hinted_061004_slug/rp061004p2_16.mov,rp061004_wavelet_jpeg/rp061004_16_w.jpg,medium low density,
061004_17,V31232,D1024,REMI,Wild Type,,Wild Type,,,,Wild Type,,Wild Type,,Wild Type,,hinted_061004/rp061004_17_0001S.mov,hinted_061004_slug/rp061004p2_17.mov,rp061004_wavelet_jpeg/rp061004_17_w.jpg,conf,
061004_18,V31022,,REMI,Wild Type,,Wild Type,,,,Wild Type,,Wild Type,,Wild Type,,,,rp061004_wavelet_jpeg/rp061004_18_w.jpg,conf,
061004_19,V30970,,REMI,Wild Type,,Wild Type,,,,Wild Type,,Wild Type,,Wild Type,,hinted_061004/rp061004_19_0001S.mov,hinted_061004_slug/rp061004p2_19.mov,rp061004_wavelet_jpeg/rp061004_19_w.jpg,conf,
061004_20,V31218,D1024,REMI,Undeterminable,late,Wild Type,,,,,,Wild Type,,Wild Type,,hinted_061004/rp061004_20_0150S.mov,hinted_061004_slug/rp061004p2_20.mov,rp061004_wavelet_jpeg/rp061004_20_w.jpg,medium-low density,
061004_21,V31214,D1024,REMI,Wild Type,,Wild Type,,,,Wild Type,,Wild Type,,Wild Type,,hinted_061004/rp061004_21_0001S.mov,hinted_061004_slug/rp061004p2_21.mov,rp061004_wavelet_jpeg/rp061004_21_w.jpg,medium density,
061004_22,V31224,D1024,REMI,Undeterminable,,Undeterminable,,,,Undeterminable,,Wild Type,,Wild Type,,,,rp061004_wavelet_jpeg/rp061004_22_w.jpg,low density,
061004_23,V31221,D1024,REMI,Wild Type,,Wild Type,,,,Wild Type,,Wild Type,,Wild Type,,hinted_061004/rp061004_23_0025S.mov,hinted_061004_slug/rp061004p2_23.mov,rp061004_wavelet_jpeg/rp061004_23_w.jpg,conf,
061004_24,V31230,D1024,REMI,Wild Type,late,Wild Type,,,,,,Wild Type,,Wild Type,,hinted_061004/rp061004_24_0175S.mov,hinted_061004_slug/rp061004p2_24.mov,rp061004_wavelet_jpeg/rp061004_24_w.jpg,ab morph during axenic growth; medium-low density,
061004_25,V31227,D1024,REMI,Wild Type,late,Wild Type,,,,Undeterminable,,Aberrant,,Wild Type,,hinted_061004/rp061004_25_0100S.mov,hinted_061004_slug/rp061004p2_25.mov,rp061004_wavelet_jpeg/rp061004_25_w.jpg,ab morph during axenic growth; medium-low density; aberrant stalk only FB,
061004_26,V31236,D1024,REMI,Undeterminable,,Undeterminable,,,,Undeterminable,,Wild Type,,Wild Type,,,,rp061004_wavelet_jpeg/rp061004_26_w.jpg,ab morph during axenic growth; medium-low density,
061004_27,V31231,D1024,REMI,Undeterminable,,Wild Type,,,,,,Wild Type,,Wild Type,,hinted_061004/rp061004_27_0125S.mov,hinted_061004_slug/rp061004p2_27.mov,rp061004_wavelet_jpeg/rp061004_27_w.jpg,ab morph during axenic growth; medium-low density,
061004_28,V31024,,REMI,Undeterminable,,Wild Type,,,,,,Wild Type,,Wild Type,,hinted_061004/rp061004_28_0225S.mov,hinted_061004_slug/rp061004p2_28.mov,rp061004_wavelet_jpeg/rp061004_28_w.jpg,ab morph during axenic growth; medium-low density,
061004_29,V30984,,REMI,Wild Type,,Wild Type,,,,Wild Type,,Wild Type,,Wild Type,,hinted_061004/rp061004_29_0001S.mov,hinted_061004_slug/rp061004p2_29.mov,rp061004_wavelet_jpeg/rp061004_29_w.jpg,conf,
061404_10,V31242,D1024,REMI,Wild Type,,Wild Type,,,,Wild Type,,Wild Type,,Wild Type,,hinted_061404/rp061404_10_0001S.mov,hinted_061404_slug/rp061404p2_10.mov,rp061404_wavelet_jpeg/rp061404_10_w.jpg,conf,
061404_11,V31238,D1024,REMI,,late,Wild Type,,,,,,Wild Type,,Wild Type,,hinted_061404/rp061404_11_0200S.mov,hinted_061404_slug/rp061404p2_11.mov,rp061404_wavelet_jpeg/rp061404_11_w.jpg,mid-low,
061404_12,V31248,D1024,REMI,Wild Type,,Wild Type,,,,Wild Type,,Wild Type,,Wild Type,,hinted_061404/rp061404_12_0001S.mov,hinted_061404_slug/rp061404p2_12.mov,rp061404_wavelet_jpeg/rp061404_12_w.jpg,conf,
061404_13,V31245,D1024,REMI,Wild Type,,Wild Type,,,,,,Wild Type,,Wild Type,,hinted_061404/rp061404_13_0001S.mov,hinted_061404_slug/rp061404p2_13.mov,rp061404_wavelet_jpeg/rp061404_13_w.jpg,conf,
061404_14,V31254,D1024,REMI,Wild Type,,Wild Type,,,,Wild Type,,Wild Type,,Wild Type,,hinted_061404/rp061404_14_0001S.mov,hinted_061404_slug/rp061404p2_14.mov,rp061404_wavelet_jpeg/rp061404_14_w.jpg,mid-low,
061404_15,V31251,D1024,REMI,,late,Wild Type,,,,,,Aberrant,,Wild Type,,hinted_061404/rp061404_15_0250S.mov,hinted_061404_slug/rp061404p2_15.mov,rp061404_wavelet_jpeg/rp061404_15_w.jpg,ab morph; low; small FB with almost no spore head; some glassy sori,
061404_16,V31260,D1024,REMI,,late,Undeterminable,,,,Aberrant,,Aberrant,,Wild Type,,hinted_061404/rp061404_16_0001S.mov,hinted_061404_slug/rp061404p2_16.mov,rp061404_wavelet_jpeg/rp061404_16_w.jpg,ab morph; mid-low; small fat slugs; many arrested at slug stage,
061404_17,V31257,D1024,REMI,Wild Type,,Wild Type,,,,,,Wild Type,,Wild Type,,hinted_061404/rp061404_17_0100S.mov,hinted_061404_slug/rp061404p2_17.mov,rp061404_wavelet_jpeg/rp061404_17_w.jpg,ab morph; mid-low,
061404_18,V31075,,REMI,Wild Type,,Wild Type,,,,Wild Type,,Wild Type,,Wild Type,,hinted_061404/rp061404_18_0001S.mov,hinted_061404_slug/rp061404p2_18.mov,rp061404_wavelet_jpeg/rp061404_18_w.jpg,,
061404_19,V31027,,REMI,Wild Type,,Wild Type,,,,Wild Type,,Wild Type,,Wild Type,,hinted_061404/rp061404_19_0001S.mov,hinted_061404_slug/rp061404p2_19.mov,rp061404_wavelet_jpeg/rp061404_19_w.jpg,conf,
061404_20,V31243,D1024,REMI,Wild Type,,Wild Type,,,,Wild Type,,Wild Type,,Wild Type,,hinted_061404/rp061404_20_0001S.mov,hinted_061404_slug/rp061404p2_20.mov,rp061404_wavelet_jpeg/rp061404_20_w.jpg,conf,
061404_21,V31239,D1024,REMI,Wild Type,,Wild Type,,,,Wild Type,,Wild Type,,Wild Type,,hinted_061404/rp061404_21_0001S.mov,hinted_061404_slug/rp061404p2_21.mov,rp061404_wavelet_jpeg/rp061404_21_w.jpg,conf,
061404_22,V31249,D1024,REMI,Wild Type,,Wild Type,,,,Wild Type,,Wild Type,,Wild Type,,hinted_061404/rp061404_22_0001S.mov,hinted_061404_slug/rp061404p2_22.mov,rp061404_wavelet_jpeg/rp061404_22_w.jpg,,
061404_23,V31246,D1024,REMI,Undeterminable,,Undeterminable,,,,,,Wild Type,,Wild Type,,,hinted_061404_slug/rp061404p2_23.mov,rp061404_wavelet_jpeg/rp061404_23_w.jpg,ab morph; low,
061404_24,V31255,D1024,REMI,Aberrant,,Aberrant,,,,None,,Aberrant,,Wild Type,,hinted_061404/rp061404_24_0100S.mov,hinted_061404_slug/rp061404p2_24.mov,rp061404_wavelet_jpeg/rp061404_24_w.jpg,conf; small dense FBs,
061404_25,V31252,D1024,REMI,Wild Type,,Wild Type,,,,Wild Type,,Wild Type,,Wild Type,,hinted_061404/rp061404_25_0025S.mov,hinted_061404_slug/rp061404p2_25.mov,rp061404_wavelet_jpeg/rp061404_25_w.jpg,ab morph; mid-low,
061404_26,blank (V31261),D1024,REMI,,,,,,,,,Undeterminable,[Null],Undeterminable,,,hinted_061404_slug/rp061404p2_26.mov,rp061404_wavelet_jpeg/rp061404_26_w.jpg,,
061404_27,V31258,D1024,REMI,Wild Type,,Wild Type,,,,Wild Type,,Wild Type,,Wild Type,,hinted_061404/rp061404_27_0025S.mov,hinted_061404_slug/rp061404p2_27.mov,rp061404_wavelet_jpeg/rp061404_27_w.jpg,ab morph,
061404_28,V31082,,REMI,Wild Type,,Wild Type,,,,Wild Type,,Wild Type,,Wild Type,,hinted_061404/rp061404_28_0001S.mov,hinted_061404_slug/rp061404p2_28.mov,rp061404_wavelet_jpeg/rp061404_28_w.jpg,,
061404_29,V31043,,REMI,Wild Type,,Wild Type,,,,Aberrant,,None,,Wild Type,,hinted_061404/rp061404_29_0025S.mov,hinted_061404_slug/rp061404p2_29.mov,rp061404_wavelet_jpeg/rp061404_29_w.jpg,medium density; slugger no FB; many mound arrest too,
061704_00,V31265,D1024,REMI,Wild Type,,Wild Type,,,,Wild Type,,Wild Type,,Wild Type,,hinted_061704/rp061704_00_0025S.mov,hinted_061704_slug/rp061704p2_00.mov,rp061704_wavelet_jpeg/rp061704_00_w.jpg,,
061704_01,V31262,D1024,REMI,Wild Type,late,Wild Type,,,,,,Wild Type,,Wild Type,,hinted_061704/rp061704_01_0100S.mov,hinted_061704_slug/rp061704p2_01.mov,rp061704_wavelet_jpeg/rp061704_01_w.jpg,pol cell morph during axenic growth,
061404_00,V31241,D1024,REMI,Wild Type,,Wild Type,,,,Wild Type,,Wild Type,,Wild Type,,hinted_061404/rp061404_00_0001S.mov,hinted_061404_slug/rp061404p2_00.mov,rp061404_wavelet_jpeg/rp061404_00_w.jpg,,
061404_01,V31237,D1024,REMI,Wild Type,,Wild Type,,,,Wild Type,,Wild Type,,Wild Type,,hinted_061404/rp061404_01_0001S.mov,hinted_061404_slug/rp061404p2_01.mov,rp061404_wavelet_jpeg/rp061404_01_w.jpg,conf,
061404_02,V31247,D1024,REMI,Wild Type,,Wild Type,,,,Wild Type,,Wild Type,,Wild Type,,hinted_061404/rp061404_02_0001S.mov,hinted_061404_slug/rp061404p2_02.mov,rp061404_wavelet_jpeg/rp061404_02_w.jpg,conf,
061404_03,V31244,D1024,REMI,Wild Type,,Wild Type,,,,Wild Type,,Wild Type,,Wild Type,,hinted_061404/rp061404_03_0001S.mov,hinted_061404_slug/rp061404p2_03.mov,rp061404_wavelet_jpeg/rp061404_03_w.jpg,conf,
061404_04,V31253,D1024,REMI,Wild Type,,Wild Type,,,,Wild Type,,Wild Type,,Wild Type,,hinted_061404/rp061404_04_0025S.mov,hinted_061404_slug/rp061404p2_04.mov,rp061404_wavelet_jpeg/rp061404_04_w.jpg,,
061404_05,V31250,D1024,REMI,Wild Type,,Wild Type,,,,Wild Type,,Wild Type,,Wild Type,,hinted_061404/rp061404_05_0025S.mov,hinted_061404_slug/rp061404p2_05.mov,rp061404_wavelet_jpeg/rp061404_05_w.jpg,,
061404_06,V31259,D1024,REMI,Wild Type,,Wild Type,,,,Wild Type,,Wild Type,,Wild Type,,hinted_061404/rp061404_06_0025S.mov,hinted_061404_slug/rp061404p2_06.mov,rp061404_wavelet_jpeg/rp061404_06_w.jpg,conf,
061404_07,V31256,D1024,REMI,Wild Type,,Wild Type,,,,Wild Type,,Wild Type,,Wild Type,,hinted_061404/rp061404_07_0025S.mov,hinted_061404_slug/rp061404p2_07.mov,rp061404_wavelet_jpeg/rp061404_07_w.jpg,conf,
061404_08,V31049,,REMI,Wild Type,,Wild Type,,,,Wild Type,,Wild Type,,Wild Type,,hinted_061404/rp061404_08_0001S.mov,hinted_061404_slug/rp061404p2_08.mov,rp061404_wavelet_jpeg/rp061404_08_w.jpg,,
061404_09,V31025,,REMI,Wild Type,,Wild Type,,,,Wild Type,,Aberrant,,Wild Type,,hinted_061404/rp061404_09_0001S.mov,hinted_061404_slug/rp061404p2_09.mov,rp061404_wavelet_jpeg/rp061404_09_w.jpg,slugger almost no FB;slugs are elongated,
061704_02,V31271,D1024,REMI,Wild Type,,Wild Type,,,,Wild Type,,Wild Type,,Wild Type,,hinted_061704/rp061704_02_0001S.mov,hinted_061704_slug/rp061704p2_02.mov,rp061704_wavelet_jpeg/rp061704_02_w.jpg,conf,
061704_03,V31268,D1024,REMI,Undeterminable,,,,,,,,Wild Type,,Wild Type,,hinted_061704/rp061704_03_0300S.mov,hinted_061704_slug/rp061704p2_03.mov,rp061704_wavelet_jpeg/rp061704_03_w.jpg,pol cell morph; med-low density,
061704_04,V31277,D1024,REMI,Undeterminable,,Wild Type,,,,,,Aberrant,,Wild Type,,hinted_061704/rp061704_04_0250S.mov,hinted_061704_slug/rp061704p2_04.mov,rp061704_wavelet_jpeg/rp061704_04_w.jpg,pol cell morph; med-low density;small aberrant Fb with almost no sporehead; some with large sori; short ab stalk on agar,
061704_05,V31274,D1024,REMI,Wild Type,,Wild Type,,,,Wild Type,,Wild Type,,Wild Type,,hinted_061704/rp061704_05_0001S.mov,hinted_061704_slug/rp061704p2_05.mov,rp061704_wavelet_jpeg/rp061704_05_w.jpg,conf,
061704_06,V31283,D1024,REMI,Aberrant,late; amplitude,Aberrant,,,,,,Wild Type,,Wild Type,,hinted_061704/rp061704_06_0150S.mov,hinted_061704_slug/rp061704p2_06.mov,rp061704_wavelet_jpeg/rp061704_06_w.jpg,pol cell morph,
061704_07,V31280,D1024,REMI,Wild Type,late,Wild Type,,,,,,Wild Type,,Wild Type,,hinted_061704/rp061704_07_0150S.mov,hinted_061704_slug/rp061704p2_07.mov,rp061704_wavelet_jpeg/rp061704_07_w.jpg,med-low density,
061704_08,V31151,,REMI,Undeterminable,,Undeterminable,,,,,,Wild Type,,Wild Type,,,hinted_061704_slug/rp061704p2_08.mov,rp061704_wavelet_jpeg/rp061704_08_w.jpg,low density,
061704_09,V31104,,REMI,Wild Type,,Wild Type,,,,Wild Type,,Wild Type,,Wild Type,,hinted_061704/rp061704_09_0001S.mov,hinted_061704_slug/rp061704p2_09.mov,rp061704_wavelet_jpeg/rp061704_09_w.jpg,,
061704_10,V31266,D1024,REMI,Undeterminable,,Wild Type,,,,,,Wild Type,,Wild Type,,hinted_061704/rp061704_10_0125S.mov,hinted_061704_slug/rp061704p2_10.mov,rp061704_wavelet_jpeg/rp061704_10_w.jpg,low density,
061704_11,V31263,D1024,REMI,Wild Type,,Wild Type,,,,Wild Type,,Wild Type,,Wild Type,,hinted_061704/rp061704_11_0025S.mov,hinted_061704_slug/rp061704p2_11.mov,rp061704_wavelet_jpeg/rp061704_11_w.jpg,,
061704_12,V31272,D1024,REMI,Wild Type,late,Wild Type,,,,,,Wild Type,,Wild Type,,hinted_061704/rp061704_12_0125S.mov,hinted_061704_slug/rp061704p2_12.mov,rp061704_wavelet_jpeg/rp061704_12_w.jpg,pol cell morph; med density,
061704_13,V31269,D1024,REMI,Wild Type,,Wild Type,,,,Wild Type,,Wild Type,,Wild Type,,hinted_061704/rp061704_13_0100S.mov,hinted_061704_slug/rp061704p2_13.mov,rp061704_wavelet_jpeg/rp061704_13_w.jpg,,
061704_14,V31278,D1024,REMI,Wild Type,,Wild Type,,,,Wild Type,,Wild Type,,Wild Type,,hinted_061704/rp061704_14_0001S.mov,hinted_061704_slug/rp061704p2_14.mov,rp061704_wavelet_jpeg/rp061704_14_w.jpg,conf,
061704_15,V31275,D1024,REMI,Wild Type,late,Undeterminable,,,,,,Wild Type,,Wild Type,,hinted_061704/rp061704_15_0200S.mov,hinted_061704_slug/rp061704p2_15.mov,rp061704_wavelet_jpeg/rp061704_15_w.jpg,pol cell morph; med-low density,
061704_16,V31284,D1024,REMI,Undeterminable,late,Undeterminable,,,,,,Wild Type,,Wild Type,,hinted_061704/rp061704_16_0400S.mov,hinted_061704_slug/rp061704p2_16.mov,rp061704_wavelet_jpeg/rp061704_16_w.jpg,pol cell morph; med-low density,
061704_17,V31281,D1024,REMI,Aberrant,local slow pulsing,Aberrant,,,,Wild Type,,Wild Type,,Wild Type,,hinted_061704/rp061704_17_0025S.mov,hinted_061704_slug/rp061704p2_17.mov,rp061704_wavelet_jpeg/rp061704_17_w.jpg,conf,
061704_18,V31161,,REMI,Wild Type,,Wild Type,,,,Wild Type,,Wild Type,,Wild Type,,hinted_061704/rp061704_18_0050S.mov,hinted_061704_slug/rp061704p2_18.mov,rp061704_wavelet_jpeg/rp061704_18_w.jpg,medium density,
061704_19,V31111,,REMI,Wild Type,,Wild Type,,,,Wild Type,,Wild Type,,Wild Type,,hinted_061704/rp061704_19_0050S.mov,hinted_061704_slug/rp061704p2_19.mov,rp061704_wavelet_jpeg/rp061704_19_w.jpg,,
061704_20,V31267,D1024,REMI,Wild Type,,Wild Type,,,,,,Wild Type,,Wild Type,,hinted_061704/rp061704_20_0050S.mov,hinted_061704_slug/rp061704p2_20.mov,rp061704_wavelet_jpeg/rp061704_20_w.jpg,,
061704_21,V31264,D1024,REMI,Undeterminable,,Undeterminable,,,,,,Wild Type,,Wild Type,,,hinted_061704_slug/rp061704p2_21.mov,rp061704_wavelet_jpeg/rp061704_21_w.jpg,pol cell morph; low density,
061704_22,V31273,D1024,REMI,Wild Type,,Wild Type,,,,Wild Type,,Wild Type,,Wild Type,,hinted_061704/rp061704_22_0025S.mov,hinted_061704_slug/rp061704p2_22.mov,rp061704_wavelet_jpeg/rp061704_22_w.jpg,conf,
061704_23,V31270,D1024,REMI,Undeterminable,late,Undeterminable,,,,,,Wild Type,,Wild Type,,hinted_061704/rp061704_23_0325S.mov,hinted_061704_slug/rp061704p2_23.mov,rp061704_wavelet_jpeg/rp061704_23_w.jpg,pol cell morph; med-low density,
061704_24,V31279,D1024,REMI,Wild Type,late,Undeterminable,,,,,,Wild Type,,Wild Type,,hinted_061704/rp061704_24_0250S.mov,hinted_061704_slug/rp061704p2_24.mov,rp061704_wavelet_jpeg/rp061704_24_w.jpg,pol cell morph; med-low density,
061704_25,V31276,D1024,REMI,Wild Type,,Wild Type,,,,Wild Type,,Wild Type,,Wild Type,,hinted_061704/rp061704_25_0025S.mov,hinted_061704_slug/rp061704p2_25.mov,rp061704_wavelet_jpeg/rp061704_25_w.jpg,conf,
061704_26,V31285,D1024,REMI,Undeterminable,late,Undeterminable,,,,,,Wild Type,,Wild Type,,hinted_061704/rp061704_26_0350S.mov,hinted_061704_slug/rp061704p2_26.mov,rp061704_wavelet_jpeg/rp061704_26_w.jpg,pol cell morph; med density,
061704_27,V31282,D1024,REMI,Wild Type,,Wild Type,,,,,,Wild Type,,Wild Type,,hinted_061704/rp061704_27_0100S.mov,hinted_061704_slug/rp061704p2_27.mov,rp061704_wavelet_jpeg/rp061704_27_w.jpg,medium density,
061704_28,V31807,,REMI,Undeterminable,,Undeterminable,,,,Undeterminable,,Undeterminable,,None,,,hinted_061704_slug/rp061704p2_28.mov,rp061704_wavelet_jpeg/rp061704_28_w.jpg,cells fail to grow in axenic medium; cell death?,
061704_29,V31122,,REMI,Wild Type,,Wild Type,,,,Wild Type,,Wild Type,,Wild Type,,hinted_061704/rp061704_29_0025S.mov,hinted_061704_slug/rp061704p2_29.mov,rp061704_wavelet_jpeg/rp061704_29_w.jpg,conf,
062104_00,V31289,D1024,REMI,Wild Type,,Wild Type,,,,,,Wild Type,,Wild Type,,hinted_062104/rp062104_00_0025S.mov,hinted_062104_slug/rp062104p2_00.mov,rp062104_wavelet_jpeg/rp062104_00_w.jpg,,
062104_01,V31286,D1024,REMI,Undeterminable,,Wild Type,,,,,,Wild Type,,Wild Type,,hinted_062104/rp062104_01_0250S.mov,hinted_062104_slug/rp062104p2_01.mov,rp062104_wavelet_jpeg/rp062104_01_w.jpg,medium-low density,
062104_02,V31295,D1024,REMI,Wild Type,targets,Wild Type,,,,,,Wild Type,,Wild Type,,hinted_062104/rp062104_02_0050S.mov,hinted_062104_slug/rp062104p2_02.mov,rp062104_wavelet_jpeg/rp062104_02_w.jpg,,
062104_03,V31292,D1024,REMI,Wild Type,,Wild Type,,,,Wild Type,,Wild Type,,Wild Type,,hinted_062104/rp062104_03_0001S.mov,hinted_062104_slug/rp062104p2_03.mov,rp062104_wavelet_jpeg/rp062104_03_w.jpg,conf,
062104_04,V31306,D1025,REMI,Wild Type,,Wild Type,,,,,,Wild Type,,Wild Type,,hinted_062104/rp062104_04_0075S.mov,hinted_062104_slug/rp062104p2_04.mov,rp062104_wavelet_jpeg/rp062104_04_w.jpg,conf; slugger?,
062104_05,V31302,D1025,REMI,Wild Type,,Wild Type,,,,,,Wild Type,,Wild Type,,hinted_062104/rp062104_05_0001S.mov,hinted_062104_slug/rp062104p2_05.mov,rp062104_wavelet_jpeg/rp062104_05_w.jpg,conf,
062104_06,V31312,D1025,REMI,Wild Type,,Wild Type,,,,,,Wild Type,,Wild Type,,hinted_062104/rp062104_06_0001S.mov,hinted_062104_slug/rp062104p2_06.mov,rp062104_wavelet_jpeg/rp062104_06_w.jpg,conf,
062104_07,V31309,D1025,REMI,Wild Type,,Wild Type,,,,,,Wild Type,,Wild Type,,hinted_062104/rp062104_07_0001S.mov,hinted_062104_slug/rp062104p2_07.mov,rp062104_wavelet_jpeg/rp062104_07_w.jpg,,
062104_08,V31874,,REMI,Aberrant,,Aberrant,,,,,,Aberrant,,Wild Type,,hinted_062104/rp062104_08_0001S.mov,hinted_062104_slug/rp062104p2_08.mov,rp062104_wavelet_jpeg/rp062104_08_w.jpg,severely aberrant morph FB; no spore head; zig-zag stalk on agar,
062104_09,V31811,,REMI,Wild Type,,Wild Type,,,,Wild Type,,Aberrant,,Wild Type,,hinted_062104/rp062104_09_0075S.mov,hinted_062104_slug/rp062104p2_09.mov,rp062104_wavelet_jpeg/rp062104_09_w.jpg,conf; several flat circular masses of spores without apparent stalk in the vicinity otherwise normal FB,
062104_10,V31290,D1024,REMI,Undeterminable,,Wild Type,,,,,,Wild Type,,Wild Type,,hinted_062104/rp062104_10_0175S.mov,hinted_062104_slug/rp062104p2_10.mov,rp062104_wavelet_jpeg/rp062104_10_w.jpg,medium-low density,
062104_11,V31287,D1024,REMI,Undeterminable,,Wild Type,,,,,,Wild Type,,Wild Type,,hinted_062104/rp062104_11_0250S.mov,hinted_062104_slug/rp062104p2_11.mov,rp062104_wavelet_jpeg/rp062104_11_w.jpg,medium-low density,
062104_12,V31296,D1024,REMI,Undeterminable,,Undeterminable,,,,,,Wild Type,,Wild Type,,,hinted_062104_slug/rp062104p2_12.mov,rp062104_wavelet_jpeg/rp062104_12_w.jpg,low density,
062104_13,V31293,D1024,REMI,Undeterminable,,Wild Type,,,,,,Wild Type,,Wild Type,,hinted_062104/rp062104_13_0225S.mov,hinted_062104_slug/rp062104p2_13.mov,rp062104_wavelet_jpeg/rp062104_13_w.jpg,medium density,
062104_14,V31307,D1025,REMI,Undeterminable,,Undeterminable,,,,,,Wild Type,,Wild Type,,hinted_062104/rp062104_14_0475S.mov,hinted_062104_slug/rp062104p2_14.mov,rp062104_wavelet_jpeg/rp062104_14_w.jpg,low density; small FB,
062104_15,V31303,D1025,REMI,Aberrant,turbulent,Aberrant,,,,,,Wild Type,,Wild Type,,hinted_062104/rp062104_15_0100S.mov,hinted_062104_slug/rp062104p2_15.mov,rp062104_wavelet_jpeg/rp062104_15_w.jpg,dense med-small FB,
062104_16,V31313,D1025,REMI,Wild Type,,Wild Type,,,,,,Wild Type,,Wild Type,,hinted_062104/rp062104_16_0025S.mov,hinted_062104_slug/rp062104p2_16.mov,rp062104_wavelet_jpeg/rp062104_16_w.jpg,conf,
062104_17,V31310,D1025,REMI,Wild Type,,Wild Type,,,,,,Wild Type,,Wild Type,,hinted_062104/rp062104_17_0025S.mov,hinted_062104_slug/rp062104p2_17.mov,rp062104_wavelet_jpeg/rp062104_17_w.jpg,conf,
062104_18,V31894,,REMI,Wild Type,,Wild Type,,,,Wild Type,,Wild Type,,Wild Type,,hinted_062104/rp062104_18_0001S.mov,hinted_062104_slug/rp062104p2_18.mov,rp062104_wavelet_jpeg/rp062104_18_w.jpg,slugger?,
062104_19,V31817,,REMI,Wild Type,,Wild Type,,,,Wild Type,,Aberrant,,Wild Type,,hinted_062104/rp062104_19_0001S.mov,hinted_062104_slug/rp062104p2_19.mov,rp062104_wavelet_jpeg/rp062104_19_w.jpg,many FB with no stalk large spore head; those with a stalk fell down to the agar,
062104_20,V31291,D1024,REMI,Wild Type,,Wild Type,,,,Wild Type,,Wild Type,,Wild Type,,hinted_062104/rp062104_20_0001S.mov,hinted_062104_slug/rp062104p2_20.mov,rp062104_wavelet_jpeg/rp062104_20_w.jpg,conf,
062104_21,V31288,D1024,REMI,Undeterminable,,Undeterminable,,,,,,Undeterminable,,Wild Type,,,hinted_062104_slug/rp062104p2_21.mov,rp062104_wavelet_jpeg/rp062104_21_w.jpg,low density,
062104_22,V31301,D1025,REMI,Wild Type,,Wild Type,,,,,,Wild Type,,Wild Type,,hinted_062104/rp062104_22_0001S.mov,hinted_062104_slug/rp062104p2_22.mov,rp062104_wavelet_jpeg/rp062104_22_w.jpg,conf,
062104_23,V31294,D1024,REMI,Undeterminable,,Undeterminable,,,,,,Wild Type,,Undeterminable,,hinted_062104/rp062104_23_0475S.mov,hinted_062104_slug/rp062104p2_23.mov,rp062104_wavelet_jpeg/rp062104_23_w.jpg,low density,
062104_24,V31308,D1025,REMI,Wild Type,,Wild Type,,,,,,Wild Type,,Wild Type,,hinted_062104/rp062104_24_0001S.mov,hinted_062104_slug/rp062104p2_24.mov,rp062104_wavelet_jpeg/rp062104_24_w.jpg,,
062104_25,V31304,D1025,REMI,Wild Type,,Wild Type,,,,,,Wild Type,,Wild Type,,hinted_062104/rp062104_25_0001S.mov,hinted_062104_slug/rp062104p2_25.mov,rp062104_wavelet_jpeg/rp062104_25_w.jpg,,
062104_26,V31314,D1025,REMI,Wild Type,,Wild Type,,,,,,Wild Type,,Wild Type,,hinted_062104/rp062104_26_0050S.mov,hinted_062104_slug/rp062104p2_26.mov,rp062104_wavelet_jpeg/rp062104_26_w.jpg,,
062104_27,V31311,D1025,REMI,Wild Type,,Wild Type,,,,,,Wild Type,,Wild Type,,hinted_062104/rp062104_27_0001S.mov,hinted_062104_slug/rp062104p2_27.mov,rp062104_wavelet_jpeg/rp062104_27_w.jpg,,
062104_28,V31906,,REMI,Undeterminable,,Wild Type,,,,,,Wild Type,,Wild Type,,hinted_062104/rp062104_28_0250S.mov,hinted_062104_slug/rp062104p2_28.mov,rp062104_wavelet_jpeg/rp062104_28_w.jpg,medium-low density,
062104_29,V31853,,REMI,Aberrant,low amplitude,Wild Type,,,,,,Aberrant,,Wild Type,,hinted_062104/rp062104_29_0025S.mov,hinted_062104_slug/rp062104p2_29.mov,rp062104_wavelet_jpeg/rp062104_29_w.jpg,conf; many intertwining stalks not extending vertically,
062404_00,V31318,D1025,REMI,Aberrant,amplitude?,,,,,,,Wild Type,,Wild Type,,hinted_062404/rp062404_00_0100S.mov,hinted_062404_slug/rp062404p2_00.mov,rp062404_wavelet_jpeg/rp062404_00_w.jpg,conf,
062404_01,V31315,D1025,REMI,Undeterminable,,Undeterminable,,,,,,Aberrant,,Aberrant,,hinted_062404/rp062404_01_0475S.mov,hinted_062404_slug/rp062404p2_01.mov,rp062404_wavelet_jpeg/rp062404_01_w.jpg,poor growth cells are uniformly small; medium-low densitysmall FB with short stalk and glassy sporehead,
062404_02,V31324,D1025,REMI,Wild Type,,Wild Type,,,,,,Wild Type,,Wild Type,,hinted_062404/rp062404_02_0025S.mov,hinted_062404_slug/rp062404p2_02.mov,rp062404_wavelet_jpeg/rp062404_02_w.jpg,,
062404_03,V31321,D1025,REMI,Wild Type,amplitude?,Wild Type,,,,,,Wild Type,,Wild Type,,hinted_062404/rp062404_03_0100S.mov,hinted_062404_slug/rp062404p2_03.mov,rp062404_wavelet_jpeg/rp062404_03_w.jpg,,
062404_04,V31330,D1025,REMI,Wild Type,,Wild Type,,,,,,Wild Type,,Wild Type,,hinted_062404/rp062404_04_0025S.mov,hinted_062404_slug/rp062404p2_04.mov,rp062404_wavelet_jpeg/rp062404_04_w.jpg,conf,
062404_05,V31327,D1025,REMI,Wild Type,,Wild Type,,,,,,Wild Type,,Wild Type,,hinted_062404/rp062404_05_0075S.mov,hinted_062404_slug/rp062404p2_05.mov,rp062404_wavelet_jpeg/rp062404_05_w.jpg,,
062404_06,V31336,D1025,REMI,Wild Type,,Wild Type,,,,,,Wild Type,,Wild Type,,hinted_062404/rp062404_06_0025S.mov,hinted_062404_slug/rp062404p2_06.mov,rp062404_wavelet_jpeg/rp062404_06_w.jpg,conf,
062404_07,V31333,D1025,REMI,Wild Type,,Wild Type,,,,,,Wild Type,,Wild Type,,hinted_062404/rp062404_07_0001S.mov,hinted_062404_slug/rp062404p2_07.mov,rp062404_wavelet_jpeg/rp062404_07_w.jpg,conf,
062404_08,V31955,,REMI,Wild Type,,Wild Type,,,,,,Wild Type,,Wild Type,,hinted_062404/rp062404_08_0150S.mov,hinted_062404_slug/rp062404p2_08.mov,rp062404_wavelet_jpeg/rp062404_08_w.jpg,medium-low density,
062404_09,V31339,D1025,REMI,Wild Type,,Wild Type,,,,,,Wild Type,,Wild Type,,hinted_062404/rp062404_09_0025S.mov,hinted_062404_slug/rp062404p2_09.mov,rp062404_wavelet_jpeg/rp062404_09_w.jpg,conf,
062404_10,V31319,D1025,REMI,Wild Type,,Wild Type,,,,,,Wild Type,,Wild Type,,hinted_062404/rp062404_10_0001S.mov,hinted_062404_slug/rp062404p2_10.mov,rp062404_wavelet_jpeg/rp062404_10_w.jpg,conf,
062404_11,blank (V31316),,REMI,,,,,,,,,,,Undeterminable,,,,rp062404_wavelet_jpeg/rp062404_11_w.jpg,,
062404_12,V31325,D1025,REMI,Wild Type,,Wild Type,,,,,,Wild Type,,Wild Type,,hinted_062404/rp062404_12_0001S.mov,hinted_062404_slug/rp062404p2_12.mov,rp062404_wavelet_jpeg/rp062404_12_w.jpg,conf,
062404_13,V31322,D1025,REMI,Wild Type,,Wild Type,,,,,,Wild Type,,Wild Type,,hinted_062404/rp062404_13_0025S.mov,hinted_062404_slug/rp062404p2_13.mov,rp062404_wavelet_jpeg/rp062404_13_w.jpg,conf,
062404_14,V31331,D1025,REMI,Wild Type,,Wild Type,,,,,,Wild Type,,Wild Type,,hinted_062404/rp062404_14_0025S.mov,hinted_062404_slug/rp062404p2_14.mov,rp062404_wavelet_jpeg/rp062404_14_w.jpg,conf,
062404_15,V31328,D1025,REMI,Wild Type,,Wild Type,,,,,,Wild Type,,Wild Type,,hinted_062404/rp062404_15_0001S.mov,hinted_062404_slug/rp062404p2_15.mov,rp062404_wavelet_jpeg/rp062404_15_w.jpg,conf,
062404_16,V31337,D1025,REMI,Wild Type,,Wild Type,,,,,,Wild Type,,Wild Type,,hinted_062404/rp062404_16_0001S.mov,hinted_062404_slug/rp062404p2_16.mov,rp062404_wavelet_jpeg/rp062404_16_w.jpg,conf,
062404_17,V31334,D1025,REMI,Wild Type,,Wild Type,,,,,,Wild Type,,Wild Type,,hinted_062404/rp062404_17_0025S.mov,hinted_062404_slug/rp062404p2_17.mov,rp062404_wavelet_jpeg/rp062404_17_w.jpg,medium  density,
062404_18,V31970,,REMI,Wild Type,,Wild Type,,,,,,,,Wild Type,,hinted_062404/rp062404_18_0025S.mov,hinted_062404_slug/rp062404p2_18.mov,rp062404_wavelet_jpeg/rp062404_18_w.jpg,conf; some mound arrest,
062404_19,V31907,,REMI,Wild Type,,Wild Type,,,,,,Wild Type,,Wild Type,,hinted_062404/rp062404_19_0001S.mov,hinted_062404_slug/rp062404p2_19.mov,rp062404_wavelet_jpeg/rp062404_19_w.jpg,conf,
062404_20,V31320,D1025,REMI,Wild Type,,Wild Type,,,,,,Wild Type,,Wild Type,,hinted_062404/rp062404_20_0025S.mov,hinted_062404_slug/rp062404p2_20.mov,rp062404_wavelet_jpeg/rp062404_20_w.jpg,conf,
062404_21,V31317,D1025,REMI,Wild Type,,Wild Type,,,,,,Wild Type,,Wild Type,,hinted_062404/rp062404_21_0001S.mov,hinted_062404_slug/rp062404p2_21.mov,rp062404_wavelet_jpeg/rp062404_21_w.jpg,conf,
062404_22,V31326,D1025,REMI,Wild Type,,Wild Type,,,,,,Wild Type,,Wild Type,,hinted_062404/rp062404_22_0001S.mov,hinted_062404_slug/rp062404p2_22.mov,rp062404_wavelet_jpeg/rp062404_22_w.jpg,,
062404_23,V31323,D1025,REMI,Wild Type,,Wild Type,,,,,,Wild Type,,Wild Type,,hinted_062404/rp062404_23_0001S.mov,hinted_062404_slug/rp062404p2_23.mov,rp062404_wavelet_jpeg/rp062404_23_w.jpg,conf,
062404_24,V31332,D1025,REMI,Wild Type,,Wild Type,,,,,,Wild Type,,Wild Type,,hinted_062404/rp062404_24_0075S.mov,hinted_062404_slug/rp062404p2_24.mov,rp062404_wavelet_jpeg/rp062404_24_w.jpg,conf,
062404_25,V31329,D1025,REMI,Wild Type,,Wild Type,,,,,,Wild Type,,Wild Type,,hinted_062404/rp062404_25_0001S.mov,hinted_062404_slug/rp062404p2_25.mov,rp062404_wavelet_jpeg/rp062404_25_w.jpg,conf,
062404_26,V31338,D1025,REMI,Aberrant,"amplitude,  frequency",,,,,,,Wild Type,,Wild Type,,hinted_062404/rp062404_26_0100S.mov,hinted_062404_slug/rp062404p2_26.mov,rp062404_wavelet_jpeg/rp062404_26_w.jpg,conf,
062404_27,V31335,D1025,REMI,Wild Type,,Wild Type,,,,,,Wild Type,,Wild Type,,hinted_062404/rp062404_27_0050S.mov,hinted_062404_slug/rp062404p2_27.mov,rp062404_wavelet_jpeg/rp062404_27_w.jpg,conf,
062404_28,V31982,,REMI,Wild Type,,Wild Type,,,,,,Wild Type,,Wild Type,,hinted_062404/rp062404_28_0025S.mov,hinted_062404_slug/rp062404p2_28.mov,rp062404_wavelet_jpeg/rp062404_28_w.jpg,conf,
062404_29,V31941,,REMI,Wild Type,,Wild Type,,,,,,Aberrant,,Wild Type,,hinted_062404/rp062404_29_0100S.mov,hinted_062404_slug/rp062404p2_29.mov,rp062404_wavelet_jpeg/rp062404_29_w.jpg,conf; some FB culminating horizontaly,
062804_00,V31343,D1025,REMI,Wild Type,,Wild Type,,,,,,Wild Type,,Wild Type,,hinted_062804/rp062804_00_0001S.mov,hinted_062804_slug/rp062804p2_00.mov,rp062804_wavelet_jpeg/rp062804_00_w.jpg,conf,
062804_01,V31340,D1025,REMI,Wild Type,,Wild Type,,,,,,Wild Type,,Wild Type,,hinted_062804/rp062804_01_0001S.mov,hinted_062804_slug/rp062804p2_01.mov,rp062804_wavelet_jpeg/rp062804_01_w.jpg,conf,
062804_02,V31349,D1025,REMI,Wild Type,,Wild Type,,,,,,Wild Type,,Wild Type,,hinted_062804/rp062804_02_0001S.mov,hinted_062804_slug/rp062804p2_02.mov,rp062804_wavelet_jpeg/rp062804_02_w.jpg,,
062804_03,V31346,D1025,REMI,Wild Type,,Wild Type,,,,,,Wild Type,,Wild Type,,hinted_062804/rp062804_03_0025S.mov,hinted_062804_slug/rp062804p2_03.mov,rp062804_wavelet_jpeg/rp062804_03_w.jpg,conf,
062804_04,V31355,D1025,REMI,Wild Type,,Wild Type,,,,,,Wild Type,,Wild Type,,hinted_062804/rp062804_04_0001S.mov,hinted_062804_slug/rp062804p2_04.mov,rp062804_wavelet_jpeg/rp062804_04_w.jpg,,
062804_05,V31352,D1025,REMI,Wild Type,amplitude,Wild Type,,,,,,Wild Type,,Wild Type,,hinted_062804/rp062804_05_0050S.mov,hinted_062804_slug/rp062804p2_05.mov,rp062804_wavelet_jpeg/rp062804_05_w.jpg,,
062804_06,V31362,D1025,REMI,Wild Type,,Wild Type,,,,,,Wild Type,,Wild Type,,hinted_062804/rp062804_06_0001S.mov,hinted_062804_slug/rp062804p2_06.mov,rp062804_wavelet_jpeg/rp062804_06_w.jpg,,
062804_07,V31359,D1025,REMI,Wild Type,,Wild Type,,,,,,Wild Type,,Wild Type,,hinted_062804/rp062804_07_0001S.mov,hinted_062804_slug/rp062804p2_07.mov,rp062804_wavelet_jpeg/rp062804_07_w.jpg,conf,
062804_08,V31368,D1025,REMI,Wild Type,,Wild Type,,,,,,Wild Type,,Wild Type,,hinted_062804/rp062804_08_0001S.mov,hinted_062804_slug/rp062804p2_08.mov,rp062804_wavelet_jpeg/rp062804_08_w.jpg,conf,
062804_09,V31365,D1025,REMI,Wild Type,,Wild Type,,,,,,Wild Type,,Wild Type,,hinted_062804/rp062804_09_0001S.mov,hinted_062804_slug/rp062804p2_09.mov,rp062804_wavelet_jpeg/rp062804_09_w.jpg,,
062804_10,V31344,D1025,REMI,Wild Type,amplitude,Wild Type,,,,,,Wild Type,,Wild Type,,hinted_062804/rp062804_10_0025S.mov,hinted_062804_slug/rp062804p2_10.mov,rp062804_wavelet_jpeg/rp062804_10_w.jpg,mid-low,
062804_11,V31341,D1025,REMI,Wild Type,,Wild Type,,,,,,Wild Type,,Wild Type,,hinted_062804/rp062804_11_0025S.mov,hinted_062804_slug/rp062804p2_11.mov,rp062804_wavelet_jpeg/rp062804_11_w.jpg,mid-low,
062804_12,V31350,D1025,REMI,Wild Type,,Wild Type,,,,,,Wild Type,,Wild Type,,hinted_062804/rp062804_12_0001S.mov,hinted_062804_slug/rp062804p2_12.mov,rp062804_wavelet_jpeg/rp062804_12_w.jpg,,
062804_13,V31347,D1025,REMI,Wild Type,,Wild Type,,,,,,Aberrant,,Wild Type,,hinted_062804/rp062804_13_0025S.mov,hinted_062804_slug/rp062804p2_13.mov,rp062804_wavelet_jpeg/rp062804_13_w.jpg,glassy spore head FB otherwise WT,
062804_14,V31357,D1025,REMI,Wild Type,,Wild Type,,,,,,Wild Type,,Wild Type,,hinted_062804/rp062804_14_0050S.mov,hinted_062804_slug/rp062804p2_14.mov,rp062804_wavelet_jpeg/rp062804_14_w.jpg,mid-low,
062804_15,V31353,D1025,REMI,Wild Type,,Wild Type,,,,,,Wild Type,,Wild Type,,hinted_062804/rp062804_15_0025S.mov,hinted_062804_slug/rp062804p2_15.mov,rp062804_wavelet_jpeg/rp062804_15_w.jpg,conf,
062804_16,V31363,D1025,REMI,Wild Type,,Wild Type,,,,,,Wild Type,,Wild Type,,hinted_062804/rp062804_16_0001S.mov,hinted_062804_slug/rp062804p2_16.mov,rp062804_wavelet_jpeg/rp062804_16_w.jpg,,
062804_17,V31360,D1025,REMI,Wild Type,,Wild Type,,,,,,Aberrant,,Wild Type,,hinted_062804/rp062804_17_0001S.mov,hinted_062804_slug/rp062804p2_17.mov,rp062804_wavelet_jpeg/rp062804_17_w.jpg,somewhat larger sporehead; some sori have fallen to the substrum,
062804_18,V31369,D1025,REMI,Wild Type,,Wild Type,,,,,,Wild Type,,Wild Type,,hinted_062804/rp062804_18_0025S.mov,hinted_062804_slug/rp062804p2_18.mov,rp062804_wavelet_jpeg/rp062804_18_w.jpg,,
062804_19,V31366,D1025,REMI,Wild Type,,Wild Type,,,,,,Wild Type,,Wild Type,,hinted_062804/rp062804_19_0025S.mov,hinted_062804_slug/rp062804p2_19.mov,rp062804_wavelet_jpeg/rp062804_19_w.jpg,,
062804_20,V31345,D1025,REMI,Wild Type,,Wild Type,,,,,,Wild Type,,Wild Type,,hinted_062804/rp062804_20_0025S.mov,hinted_062804_slug/rp062804p2_20.mov,rp062804_wavelet_jpeg/rp062804_20_w.jpg,conf,
062804_21,V31342,D1025,REMI,Wild Type,,Wild Type,,,,,,Wild Type,,Wild Type,,hinted_062804/rp062804_21_0001S.mov,hinted_062804_slug/rp062804p2_21.mov,rp062804_wavelet_jpeg/rp062804_21_w.jpg,conf,
062804_22,V31351,D1025,REMI,Wild Type,,Wild Type,,,,,,Wild Type,,Wild Type,,hinted_062804/rp062804_22_0001S.mov,hinted_062804_slug/rp062804p2_22.mov,rp062804_wavelet_jpeg/rp062804_22_w.jpg,,
062804_23,V31348,D1025,REMI,Wild Type,,Wild Type,,,,,,Wild Type,,Wild Type,,hinted_062804/rp062804_23_0050S.mov,hinted_062804_slug/rp062804p2_23.mov,rp062804_wavelet_jpeg/rp062804_23_w.jpg,conf,
062804_24,V31358,D1025,REMI,Wild Type,,Wild Type,,,,,,Wild Type,,Wild Type,,hinted_062804/rp062804_24_0025S.mov,hinted_062804_slug/rp062804p2_24.mov,rp062804_wavelet_jpeg/rp062804_24_w.jpg,,
062804_25,V31354,D1025,REMI,Wild Type,,Wild Type,,,,,,Wild Type,,Wild Type,,hinted_062804/rp062804_25_0025S.mov,hinted_062804_slug/rp062804p2_25.mov,rp062804_wavelet_jpeg/rp062804_25_w.jpg,,
062804_26,V31364,D1025,REMI,Wild Type,,Wild Type,,,,,,Wild Type,,Wild Type,,hinted_062804/rp062804_26_0025S.mov,hinted_062804_slug/rp062804p2_26.mov,rp062804_wavelet_jpeg/rp062804_26_w.jpg,mid-low,
062804_27,V31361,D1025,REMI,Wild Type,,Wild Type,,,,,,Wild Type,,Wild Type,,hinted_062804/rp062804_27_0025S.mov,hinted_062804_slug/rp062804p2_27.mov,rp062804_wavelet_jpeg/rp062804_27_w.jpg,conf,
062804_28,V31370,D1025,REMI,Wild Type,,Wild Type,,,,,,Wild Type,,Wild Type,,hinted_062804/rp062804_28_0001S.mov,hinted_062804_slug/rp062804p2_28.mov,rp062804_wavelet_jpeg/rp062804_28_w.jpg,conf,
062804_29,V31367,D1025,REMI,Wild Type,,Wild Type,,,,,,Wild Type,,Wild Type,,hinted_062804/rp062804_29_0001S.mov,hinted_062804_slug/rp062804p2_29.mov,rp062804_wavelet_jpeg/rp062804_29_w.jpg,conf,
070104_00,V31374,D1025,REMI,Wild Type,,Wild Type,,,,,,Wild Type,,Wild Type,,hinted_070104/rp070104_00_0001S.mov,hinted_070104_slug/rp070104p2_00.mov,rp070104_wavelet_jpeg/rp070104_00_w.jpg,,
070104_01,V31371,D1025,REMI,Wild Type,,Wild Type,,,,,,Wild Type,,Wild Type,,hinted_070104/rp070104_01_0001S.mov,hinted_070104_slug/rp070104p2_01.mov,rp070104_wavelet_jpeg/rp070104_01_w.jpg,conf,
070104_02,AX3(Insall),(replaced V3138,,Undeterminable,,Undeterminable,,,,,,Undeterminable,,None,,,hinted_070104_slug/rp070104p2_02.mov,rp070104_wavelet_jpeg/rp070104_02_w.jpg,no growth,
070104_03,V31377,D1025,REMI,Wild Type,,Wild Type,,,,,,Wild Type,,Wild Type,,hinted_070104/rp070104_03_0001S.mov,hinted_070104_slug/rp070104p2_03.mov,rp070104_wavelet_jpeg/rp070104_03_w.jpg,,
070104_04,V31386,D1025,REMI,Aberrant,"noisy, extended",Aberrant,,,,,,Wild Type,,Wild Type,,hinted_070104/rp070104_04_0125S.mov,hinted_070104_slug/rp070104p2_04.mov,rp070104_wavelet_jpeg/rp070104_04_w.jpg,,
070104_05,V31383,D1025,REMI,Wild Type,,Wild Type,,,,,,Wild Type,,Wild Type,,hinted_070104/rp070104_05_0001S.mov,hinted_070104_slug/rp070104p2_05.mov,rp070104_wavelet_jpeg/rp070104_05_w.jpg,conf,
070104_06,V31394,D1025,REMI,Wild Type,,Wild Type,,,,,,Wild Type,,Wild Type,,hinted_070104/rp070104_06_0001S.mov,hinted_070104_slug/rp070104p2_06.mov,rp070104_wavelet_jpeg/rp070104_06_w.jpg,conf,
070104_07,V31390,D1025,REMI,Wild Type,,Wild Type,,,,,,Wild Type,,Wild Type,,hinted_070104/rp070104_07_0001S.mov,hinted_070104_slug/rp070104p2_07.mov,rp070104_wavelet_jpeg/rp070104_07_w.jpg,,
070104_08,V31428,D1026,REMI,Wild Type,,Wild Type,,,,,,Wild Type,,Wild Type,,hinted_070104/rp070104_08_0025S.mov,hinted_070104_slug/rp070104p2_08.mov,rp070104_wavelet_jpeg/rp070104_08_w.jpg,,
070104_09,V31425,D1026,REMI,Wild Type,,Wild Type,,,,,,Wild Type,,Wild Type,,hinted_070104/rp070104_09_0025S.mov,hinted_070104_slug/rp070104p2_09.mov,rp070104_wavelet_jpeg/rp070104_09_w.jpg,conf,
070104_10,V31375,D1025,REMI,Wild Type,,Wild Type,,,,,,Wild Type,,Wild Type,,hinted_070104/rp070104_10_0001S.mov,hinted_070104_slug/rp070104p2_10.mov,rp070104_wavelet_jpeg/rp070104_10_w.jpg,conf,
070104_11,V31372,D1025,REMI,Wild Type,,Wild Type,,,,,,Wild Type,,Wild Type,,hinted_070104/rp070104_11_0001S.mov,hinted_070104_slug/rp070104p2_11.mov,rp070104_wavelet_jpeg/rp070104_11_w.jpg,,
070104_12,V31381,D1025,REMI,Undeterminable,,Undeterminable,,,,,,Undeterminable,,Wild Type,,,hinted_070104_slug/rp070104p2_12.mov,rp070104_wavelet_jpeg/rp070104_12_w.jpg,ab morph during axenic growth small and highly polarized,
070104_13,V31378,D1025,REMI,Undeterminable,,Undeterminable,,,,,,Undeterminable,,Wild Type,,hinted_070104/rp070104_13_0475S.mov,hinted_070104_slug/rp070104p2_13.mov,rp070104_wavelet_jpeg/rp070104_13_w.jpg,low cell density; small FB with short stalk,
070104_14,V31387,D1025,REMI,Wild Type,,Wild Type,,,,,,Wild Type,,Wild Type,,hinted_070104/rp070104_14_0001S.mov,hinted_070104_slug/rp070104p2_14.mov,rp070104_wavelet_jpeg/rp070104_14_w.jpg,,
070104_15,V31384,D1025,REMI,Wild Type,,Wild Type,,,,,,Wild Type,,Wild Type,,hinted_070104/rp070104_15_0001S.mov,hinted_070104_slug/rp070104p2_15.mov,rp070104_wavelet_jpeg/rp070104_15_w.jpg,,
070104_16,V31396,D1025,REMI,Wild Type,,Wild Type,,,,,,Wild Type,,Wild Type,,hinted_070104/rp070104_16_0001S.mov,hinted_070104_slug/rp070104p2_16.mov,rp070104_wavelet_jpeg/rp070104_16_w.jpg,conf,
070104_17,V31391,D1025,REMI,Wild Type,,Wild Type,,,,,,Wild Type,,Wild Type,,hinted_070104/rp070104_17_0001S.mov,hinted_070104_slug/rp070104p2_17.mov,rp070104_wavelet_jpeg/rp070104_17_w.jpg,,
070104_18,V31429,D1026,REMI,Wild Type,,Wild Type,,,,,,Wild Type,,Wild Type,,hinted_070104/rp070104_18_0025S.mov,hinted_070104_slug/rp070104p2_18.mov,rp070104_wavelet_jpeg/rp070104_18_w.jpg,medium density,
070104_19,V31426,D1026,REMI,Wild Type,,Wild Type,,,,,,Wild Type,,Wild Type,,hinted_070104/rp070104_19_0025S.mov,hinted_070104_slug/rp070104p2_19.mov,rp070104_wavelet_jpeg/rp070104_19_w.jpg,,
070104_20,V31376,D1025,REMI,Wild Type,late,Wild Type,,,,,,Wild Type,,Wild Type,,hinted_070104/rp070104_20_0100S.mov,hinted_070104_slug/rp070104p2_20.mov,rp070104_wavelet_jpeg/rp070104_20_w.jpg,conf,
070104_21,V31373,D1025,REMI,Wild Type,,Wild Type,,,,,,Wild Type,,Wild Type,,hinted_070104/rp070104_21_0001S.mov,hinted_070104_slug/rp070104p2_21.mov,rp070104_wavelet_jpeg/rp070104_21_w.jpg,conf,
070104_22,V31382,D1025,REMI,Wild Type,,Wild Type,,,,,,Wild Type,,Wild Type,,hinted_070104/rp070104_22_0001S.mov,hinted_070104_slug/rp070104p2_22.mov,rp070104_wavelet_jpeg/rp070104_22_w.jpg,,
070104_23,pldC-/AX3,(replaced V3137,HR,Aberrant,"amplitude, frequency",Wild Type,,,,,,Aberrant,,Wild Type,,hinted_070104/rp070104_23_0050S.mov,hinted_070104_slug/rp070104p2_23.mov,rp070104_wavelet_jpeg/rp070104_23_w.jpg,conf; slightly large FB; glassy after 3days,
070104_24,V31389,D1025,REMI,Wild Type,,Wild Type,,,,,,Wild Type,,Wild Type,,hinted_070104/rp070104_24_0025S.mov,hinted_070104_slug/rp070104p2_24.mov,rp070104_wavelet_jpeg/rp070104_24_w.jpg,,
070104_25,V31385,D1025,REMI,Wild Type,,Wild Type,,,,,,Wild Type,,Wild Type,,hinted_070104/rp070104_25_0025S.mov,hinted_070104_slug/rp070104p2_25.mov,rp070104_wavelet_jpeg/rp070104_25_w.jpg,,
070104_26,V31424,D1026,REMI,Wild Type,,Wild Type,,,,,,Wild Type,,Wild Type,,hinted_070104/rp070104_26_0001S.mov,hinted_070104_slug/rp070104p2_26.mov,rp070104_wavelet_jpeg/rp070104_26_w.jpg,conf,
070104_27,V31393,D1025,REMI,Wild Type,,Wild Type,,,,,,Wild Type,,Wild Type,,hinted_070104/rp070104_27_0001S.mov,hinted_070104_slug/rp070104p2_27.mov,rp070104_wavelet_jpeg/rp070104_27_w.jpg,conf,
070104_28,V31430,D1026,REMI,Wild Type,,Wild Type,,,,,,Wild Type,,Wild Type,,hinted_070104/rp070104_28_0001S.mov,hinted_070104_slug/rp070104p2_28.mov,rp070104_wavelet_jpeg/rp070104_28_w.jpg,,
070104_29,V31427,D1026,REMI,Wild Type,late,Wild Type,,,,,,Wild Type,,Wild Type,,hinted_070104/rp070104_29_0100S.mov,hinted_070104_slug/rp070104p2_29.mov,rp070104_wavelet_jpeg/rp070104_29_w.jpg,medium-low density,
070604_00,V31434,D1026,REMI,Wild Type,,Wild Type,,,,,,Wild Type,,Wild Type,,hinted_070604/rp070604_00_0001S.mov,hinted_070604_slug/rp070604p2_00.mov,rp070604_wavelet_jpeg/rp070604_00_w.jpg,conf,
070604_01,V31431,D1026,REMI,Wild Type,,Wild Type,,,,,,Wild Type,,Wild Type,,hinted_070604/rp070604_01_0001S.mov,hinted_070604_slug/rp070604p2_01.mov,rp070604_wavelet_jpeg/rp070604_01_w.jpg,,
070604_02,V31440,D1026,REMI,Wild Type,late,Wild Type,,,,,,Wild Type,,Wild Type,,hinted_070604/rp070604_02_0100S.mov,hinted_070604_slug/rp070604p2_02.mov,rp070604_wavelet_jpeg/rp070604_02_w.jpg,conf,
070604_03,V31437,D1026,REMI,Wild Type,,Wild Type,,,,,,Wild Type,,Wild Type,,hinted_070604/rp070604_03_0001S.mov,hinted_070604_slug/rp070604p2_03.mov,rp070604_wavelet_jpeg/rp070604_03_w.jpg,conf,
070604_04,V31446,D1026,REMI,Wild Type,,Wild Type,,,,,,Wild Type,,Wild Type,,hinted_070604/rp070604_04_0001S.mov,hinted_070604_slug/rp070604p2_04.mov,rp070604_wavelet_jpeg/rp070604_04_w.jpg,conf,
070604_05,V31443,D1026,REMI,Wild Type,,Wild Type,,,,,,Wild Type,,Wild Type,,hinted_070604/rp070604_05_0001S.mov,hinted_070604_slug/rp070604p2_05.mov,rp070604_wavelet_jpeg/rp070604_05_w.jpg,conf,
070604_06,V31452,D1026,REMI,Wild Type,,Wild Type,,,,,,Wild Type,,Wild Type,,hinted_070604/rp070604_06_0025S.mov,hinted_070604_slug/rp070604p2_06.mov,rp070604_wavelet_jpeg/rp070604_06_w.jpg,conf,
070604_07,V31449,D1026,REMI,Wild Type,,Wild Type,,,,,,Wild Type,,Wild Type,,hinted_070604/rp070604_07_0001S.mov,hinted_070604_slug/rp070604p2_07.mov,rp070604_wavelet_jpeg/rp070604_07_w.jpg,conf,
070604_08,V31458,D1026,REMI,Wild Type,,Wild Type,,,,,,Wild Type,,Wild Type,,hinted_070604/rp070604_08_0001S.mov,hinted_070604_slug/rp070604p2_08.mov,rp070604_wavelet_jpeg/rp070604_08_w.jpg,conf,
070604_09,V31455,D1026,REMI,Wild Type,,Wild Type,,,,,,Wild Type,,Wild Type,,hinted_070604/rp070604_09_0001S.mov,hinted_070604_slug/rp070604p2_09.mov,rp070604_wavelet_jpeg/rp070604_09_w.jpg,conf,
070604_10,V31435,D1026,REMI,Wild Type,,Wild Type,,,,,,Wild Type,,Wild Type,,hinted_070604/rp070604_10_0001S.mov,hinted_070604_slug/rp070604p2_10.mov,rp070604_wavelet_jpeg/rp070604_10_w.jpg,conf,
070604_11,V31432,D1026,REMI,Aberrant,large territory,Wild Type,,,,,,Aberrant,,Wild Type,,hinted_070604/rp070604_11_0025S.mov,hinted_070604_slug/rp070604p2_11.mov,rp070604_wavelet_jpeg/rp070604_11_w.jpg,"ab FB with short stalk and large glassy spore head ",
070604_12,V31441,D1026,REMI,Wild Type,,Wild Type,,,,,,Wild Type,,Wild Type,,hinted_070604/rp070604_12_0001S.mov,hinted_070604_slug/rp070604p2_12.mov,rp070604_wavelet_jpeg/rp070604_12_w.jpg,,
070604_13,V31438,D1026,REMI,Wild Type,,Wild Type,,,,,,Wild Type,,Wild Type,,hinted_070604/rp070604_13_0001S.mov,hinted_070604_slug/rp070604p2_13.mov,rp070604_wavelet_jpeg/rp070604_13_w.jpg,,
070604_14,V31447,D1026,REMI,Wild Type,,Wild Type,,,,,,Wild Type,,Wild Type,,hinted_070604/rp070604_14_0001S.mov,hinted_070604_slug/rp070604p2_14.mov,rp070604_wavelet_jpeg/rp070604_14_w.jpg,conf,
070604_15,V31444,D1026,REMI,Wild Type,,Wild Type,,,,,,Wild Type,,Wild Type,,hinted_070604/rp070604_15_0001S.mov,hinted_070604_slug/rp070604p2_15.mov,rp070604_wavelet_jpeg/rp070604_15_w.jpg,conf,
070604_16,V31453,D1026,REMI,Wild Type,,Wild Type,,,,,,Wild Type,,Wild Type,,hinted_070604/rp070604_16_0025S.mov,hinted_070604_slug/rp070604p2_16.mov,rp070604_wavelet_jpeg/rp070604_16_w.jpg,some bacteria left,
070604_17,V31450,D1026,REMI,Wild Type,amplitude,Wild Type,,,,,,Wild Type,,Wild Type,,hinted_070604/rp070604_17_0001S.mov,hinted_070604_slug/rp070604p2_17.mov,rp070604_wavelet_jpeg/rp070604_17_w.jpg,,
070604_18,V31459,D1026,REMI,Wild Type,,Wild Type,,,,,,Wild Type,,Wild Type,,hinted_070604/rp070604_18_0001S.mov,hinted_070604_slug/rp070604p2_18.mov,rp070604_wavelet_jpeg/rp070604_18_w.jpg,conf,
070604_19,V31456,D1026,REMI,Wild Type,,Wild Type,,,,,,Wild Type,,Wild Type,,hinted_070604/rp070604_19_0001S.mov,hinted_070604_slug/rp070604p2_19.mov,rp070604_wavelet_jpeg/rp070604_19_w.jpg,,
070604_20,V31436,D1026,REMI,Wild Type,,Wild Type,,,,,,Wild Type,,Wild Type,,hinted_070604/rp070604_20_0001S.mov,hinted_070604_slug/rp070604p2_20.mov,rp070604_wavelet_jpeg/rp070604_20_w.jpg,,
070604_21,V31433,D1026,REMI,Wild Type,,Wild Type,,,,,,Wild Type,,Wild Type,,hinted_070604/rp070604_21_0001S.mov,hinted_070604_slug/rp070604p2_21.mov,rp070604_wavelet_jpeg/rp070604_21_w.jpg,conf,
070604_22,V31442,D1026,REMI,Wild Type,,Wild Type,,,,,,Wild Type,,Wild Type,,hinted_070604/rp070604_22_0001S.mov,hinted_070604_slug/rp070604p2_22.mov,rp070604_wavelet_jpeg/rp070604_22_w.jpg,conf,
070604_23,V31439,D1026,REMI,Wild Type,,Wild Type,,,,,,Wild Type,,Wild Type,,hinted_070604/rp070604_23_0001S.mov,hinted_070604_slug/rp070604p2_23.mov,rp070604_wavelet_jpeg/rp070604_23_w.jpg,,
070604_24,V31448,D1026,REMI,Wild Type,,Wild Type,,,,,,Wild Type,,Wild Type,,hinted_070604/rp070604_24_0075S.mov,hinted_070604_slug/rp070604p2_24.mov,rp070604_wavelet_jpeg/rp070604_24_w.jpg,conf,
070604_25,V31445,D1026,REMI,Wild Type,,Wild Type,,,,,,Wild Type,,Wild Type,,hinted_070604/rp070604_25_0001S.mov,hinted_070604_slug/rp070604p2_25.mov,rp070604_wavelet_jpeg/rp070604_25_w.jpg,conf,
070604_26,V31454,D1026,REMI,Wild Type,,Wild Type,,,,,,Wild Type,,Wild Type,,hinted_070604/rp070604_26_0001S.mov,hinted_070604_slug/rp070604p2_26.mov,rp070604_wavelet_jpeg/rp070604_26_w.jpg,conf,
070604_27,V31451,D1026,REMI,Wild Type,,Wild Type,,,,,,Wild Type,,Wild Type,,hinted_070604/rp070604_27_0001S.mov,hinted_070604_slug/rp070604p2_27.mov,rp070604_wavelet_jpeg/rp070604_27_w.jpg,,
070604_28,V31460,D1026,REMI,Wild Type,,Wild Type,,,,,,Wild Type,,Wild Type,,hinted_070604/rp070604_28_0001S.mov,hinted_070604_slug/rp070604p2_28.mov,rp070604_wavelet_jpeg/rp070604_28_w.jpg,conf,
070604_29,V31457,D1026,REMI,Wild Type,,Wild Type,,,,,,Wild Type,,Wild Type,,hinted_070604/rp070604_29_0001S.mov,hinted_070604_slug/rp070604p2_29.mov,rp070604_wavelet_jpeg/rp070604_29_w.jpg,,
070904_00,V31464,D1026,REMI,Wild Type,,Wild Type,,,,,,Wild Type,,Wild Type,,hinted_070904/rp070904_00_0001S.mov,hinted_070904_slug/rp070904p2_00.mov,rp070904_wavelet_jpeg/rp070904_00_w.jpg,conf,
070904_01,V31461,D1026,REMI,Wild Type,,Wild Type,,,,,,Wild Type,,Wild Type,,hinted_070904/rp070904_01_0050S.mov,hinted_070904_slug/rp070904p2_01.mov,rp070904_wavelet_jpeg/rp070904_01_w.jpg,,
070904_02,V31470,D1026,REMI,Wild Type,,Wild Type,,,,,,Wild Type,,Wild Type,,hinted_070904/rp070904_02_0001S.mov,hinted_070904_slug/rp070904p2_02.mov,rp070904_wavelet_jpeg/rp070904_02_w.jpg,conf,
070904_03,V31467,D1026,REMI,Wild Type,,Wild Type,,,,,,Wild Type,,Wild Type,,hinted_070904/rp070904_03_0050S.mov,hinted_070904_slug/rp070904p2_03.mov,rp070904_wavelet_jpeg/rp070904_03_w.jpg,medium density,
070904_04,V31477,D1026,REMI,Undeterminable,late; large territory,Undeterminable,,,,,,Wild Type,,Wild Type,,hinted_070904/rp070904_04_0050S.mov,hinted_070904_slug/rp070904p2_04.mov,rp070904_wavelet_jpeg/rp070904_04_w.jpg,,
070904_05,V31473,D1026,REMI,Wild Type,,Wild Type,,,,,,Wild Type,,Wild Type,,hinted_070904/rp070904_05_0001S.mov,hinted_070904_slug/rp070904p2_05.mov,rp070904_wavelet_jpeg/rp070904_05_w.jpg,conf,
070904_06,V31483,D1026,REMI,Wild Type,,Wild Type,,,,,,Wild Type,,Wild Type,,hinted_070904/rp070904_06_0001S.mov,hinted_070904_slug/rp070904p2_06.mov,rp070904_wavelet_jpeg/rp070904_06_w.jpg,medium-high,
070904_07,V31480,D1026,REMI,Wild Type,,Wild Type,,,,,,Aberrant,,Wild Type,,hinted_070904/rp070904_07_0001S.mov,hinted_070904_slug/rp070904p2_07.mov,rp070904_wavelet_jpeg/rp070904_07_w.jpg,some aberrant FB with bent stalk or cell mass with globular deposit with stalk like struc,
070904_08,V31489,D1026,REMI,Wild Type,,Wild Type,,,,,,Wild Type,,Wild Type,,hinted_070904/rp070904_08_0001S.mov,hinted_070904_slug/rp070904p2_08.mov,rp070904_wavelet_jpeg/rp070904_08_w.jpg,,
070904_09,V31486,D1026,REMI,Wild Type,,Wild Type,,,,,,Wild Type,,Wild Type,,hinted_070904/rp070904_09_0001S.mov,hinted_070904_slug/rp070904p2_09.mov,rp070904_wavelet_jpeg/rp070904_09_w.jpg,conf,
070904_10,V31465,D1026,REMI,Wild Type,,Wild Type,,,,,,Wild Type,,Wild Type,,hinted_070904/rp070904_10_0001S.mov,hinted_070904_slug/rp070904p2_10.mov,rp070904_wavelet_jpeg/rp070904_10_w.jpg,,
070904_11,V31462,D1026,REMI,Wild Type,,Wild Type,,,,,,Wild Type,,Wild Type,,hinted_070904/rp070904_11_0001S.mov,hinted_070904_slug/rp070904p2_11.mov,rp070904_wavelet_jpeg/rp070904_11_w.jpg,,
070904_12,V31471,D1026,REMI,Wild Type,,Wild Type,,,,,,Wild Type,,Wild Type,,hinted_070904/rp070904_12_0001S.mov,hinted_070904_slug/rp070904p2_12.mov,rp070904_wavelet_jpeg/rp070904_12_w.jpg,,
070904_13,V31468,D1026,REMI,Wild Type,,Wild Type,,,,,,Wild Type,,Wild Type,,hinted_070904/rp070904_13_0025S.mov,hinted_070904_slug/rp070904p2_13.mov,rp070904_wavelet_jpeg/rp070904_13_w.jpg,,
070904_14,V31478,D1026,REMI,Wild Type,,Wild Type,,,,,,Wild Type,,Wild Type,,hinted_070904/rp070904_14_0025S.mov,hinted_070904_slug/rp070904p2_14.mov,rp070904_wavelet_jpeg/rp070904_14_w.jpg,medium-high,
070904_15,V31475,D1026,REMI,Wild Type,,Wild Type,,,,,,Aberrant,,Wild Type,,hinted_070904/rp070904_15_0001S.mov,hinted_070904_slug/rp070904p2_15.mov,rp070904_wavelet_jpeg/rp070904_15_w.jpg,conf; some mound arrest,
070904_16,V31484,D1026,REMI,Wild Type,,Wild Type,,,,,,Wild Type,,Wild Type,,hinted_070904/rp070904_16_0001S.mov,hinted_070904_slug/rp070904p2_16.mov,rp070904_wavelet_jpeg/rp070904_16_w.jpg,medium-high,
070904_17,V31481,D1026,REMI,Wild Type,,Wild Type,,,,,,Wild Type,,Wild Type,,hinted_070904/rp070904_17_0001S.mov,hinted_070904_slug/rp070904p2_17.mov,rp070904_wavelet_jpeg/rp070904_17_w.jpg,,
070904_18,V31490,D1026,REMI,Wild Type,,Wild Type,,,,,,Wild Type,,Wild Type,,hinted_070904/rp070904_18_0001S.mov,hinted_070904_slug/rp070904p2_18.mov,rp070904_wavelet_jpeg/rp070904_18_w.jpg,conf,
070904_19,V31487,D1026,REMI,Wild Type,,Wild Type,,,,,,Wild Type,,Wild Type,,hinted_070904/rp070904_19_0001S.mov,hinted_070904_slug/rp070904p2_19.mov,rp070904_wavelet_jpeg/rp070904_19_w.jpg,,
070904_20,V31466,D1026,REMI,Aberrant,local pulsing; uneven plating,,,,,,,Wild Type,,Wild Type,,hinted_070904/rp070904_20_0100S.mov,hinted_070904_slug/rp070904p2_20.mov,rp070904_wavelet_jpeg/rp070904_20_w.jpg,slightly aberrant cell morph during axenic growth,
070904_21,V31463,D1026,REMI,Wild Type,,Wild Type,,,,,,Wild Type,,Wild Type,,hinted_070904/rp070904_21_0001S.mov,hinted_070904_slug/rp070904p2_21.mov,rp070904_wavelet_jpeg/rp070904_21_w.jpg,conf,
070904_22,V31472,D1026,REMI,Wild Type,,Wild Type,,,,,,Wild Type,,Wild Type,,hinted_070904/rp070904_22_0001S.mov,hinted_070904_slug/rp070904p2_22.mov,rp070904_wavelet_jpeg/rp070904_22_w.jpg,conf,
070904_23,V31469,D1026,REMI,Wild Type,,Wild Type,,,,,,Wild Type,,Wild Type,,hinted_070904/rp070904_23_0001S.mov,hinted_070904_slug/rp070904p2_23.mov,rp070904_wavelet_jpeg/rp070904_23_w.jpg,conf,
070904_24,V31479,D1026,REMI,Wild Type,,Wild Type,,,,,,Wild Type,,Wild Type,,hinted_070904/rp070904_24_0025S.mov,hinted_070904_slug/rp070904p2_24.mov,rp070904_wavelet_jpeg/rp070904_24_w.jpg,conf,
070904_25,V31476,D1026,REMI,Wild Type,,Wild Type,,,,,,Wild Type,,Wild Type,,hinted_070904/rp070904_25_0025S.mov,hinted_070904_slug/rp070904p2_25.mov,rp070904_wavelet_jpeg/rp070904_25_w.jpg,conf,
070904_26,V31485,D1026,REMI,Wild Type,,Wild Type,,,,,,Wild Type,,Wild Type,,hinted_070904/rp070904_26_0001S.mov,hinted_070904_slug/rp070904p2_26.mov,rp070904_wavelet_jpeg/rp070904_26_w.jpg,,
070904_27,V31482,D1026,REMI,Wild Type,,Wild Type,,,,,,Wild Type,,Wild Type,,hinted_070904/rp070904_27_0025S.mov,hinted_070904_slug/rp070904p2_27.mov,rp070904_wavelet_jpeg/rp070904_27_w.jpg,,
070904_28,V31491,D1026,REMI,Wild Type,,Wild Type,,,,,,Wild Type,,Wild Type,,hinted_070904/rp070904_28_0001S.mov,hinted_070904_slug/rp070904p2_28.mov,rp070904_wavelet_jpeg/rp070904_28_w.jpg,,
070904_29,V31488,D1026,REMI,Wild Type,,Wild Type,,,,,,Wild Type,,Wild Type,,hinted_070904/rp070904_29_0001S.mov,hinted_070904_slug/rp070904p2_29.mov,rp070904_wavelet_jpeg/rp070904_29_w.jpg,,
071204_00,V31495,D1026,REMI,Wild Type,,Wild Type,,,,,,Wild Type,,Wild Type,,hinted_071204/rp071204_00_0001S.mov,hinted_071204_slug/rp071204p2_00.mov,rp071204_wavelet_jpeg/rp071204_00_w.jpg,conf,
071204_01,V31492,D1026,REMI,Wild Type,,Wild Type,,,,,,Wild Type,,Wild Type,,hinted_071204/rp071204_01_0001S.mov,hinted_071204_slug/rp071204p2_01.mov,rp071204_wavelet_jpeg/rp071204_01_w.jpg,,
071204_02,V31505,D1027,REMI,Wild Type,,Wild Type,,,,,,Wild Type,,Wild Type,,hinted_071204/rp071204_02_0001S.mov,hinted_071204_slug/rp071204p2_02.mov,rp071204_wavelet_jpeg/rp071204_02_w.jpg,conf,
071204_03,V31502,D1027,REMI,Wild Type,,Wild Type,,,,,,Wild Type,,Wild Type,,hinted_071204/rp071204_03_0001S.mov,hinted_071204_slug/rp071204p2_03.mov,rp071204_wavelet_jpeg/rp071204_03_w.jpg,,
071204_04,V31512,D1027,REMI,Wild Type,,Wild Type,,,,,,Wild Type,,Wild Type,,hinted_071204/rp071204_04_0001S.mov,hinted_071204_slug/rp071204p2_04.mov,rp071204_wavelet_jpeg/rp071204_04_w.jpg,,
071204_05,V31508,D1027,REMI,Wild Type,,Wild Type,,,,,,Wild Type,,Wild Type,,hinted_071204/rp071204_05_0001S.mov,hinted_071204_slug/rp071204p2_05.mov,rp071204_wavelet_jpeg/rp071204_05_w.jpg,,
071204_06,V31201,,REMI,Wild Type,,Wild Type,,,,,,Wild Type,,Wild Type,,hinted_071204/rp071204_06_0025S.mov,hinted_071204_slug/rp071204p2_06.mov,rp071204_wavelet_jpeg/rp071204_06_w.jpg,,
071204_07,V31184,,REMI,Wild Type,,Wild Type,,,,,,Wild Type,,Wild Type,,hinted_071204/rp071204_07_0050S.mov,hinted_071204_slug/rp071204p2_07.mov,rp071204_wavelet_jpeg/rp071204_07_w.jpg,medium-low density,
071204_08,V11062,,REMI,Undeterminable,late,Wild Type,,,,,,Wild Type,,Wild Type,,hinted_071204/rp071204_08_0200S.mov,hinted_071204_slug/rp071204p2_08.mov,rp071204_wavelet_jpeg/rp071204_08_w.jpg,aberrant pol morph medium-low density,
071204_09,V11040,,REMI,None,,None,,,,,,None,,Wild Type,,hinted_071204/rp071204_09_0300S.mov,hinted_071204_slug/rp071204p2_09.mov,rp071204_wavelet_jpeg/rp071204_09_w.jpg,conf,
071204_10,V31496,D1026,REMI,Wild Type,,Wild Type,,,,,,Wild Type,,Wild Type,,hinted_071204/rp071204_10_0001S.mov,hinted_071204_slug/rp071204p2_10.mov,rp071204_wavelet_jpeg/rp071204_10_w.jpg,conf,
071204_11,V31493,D1026,REMI,Wild Type,,Wild Type,,,,,,Wild Type,,Wild Type,,hinted_071204/rp071204_11_0001S.mov,hinted_071204_slug/rp071204p2_11.mov,rp071204_wavelet_jpeg/rp071204_11_w.jpg,conf,
071204_12,V31506,D1027,REMI,Wild Type,,Wild Type,,,,,,Wild Type,,Wild Type,,hinted_071204/rp071204_12_0001S.mov,hinted_071204_slug/rp071204p2_12.mov,rp071204_wavelet_jpeg/rp071204_12_w.jpg,conf,
071204_13,V31503,D1027,REMI,Wild Type,,Wild Type,,,,,,Aberrant,,Wild Type,,hinted_071204/rp071204_13_0001S.mov,hinted_071204_slug/rp071204p2_13.mov,rp071204_wavelet_jpeg/rp071204_13_w.jpg,mostly without sporehead regA- like,
071204_14,V31514,D1027,REMI,Wild Type,,Wild Type,,,,,,Wild Type,,Wild Type,,hinted_071204/rp071204_14_0001S.mov,hinted_071204_slug/rp071204p2_14.mov,rp071204_wavelet_jpeg/rp071204_14_w.jpg,,
071204_15,V31509,D1027,REMI,Wild Type,,Wild Type,,,,,,Wild Type,,Wild Type,,hinted_071204/rp071204_15_0025S.mov,hinted_071204_slug/rp071204p2_15.mov,rp071204_wavelet_jpeg/rp071204_15_w.jpg,conf,
071204_16,V31208,,REMI,Wild Type,,Wild Type,,,,,,Wild Type,,Wild Type,,hinted_071204/rp071204_16_0025S.mov,hinted_071204_slug/rp071204p2_16.mov,rp071204_wavelet_jpeg/rp071204_16_w.jpg,,
071204_17,V31185,,REMI,Wild Type,,Wild Type,,,,,,Wild Type,,Wild Type,,hinted_071204/rp071204_17_0025S.mov,hinted_071204_slug/rp071204p2_17.mov,rp071204_wavelet_jpeg/rp071204_17_w.jpg,,
071204_18,AX3 (Insall),,,Wild Type,agg timing is more similar to  DH1,Wild Type,,,,,,Wild Type,,Wild Type,,hinted_071204/rp071204_18_0001S.mov,hinted_071204_slug/rp071204p2_18.mov,rp071204_wavelet_jpeg/rp071204_18_w.jpg,conf; distinctly different FB; many stalk croded together; perhaps due to lack of slug formation?,
071204_19,V11048,,REMI,Undeterminable,late,Undeterminable,,,,,,Wild Type,,Wild Type,,hinted_071204/rp071204_19_0300S.mov,hinted_071204_slug/rp071204p2_19.mov,rp071204_wavelet_jpeg/rp071204_19_w.jpg,aberrant pol morph medium density,
071204_20,V31501,D1027,REMI,Aberrant,turbulent,Undeterminable,,,,,,Aberrant,,Wild Type,,hinted_071204/rp071204_20_0001S.mov,hinted_071204_slug/rp071204p2_20.mov,rp071204_wavelet_jpeg/rp071204_20_w.jpg,medium density; mostly without sporehead regA- like,
071204_21,V31494,D1026,REMI,Wild Type,,Wild Type,,,,,,Wild Type,,Wild Type,,hinted_071204/rp071204_21_0001S.mov,hinted_071204_slug/rp071204p2_21.mov,rp071204_wavelet_jpeg/rp071204_21_w.jpg,conf,
071204_22,V31507,D1027,REMI,Wild Type,,Wild Type,,,,,,Wild Type,,Wild Type,,hinted_071204/rp071204_22_0001S.mov,hinted_071204_slug/rp071204p2_22.mov,rp071204_wavelet_jpeg/rp071204_22_w.jpg,,
071204_23,V31504,D1027,REMI,Wild Type,,Wild Type,,,,,,Wild Type,,Wild Type,,hinted_071204/rp071204_23_0001S.mov,hinted_071204_slug/rp071204p2_23.mov,rp071204_wavelet_jpeg/rp071204_23_w.jpg,,
071204_24,V31515,D1027,REMI,Wild Type,,Wild Type,,,,,,Aberrant,,Wild Type,,hinted_071204/rp071204_24_0001S.mov,hinted_071204_slug/rp071204p2_24.mov,rp071204_wavelet_jpeg/rp071204_24_w.jpg,mostly without sporehead regA- like,
071204_25,V31510,D1027,REMI,Wild Type,,Wild Type,,,,,,Wild Type,,Wild Type,,hinted_071204/rp071204_25_0025S.mov,hinted_071204_slug/rp071204p2_25.mov,rp071204_wavelet_jpeg/rp071204_25_w.jpg,,
071204_26,V31989,,REMI,Undeterminable,late,Undeterminable,,,,,,Wild Type,,Wild Type,,hinted_071204/rp071204_26_0475S.mov,hinted_071204_slug/rp071204p2_26.mov,rp071204_wavelet_jpeg/rp071204_26_w.jpg,aberrant pol morph medium-low density,
071204_27,V31186 x (conta,,REMI,Undeterminable,,Wild Type,,,,,,Wild Type,,Wild Type,,hinted_071204/rp071204_27_0075S.mov,hinted_071204_slug/rp071204p2_27.mov,rp071204_wavelet_jpeg/rp071204_27_w.jpg,medium-low density,
071204_28,pldC-/AX3 (Insa,,HR,Wild Type,slightly large territories,Wild Type,,,,,,Wild Type,,Wild Type,,hinted_071204/rp071204_28_0075S.mov,hinted_071204_slug/rp071204p2_28.mov,rp071204_wavelet_jpeg/rp071204_28_w.jpg,medium density; FB similar to AX3,
071204_29,V11055,,REMI,Wild Type,,Wild Type,,,,,,Aberrant,,Aberrant,,hinted_071204/rp071204_29_0001S.mov,hinted_071204_slug/rp071204p2_29.mov,rp071204_wavelet_jpeg/rp071204_29_w.jpg,cells are slightly uniformly large?; medium density; slightly large sori many sporeheads have dropped to the agar,
071504_00,V31520,D1027,REMI,Wild Type,,Wild Type,,,,,,Wild Type,,Wild Type,,hinted_071504/rp071504_00_0001S.mov,hinted_071504_slug/rp071504p2_00.mov,rp071504_wavelet_jpeg/rp071504_00_w.jpg,,
071504_01,V31516,D1027,REMI,Wild Type,,Wild Type,,,,,,Wild Type,,Wild Type,,hinted_071504/rp071504_01_0001S.mov,hinted_071504_slug/rp071504p2_01.mov,rp071504_wavelet_jpeg/rp071504_01_w.jpg,,
071504_02,V31529,D1027,REMI,Wild Type,,Wild Type,,,,,,Wild Type,,Aberrant,,hinted_071504/rp071504_02_0001S.mov,hinted_071504_slug/rp071504p2_02.mov,rp071504_wavelet_jpeg/rp071504_02_w.jpg,some large cells during axenic growth,
071504_03,V31524,D1027,REMI,Wild Type,,Wild Type,,,,,,Wild Type,,Wild Type,,hinted_071504/rp071504_03_0001S.mov,hinted_071504_slug/rp071504p2_03.mov,rp071504_wavelet_jpeg/rp071504_03_w.jpg,conf,
071504_04,V31539,D1027,REMI,Wild Type,,Wild Type,,,,,,Wild Type,,Wild Type,,hinted_071504/rp071504_04_0025S.mov,hinted_071504_slug/rp071504p2_04.mov,rp071504_wavelet_jpeg/rp071504_04_w.jpg,flat ab morph during axenic growth,
071504_05,V31535,D1027,REMI,Wild Type,,Wild Type,,,,,,Wild Type,,Wild Type,,hinted_071504/rp071504_05_0025S.mov,hinted_071504_slug/rp071504p2_05.mov,rp071504_wavelet_jpeg/rp071504_05_w.jpg,,
071504_06,V31222,,REMI,Wild Type,,Wild Type,,,,Wild Type,,Wild Type,,Wild Type,,hinted_071504/rp071504_06_0025S.mov,hinted_071504_slug/rp071504p2_06.mov,rp071504_wavelet_jpeg/rp071504_06_w.jpg,medium-low density,
071504_07,V11069,,REMI,Wild Type,,,,,,,,Wild Type,,Wild Type,,hinted_071504/rp071504_07_0100S.mov,hinted_071504_slug/rp071504p2_07.mov,rp071504_wavelet_jpeg/rp071504_07_w.jpg,medium-low density,
071504_08,V31277,,REMI,Wild Type,,Wild Type,,,,Wild Type,,Wild Type,,Wild Type,,hinted_071504/rp071504_08_0001S.mov,hinted_071504_slug/rp071504p2_08.mov,rp071504_wavelet_jpeg/rp071504_08_w.jpg,,
071504_09,V31251,,REMI,Wild Type,,Wild Type,,,,Wild Type,,Wild Type,,Wild Type,,hinted_071504/rp071504_09_0001S.mov,hinted_071504_slug/rp071504p2_09.mov,rp071504_wavelet_jpeg/rp071504_09_w.jpg,conf,
071504_10,V31522,D1027,REMI,Wild Type,late,Wild Type,,,,,,Wild Type,,Wild Type,,hinted_071504/rp071504_10_0100S.mov,hinted_071504_slug/rp071504p2_10.mov,rp071504_wavelet_jpeg/rp071504_10_w.jpg,medium-low density,
071504_11,V31517,D1027,REMI,Wild Type,,Wild Type,,,,,,Wild Type,,Wild Type,,hinted_071504/rp071504_11_0001S.mov,hinted_071504_slug/rp071504p2_11.mov,rp071504_wavelet_jpeg/rp071504_11_w.jpg,conf; large sori (minor),
071504_12,V31530,D1027,REMI,Wild Type,,Wild Type,,,,,,Wild Type,,Wild Type,,hinted_071504/rp071504_12_0001S.mov,hinted_071504_slug/rp071504p2_12.mov,rp071504_wavelet_jpeg/rp071504_12_w.jpg,,
071504_13,V31526,D1027,REMI,Wild Type,,Wild Type,,,,,,Wild Type,,Wild Type,,hinted_071504/rp071504_13_0001S.mov,hinted_071504_slug/rp071504p2_13.mov,rp071504_wavelet_jpeg/rp071504_13_w.jpg,,
071504_14,V11052,,REMI,Undeterminable,late,Wild Type,,,,,,Wild Type,,Wild Type,,hinted_071504/rp071504_14_0275S.mov,hinted_071504_slug/rp071504p2_14.mov,rp071504_wavelet_jpeg/rp071504_14_w.jpg,low density; thin stalk,
071504_15,V31536,D1027,REMI,Wild Type,,Wild Type,,,,,,Wild Type,,Wild Type,,hinted_071504/rp071504_15_0025S.mov,hinted_071504_slug/rp071504p2_15.mov,rp071504_wavelet_jpeg/rp071504_15_w.jpg,,
071504_16,V31225,,REMI,Wild Type,,Wild Type,,,,,,Wild Type,,Wild Type,,hinted_071504/rp071504_16_0125S.mov,hinted_071504_slug/rp071504p2_16.mov,rp071504_wavelet_jpeg/rp071504_16_w.jpg,,
071504_17,V11072,,REMI,Wild Type,late,Wild Type,,,,,,Aberrant,,Wild Type,,hinted_071504/rp071504_17_0250S.mov,hinted_071504_slug/rp071504p2_17.mov,rp071504_wavelet_jpeg/rp071504_17_w.jpg,ab morph during axenic growth; medium-low density; aberrant FB with very short stalk and stalk-like struc on agar,
071504_18,V31281,,REMI,Undeterminable,,Wild Type,,,,Wild Type,,Wild Type,,Wild Type,,hinted_071504/rp071504_18_0100S.mov,hinted_071504_slug/rp071504p2_18.mov,rp071504_wavelet_jpeg/rp071504_18_w.jpg,unenven plating,
071504_19,V31255,,REMI,Aberrant,target; early breakup,Aberrant,,,,,,Aberrant,,Wild Type,,hinted_071504/rp071504_19_0001S.mov,hinted_071504_slug/rp071504p2_19.mov,rp071504_wavelet_jpeg/rp071504_19_w.jpg,medium-low density; some normal FB but most halted at mound,
071504_20,V31523,D1027,REMI,Undeterminable,,Undeterminable,,,,,,Aberrant,,Wild Type,,hinted_071504/rp071504_20_0250S.mov,hinted_071504_slug/rp071504p2_20.mov,rp071504_wavelet_jpeg/rp071504_20_w.jpg,medium-low density; ab FB (minor) small and many stalk on agar,
071504_21,V31518,D1027,REMI,Wild Type,,Wild Type,,,,,,Wild Type,,Wild Type,,hinted_071504/rp071504_21_0001S.mov,hinted_071504_slug/rp071504p2_21.mov,rp071504_wavelet_jpeg/rp071504_21_w.jpg,,
071504_22,V31531,D1027,REMI,Wild Type,late; large territory,Wild Type,,,,,,Wild Type,,Wild Type,,hinted_071504/rp071504_22_0100S.mov,hinted_071504_slug/rp071504p2_22.mov,rp071504_wavelet_jpeg/rp071504_22_w.jpg,ab morph during axenic growth; medium-low density,
071504_23,V31528,D1027,REMI,Wild Type,,Wild Type,,,,,,Aberrant,,Wild Type,,hinted_071504/rp071504_23_0050S.mov,hinted_071504_slug/rp071504p2_23.mov,rp071504_wavelet_jpeg/rp071504_23_w.jpg,medium-density; ab FB many stalk on agar,
071504_24,V11059,,REMI,Undeterminable,,Undeterminable,,,,,,Undeterminable,,Wild Type,,,hinted_071504_slug/rp071504p2_24.mov,rp071504_wavelet_jpeg/rp071504_24_w.jpg,low density,
071504_25,V31537,D1027,REMI,Wild Type,,Wild Type,,,,,,Wild Type,,Wild Type,,hinted_071504/rp071504_25_0025S.mov,hinted_071504_slug/rp071504p2_25.mov,rp071504_wavelet_jpeg/rp071504_25_w.jpg,,
071504_26,V31227,,REMI,Wild Type,,Wild Type,,,,Wild Type,,Wild Type,,Wild Type,,hinted_071504/rp071504_26_0001S.mov,hinted_071504_slug/rp071504p2_26.mov,rp071504_wavelet_jpeg/rp071504_26_w.jpg,,
071504_27,V11086,,REMI,Wild Type,,Wild Type,,,,Wild Type,,Wild Type,,Wild Type,,hinted_071504/rp071504_27_0050S.mov,hinted_071504_slug/rp071504p2_27.mov,rp071504_wavelet_jpeg/rp071504_27_w.jpg,medium densiy,
071504_28,V31283,,REMI,Wild Type,,Wild Type,,,,Wild Type,,Wild Type,,Wild Type,,hinted_071504/rp071504_28_0100S.mov,hinted_071504_slug/rp071504p2_28.mov,rp071504_wavelet_jpeg/rp071504_28_w.jpg,medium-low density,
071504_29,V31260,,REMI,Wild Type,,Wild Type,,,,Wild Type,,Wild Type,,Wild Type,,hinted_071504/rp071504_29_0100S.mov,hinted_071504_slug/rp071504p2_29.mov,rp071504_wavelet_jpeg/rp071504_29_w.jpg,medium-low density,
072204_00,V30604,,REMI,Aberrant,early breakup,Wild Type,,,,,,Aberrant,,Wild Type,,hinted_072204/rp072204_00_0075S.mov,hinted_072204_slug/rp072204p2_00.mov,rp072204_wavelet_jpeg/rp072204_00_w.jpg,conf; extremely small FB due to breakup,
072204_01,V31075,,REMI,Wild Type,weakly turbulent,Wild Type,,,,Wild Type,,Wild Type,,Wild Type,,hinted_072204/rp072204_01_0001S.mov,hinted_072204_slug/rp072204p2_01.mov,rp072204_wavelet_jpeg/rp072204_01_w.jpg,conf,
072204_02,V31186,,REMI,Wild Type,weakly turbulent,Wild Type,,,,Wild Type,,Wild Type,,Wild Type,,hinted_072204/rp072204_02_0001S.mov,hinted_072204_slug/rp072204p2_02.mov,rp072204_wavelet_jpeg/rp072204_02_w.jpg,conf,
072204_03,V31255,,REMI,Undeterminable,,Undeterminable,,,,Undeterminable,,Undeterminable,,Wild Type,,hinted_072204/rp072204_03_0475S.mov,hinted_072204_slug/rp072204p2_03.mov,rp072204_wavelet_jpeg/rp072204_03_w.jpg,low density,
072204_10,V30923,,REMI,Wild Type,turbulent,Wild Type,,,,Wild Type,,Wild Type,,Wild Type,,hinted_072204/rp072204_10_0001S.mov,hinted_072204_slug/rp072204p2_10.mov,rp072204_wavelet_jpeg/rp072204_10_w.jpg,,
072204_11,V31082,,REMI,Aberrant,turbulent; small territory,Wild Type,,,,Wild Type,,Aberrant,,Wild Type,,hinted_072204/rp072204_11_0001S.mov,hinted_072204_slug/rp072204p2_11.mov,rp072204_wavelet_jpeg/rp072204_11_w.jpg,conf; large sporehead and some mound arrest,
072204_12,V31853,,REMI,Aberrant,weak; asynchronous,Aberrant,,,,Undeterminable,,Aberrant,,Wild Type,,hinted_072204/rp072204_12_0050S.mov,hinted_072204_slug/rp072204p2_12.mov,rp072204_wavelet_jpeg/rp072204_12_w.jpg,conf; many intertwining stalk on agar,
072204_20,V30934,,REMI,Aberrant,weak; low frequency; targets,Wild Type,,,,Wild Type,,Wild Type,,Wild Type,,hinted_072204/rp072204_20_0075S.mov,hinted_072204_slug/rp072204p2_20.mov,rp072204_wavelet_jpeg/rp072204_20_w.jpg,conf,
072204_21,V31111,,REMI,Wild Type,,Wild Type,,,,Wild Type,,Wild Type,,Wild Type,,hinted_072204/rp072204_21_0001S.mov,hinted_072204_slug/rp072204p2_21.mov,rp072204_wavelet_jpeg/rp072204_21_w.jpg,conf,
072204_22,V31941,,REMI,Aberrant,weak,Aberrant,,,,Wild Type,,Wild Type,,Wild Type,,hinted_072204/rp072204_22_0100S.mov,hinted_072204_slug/rp072204p2_22.mov,rp072204_wavelet_jpeg/rp072204_22_w.jpg,conf,
090204_00,V31544,D1027,REMI,Wild Type,,Wild Type,,,,,,Wild Type,,Wild Type,,hinted_090204/rp090204_00_0001S.mov,hinted_090204_slug/rp090204p2_00.mov,rp090204_wavelet_jpeg/rp090204_00_w.jpg,,
090204_01,V31540,D1027,REMI,Wild Type,amplitude,Wild Type,,,,,,Wild Type,,Wild Type,,hinted_090204/rp090204_01_0025S.mov,hinted_090204_slug/rp090204p2_01.mov,rp090204_wavelet_jpeg/rp090204_01_w.jpg,,
090204_02,V31553,D1027,REMI,Wild Type,turbulent,Undeterminable,,,,,,Wild Type,,Wild Type,,hinted_090204/rp090204_02_0001S.mov,hinted_090204_slug/rp090204p2_02.mov,rp090204_wavelet_jpeg/rp090204_02_w.jpg,,
090204_03,V31548,D1027,REMI,Wild Type,,Wild Type,,,,,,Wild Type,,Wild Type,,hinted_090204/rp090204_03_0001S.mov,hinted_090204_slug/rp090204p2_03.mov,rp090204_wavelet_jpeg/rp090204_03_w.jpg,,
090204_04,V31560,D1027,REMI,Wild Type,,Wild Type,,,,,,Wild Type,,Wild Type,,hinted_090204/rp090204_04_0001S.mov,hinted_090204_slug/rp090204p2_04.mov,rp090204_wavelet_jpeg/rp090204_04_w.jpg,,
090204_05,V31557,D1027,REMI,Wild Type,,Wild Type,,,,,,Wild Type,,Wild Type,,hinted_090204/rp090204_05_0075S.mov,hinted_090204_slug/rp090204p2_05.mov,rp090204_wavelet_jpeg/rp090204_05_w.jpg,medium density,
090204_06,V31572,D1027,REMI,Wild Type,,Wild Type,,,,,,Wild Type,,Wild Type,,hinted_090204/rp090204_06_0025S.mov,hinted_090204_slug/rp090204p2_06.mov,rp090204_wavelet_jpeg/rp090204_06_w.jpg,,
090204_07,V31567,D1027,REMI,Wild Type,,Wild Type,,,,,,Wild Type,,Wild Type,,hinted_090204/rp090204_07_0001S.mov,hinted_090204_slug/rp090204p2_07.mov,rp090204_wavelet_jpeg/rp090204_07_w.jpg,,
090204_08,V31581,D1027,REMI,Wild Type,,Wild Type,,,,,,Wild Type,,Wild Type,,hinted_090204/rp090204_08_0025S.mov,hinted_090204_slug/rp090204p2_08.mov,rp090204_wavelet_jpeg/rp090204_08_w.jpg,,
090204_09,V31575,D1027,REMI,Wild Type,,Wild Type,,,,,,Wild Type,,Wild Type,,hinted_090204/rp090204_09_0001S.mov,hinted_090204_slug/rp090204p2_09.mov,rp090204_wavelet_jpeg/rp090204_09_w.jpg,,
090204_10,V31546,D1027,REMI,Wild Type,,Wild Type,,,,,,Wild Type,,Wild Type,,hinted_090204/rp090204_10_0001S.mov,hinted_090204_slug/rp090204p2_10.mov,rp090204_wavelet_jpeg/rp090204_10_w.jpg,,
090204_11,V31541,D1027,REMI,Wild Type,turbulent,Undeterminable,,,,,,Wild Type,,Wild Type,,hinted_090204/rp090204_11_0001S.mov,hinted_090204_slug/rp090204p2_11.mov,rp090204_wavelet_jpeg/rp090204_11_w.jpg,,
090204_12,V31554,D1027,REMI,Wild Type,,Wild Type,,,,,,Wild Type,,Wild Type,,hinted_090204/rp090204_12_0001S.mov,hinted_090204_slug/rp090204p2_12.mov,rp090204_wavelet_jpeg/rp090204_12_w.jpg,,
090204_13,V31551,D1027,REMI,Wild Type,,Wild Type,,,,,,Wild Type,,Wild Type,,hinted_090204/rp090204_13_0001S.mov,hinted_090204_slug/rp090204p2_13.mov,rp090204_wavelet_jpeg/rp090204_13_w.jpg,,
090204_14,V31562,D1027,REMI,Wild Type,,Wild Type,,,,,,Wild Type,,Wild Type,,hinted_090204/rp090204_14_0001S.mov,hinted_090204_slug/rp090204p2_14.mov,rp090204_wavelet_jpeg/rp090204_14_w.jpg,,
090204_15,V31558,D1027,REMI,Wild Type,turbulent,Wild Type,,,,,,Wild Type,,Wild Type,,hinted_090204/rp090204_15_0001S.mov,hinted_090204_slug/rp090204p2_15.mov,rp090204_wavelet_jpeg/rp090204_15_w.jpg,,
090204_16,V31573,D1027,REMI,Undeterminable,,Undeterminable,,,,,,Undeterminable,,Aberrant,,hinted_090204/rp090204_16_0450S.mov,hinted_090204_slug/rp090204p2_16.mov,rp090204_wavelet_jpeg/rp090204_16_w.jpg,poor growth in axenic medium; low plating density; partial FB,
090204_17,V31568,D1027,REMI,Wild Type,,Wild Type,,,,,,Aberrant,,Wild Type,,hinted_090204/rp090204_17_0001S.mov,hinted_090204_slug/rp090204p2_17.mov,rp090204_wavelet_jpeg/rp090204_17_w.jpg,FB with extremely short stalk and large sori,
090204_18,V31583,D1027,REMI,Wild Type,,Aberrant,,,,,,Wild Type,,Wild Type,,hinted_090204/rp090204_18_0001S.mov,hinted_090204_slug/rp090204p2_18.mov,rp090204_wavelet_jpeg/rp090204_18_w.jpg,streaming look different,
090204_19,V31577,D1027,REMI,Wild Type,,Wild Type,,,,,,Wild Type,,Wild Type,,hinted_090204/rp090204_19_0001S.mov,hinted_090204_slug/rp090204p2_19.mov,rp090204_wavelet_jpeg/rp090204_19_w.jpg,,
090204_20,V31547,D1027,REMI,Aberrant,,Aberrant,,,,,,Aberrant,,Aberrant,,hinted_090204/rp090204_20_0025S.mov,hinted_090204_slug/rp090204p2_20.mov,rp090204_wavelet_jpeg/rp090204_20_w.jpg,"cells are a bit round in shape during axenic growth; medium plating density; small FB and many dev arrest at mound ",
090204_21,V31542,D1027,REMI,Wild Type,,Wild Type,,,,,,Wild Type,,Wild Type,,hinted_090204/rp090204_21_0001S.mov,hinted_090204_slug/rp090204p2_21.mov,rp090204_wavelet_jpeg/rp090204_21_w.jpg,,
090204_22,V31555,D1027,REMI,Wild Type,,Wild Type,,,,,,Wild Type,,Wild Type,,hinted_090204/rp090204_22_0001S.mov,hinted_090204_slug/rp090204p2_22.mov,rp090204_wavelet_jpeg/rp090204_22_w.jpg,,
090204_23,V31552,D1027,REMI,Wild Type,late,Wild Type,,,,,,Wild Type,,Wild Type,,hinted_090204/rp090204_23_0125S.mov,hinted_090204_slug/rp090204p2_23.mov,rp090204_wavelet_jpeg/rp090204_23_w.jpg,medium plating density,
090204_24,V31565,D1027,REMI,Wild Type,,Wild Type,,,,,,Wild Type,,Wild Type,,hinted_090204/rp090204_24_0001S.mov,hinted_090204_slug/rp090204p2_24.mov,rp090204_wavelet_jpeg/rp090204_24_w.jpg,,
090204_25,V31559,D1027,REMI,Wild Type,,Wild Type,,,,,,Wild Type,,Wild Type,,hinted_090204/rp090204_25_0001S.mov,hinted_090204_slug/rp090204p2_25.mov,rp090204_wavelet_jpeg/rp090204_25_w.jpg,,
090204_26,V31574,D1027,REMI,Wild Type,,Wild Type,,,,,,Wild Type,,Wild Type,,hinted_090204/rp090204_26_0025S.mov,hinted_090204_slug/rp090204p2_26.mov,rp090204_wavelet_jpeg/rp090204_26_w.jpg,,
090204_27,V31570,D1027,REMI,Wild Type,,Wild Type,,,,,,Wild Type,,Wild Type,,hinted_090204/rp090204_27_0001S.mov,hinted_090204_slug/rp090204p2_27.mov,rp090204_wavelet_jpeg/rp090204_27_w.jpg,,
090204_28,V31584,D1027,REMI,Wild Type,,Wild Type,,,,,,Wild Type,,Wild Type,,hinted_090204/rp090204_28_0001S.mov,hinted_090204_slug/rp090204p2_28.mov,rp090204_wavelet_jpeg/rp090204_28_w.jpg,,
090204_29,V31578,D1027,REMI,Wild Type,,Wild Type,,,,,,Wild Type,,Wild Type,,hinted_090204/rp090204_29_0001S.mov,hinted_090204_slug/rp090204p2_29.mov,rp090204_wavelet_jpeg/rp090204_29_w.jpg,,
090704_00,V31591,D1027,REMI,Wild Type,,Wild Type,,,,Undeterminable,,Wild Type,,Wild Type,,hinted_090704/rp090704_00_0002S.mov,hinted_090704_slug/rp090704p2_00.mov,rp090704_wavelet_jpeg/rp090704_00_w.jpg,,
090704_01,V31587,D1027,REMI,Wild Type,,Wild Type,,,,Undeterminable,,Wild Type,,Wild Type,,hinted_090704/rp090704_01_0002S.mov,hinted_090704_slug/rp090704p2_01.mov,rp090704_wavelet_jpeg/rp090704_01_w.jpg,,
090704_02,V31605,D1028,REMI,Wild Type,,Wild Type,,,,Wild Type,,Wild Type,,Wild Type,,hinted_090704/rp090704_02_0002S.mov,hinted_090704_slug/rp090704p2_02.mov,rp090704_wavelet_jpeg/rp090704_02_w.jpg,,
090704_03,V31596,D1027,REMI,Wild Type,,Aberrant,,,,Undeterminable,,Wild Type,,Wild Type,,hinted_090704/rp090704_03_0002S.mov,hinted_090704_slug/rp090704p2_03.mov,rp090704_wavelet_jpeg/rp090704_03_w.jpg,cells are slightly larger uniformly during axenic growth;,
090704_04,V31611,D1028,REMI,Wild Type,,Wild Type,,,,Wild Type,,Wild Type,,Wild Type,,hinted_090704/rp090704_04_0002S.mov,hinted_090704_slug/rp090704p2_04.mov,rp090704_wavelet_jpeg/rp090704_04_w.jpg,some mound arrest,
090704_05,V31608,D1028,REMI,Wild Type,,Wild Type,,,,Wild Type,,Wild Type,,Wild Type,,hinted_090704/rp090704_05_0002S.mov,hinted_090704_slug/rp090704p2_05.mov,rp090704_wavelet_jpeg/rp090704_05_w.jpg,,
090704_06,V31618,D1028,REMI,Wild Type,,Wild Type,,,,Wild Type,,Wild Type,,Wild Type,,hinted_090704/rp090704_06_0002S.mov,hinted_090704_slug/rp090704p2_06.mov,rp090704_wavelet_jpeg/rp090704_06_w.jpg,,
090704_07,V31615,D1028,REMI,Wild Type,,Wild Type,,,,Wild Type,,Wild Type,,Wild Type,,hinted_090704/rp090704_07_0002S.mov,hinted_090704_slug/rp090704p2_07.mov,rp090704_wavelet_jpeg/rp090704_07_w.jpg,conf,
090704_08,V31624,D1028,REMI,,amplitude?,Wild Type,,,,Wild Type,,Wild Type,,Wild Type,,hinted_090704/rp090704_08_0002S.mov,hinted_090704_slug/rp090704p2_08.mov,rp090704_wavelet_jpeg/rp090704_08_w.jpg,conf,
090704_09,V31621,D1028,REMI,Wild Type,,Wild Type,,,,Wild Type,,Wild Type,,Wild Type,,hinted_090704/rp090704_09_0002S.mov,hinted_090704_slug/rp090704p2_09.mov,rp090704_wavelet_jpeg/rp090704_09_w.jpg,,
090704_10,V31594,D1027,REMI,Wild Type,,Wild Type,,,,Wild Type,,Wild Type,,Wild Type,,hinted_090704/rp090704_10_0002S.mov,hinted_090704_slug/rp090704p2_10.mov,rp090704_wavelet_jpeg/rp090704_10_w.jpg,,
090704_11,V31588,D1027,REMI,Wild Type,,Wild Type,,,,Wild Type,,Wild Type,,Wild Type,,hinted_090704/rp090704_11_0001S.mov,hinted_090704_slug/rp090704p2_11.mov,rp090704_wavelet_jpeg/rp090704_11_w.jpg,,
090704_12,V31606,D1028,REMI,Wild Type,,Wild Type,,,,Wild Type,,Wild Type,,Wild Type,,hinted_090704/rp090704_12_0001S.mov,hinted_090704_slug/rp090704p2_12.mov,rp090704_wavelet_jpeg/rp090704_12_w.jpg,,
090704_13,V31601,D1028,REMI,Wild Type,,Wild Type,,,,Wild Type,,Wild Type,,Wild Type,,hinted_090704/rp090704_13_0001S.mov,hinted_090704_slug/rp090704p2_13.mov,rp090704_wavelet_jpeg/rp090704_13_w.jpg,,
090704_14,V31612,D1028,REMI,Wild Type,,Wild Type,,,,Wild Type,,Wild Type,,Wild Type,,hinted_090704/rp090704_14_0001S.mov,hinted_090704_slug/rp090704p2_14.mov,rp090704_wavelet_jpeg/rp090704_14_w.jpg,,
090704_15,V31609,D1028,REMI,Wild Type,,Wild Type,,,,Wild Type,,Wild Type,,Wild Type,,hinted_090704/rp090704_15_0001S.mov,hinted_090704_slug/rp090704p2_15.mov,rp090704_wavelet_jpeg/rp090704_15_w.jpg,conf,
090704_16,V31619,D1028,REMI,Undeterminable,,Undeterminable,,,,Wild Type,,Aberrant,,Wild Type,,hinted_090704/rp090704_16_0150S.mov,hinted_090704_slug/rp090704p2_16.mov,rp090704_wavelet_jpeg/rp090704_16_w.jpg,conf; small thin stalk many on agar; some normal FBs,
090704_17,V31616,D1028,REMI,Wild Type,,Wild Type,,,,Wild Type,,Wild Type,,Wild Type,,hinted_090704/rp090704_17_0025S.mov,hinted_090704_slug/rp090704p2_17.mov,rp090704_wavelet_jpeg/rp090704_17_w.jpg,,
090704_18,V31625,D1028,REMI,Wild Type,,Wild Type,,,,Wild Type,,Wild Type,,Wild Type,,hinted_090704/rp090704_18_0025S.mov,hinted_090704_slug/rp090704p2_18.mov,rp090704_wavelet_jpeg/rp090704_18_w.jpg,bacteria contamination; cell aggregation and streaming are observed again 3 days after plating for this reason,
090704_19,V31622,D1028,REMI,Wild Type,,Wild Type,,,,Wild Type,,Wild Type,,Wild Type,,hinted_090704/rp090704_19_0025S.mov,hinted_090704_slug/rp090704p2_19.mov,rp090704_wavelet_jpeg/rp090704_19_w.jpg,,
090704_20,V31595,D1027,REMI,Wild Type,,Undeterminable,,,,Undeterminable,,Wild Type,,Wild Type,,hinted_090704/rp090704_20_0001S.mov,hinted_090704_slug/rp090704p2_20.mov,rp090704_wavelet_jpeg/rp090704_20_w.jpg,,
090704_21,V31590,D1027,REMI,Wild Type,,Undeterminable,,,,Undeterminable,,Wild Type,,Wild Type,,hinted_090704/rp090704_21_0001S.mov,hinted_090704_slug/rp090704p2_21.mov,rp090704_wavelet_jpeg/rp090704_21_w.jpg,,
090704_22,V31607,D1028,REMI,Wild Type,,Wild Type,,,,Wild Type,,Wild Type,,Wild Type,,hinted_090704/rp090704_22_0001S.mov,hinted_090704_slug/rp090704p2_22.mov,rp090704_wavelet_jpeg/rp090704_22_w.jpg,,
090704_23,V31602,D1028,REMI,Wild Type,,Wild Type,,,,Wild Type,,Wild Type,,Wild Type,,hinted_090704/rp090704_23_0001S.mov,hinted_090704_slug/rp090704p2_23.mov,rp090704_wavelet_jpeg/rp090704_23_w.jpg,some mound arrest,
090704_24,V31614,D1028,REMI,Undeterminable,late,Undeterminable,,,,Undeterminable,,Wild Type,,Wild Type,,hinted_090704/rp090704_24_0001S.mov,hinted_090704_slug/rp090704p2_24.mov,rp090704_wavelet_jpeg/rp090704_24_w.jpg,"aberrant polarized morph during axenic growth; medium-low density; ",
090704_25,V31610,D1028,REMI,Wild Type,,Wild Type,,,,,,Wild Type,,Wild Type,,hinted_090704/rp090704_25_0001S.mov,hinted_090704_slug/rp090704p2_25.mov,rp090704_wavelet_jpeg/rp090704_25_w.jpg,medium density; some mound arrest,
090704_26,V31620,D1028,REMI,Wild Type,,Wild Type,,,,Wild Type,,Wild Type,,Wild Type,,hinted_090704/rp090704_26_0001S.mov,hinted_090704_slug/rp090704p2_26.mov,rp090704_wavelet_jpeg/rp090704_26_w.jpg,,
090704_27,V31617,D1028,REMI,Wild Type,,Wild Type,,,,Wild Type,,Wild Type,,Wild Type,,hinted_090704/rp090704_27_0001S.mov,hinted_090704_slug/rp090704p2_27.mov,rp090704_wavelet_jpeg/rp090704_27_w.jpg,conf,
090704_28,V31626,D1028,REMI,Wild Type,,Wild Type,,,,Wild Type,,Wild Type,,Wild Type,,hinted_090704/rp090704_28_0001S.mov,hinted_090704_slug/rp090704p2_28.mov,rp090704_wavelet_jpeg/rp090704_28_w.jpg,conf,
090704_29,V31623,D1028,REMI,Wild Type,,Wild Type,,,,Wild Type,,Wild Type,,Wild Type,,hinted_090704/rp090704_29_0001S.mov,hinted_090704_slug/rp090704p2_29.mov,rp090704_wavelet_jpeg/rp090704_29_w.jpg,,
091004_00,V31636,D1028,REMI,Undeterminable,,Wild Type,,,,Wild Type,,Wild Type,,Wild Type,,hinted_091004/rp091004_00_0025S.mov,hinted_091004_slug/rp091004p2_00.mov,rp091004_wavelet_jpeg/rp091004_00_w.jpg,medium-low density,
091004_01,V31629,D1028,REMI,Undeterminable,,Wild Type,,,,Wild Type,,Wild Type,,Wild Type,,hinted_091004/rp091004_01_0025S.mov,hinted_091004_slug/rp091004p2_01.mov,rp091004_wavelet_jpeg/rp091004_01_w.jpg,medium-low density,
091004_02,V11092,,REMI,Undeterminable,late,Wild Type,,,,Wild Type,,Wild Type,,Wild Type,,hinted_091004/rp091004_02_0150S.mov,hinted_091004_slug/rp091004p2_02.mov,rp091004_wavelet_jpeg/rp091004_02_w.jpg,low density,
091004_03,V31645,D1028,REMI,Wild Type,,Wild Type,,,,Wild Type,,Wild Type,,Wild Type,,hinted_091004/rp091004_03_0050S.mov,hinted_091004_slug/rp091004p2_03.mov,rp091004_wavelet_jpeg/rp091004_03_w.jpg,,
091004_04,blank,,,,,,,,,,,,,Wild Type,,,hinted_091004_slug/rp091004p2_04.mov,,,
091004_05,blank,,,,,,,,,,,,,Wild Type,,,hinted_091004_slug/rp091004p2_05.mov,,,
091004_06,blank,,,,,,,,,,,,,Wild Type,,,hinted_091004_slug/rp091004p2_06.mov,,,
091004_07,blank,,,,,,,,,,,,,Wild Type,,,hinted_091004_slug/rp091004p2_07.mov,,,
091004_08,blank,,,,,,,,,,,,,Wild Type,,,hinted_091004_slug/rp091004p2_08.mov,,,
091004_09,blank,,,,,,,,,,,,,Wild Type,,,hinted_091004_slug/rp091004p2_09.mov,,,
091004_10,V31638,D1028,REMI,Wild Type,,Wild Type,,,,Wild Type,,Wild Type,,Wild Type,,hinted_091004/rp091004_10_0050S.mov,hinted_091004_slug/rp091004p2_10.mov,rp091004_wavelet_jpeg/rp091004_10_w.jpg,low density,
091004_11,V31630,D1028,REMI,Wild Type,,Wild Type,,,,Wild Type,,Wild Type,,Wild Type,,hinted_091004/rp091004_11_0050S.mov,hinted_091004_slug/rp091004p2_11.mov,rp091004_wavelet_jpeg/rp091004_11_w.jpg,contamination,
091004_12,blank,,,,,,,,,,,,,Wild Type,,,hinted_091004_slug/rp091004p2_12.mov,,,
091004_13,V31649,D1028,REMI,Wild Type,,Wild Type,,,,Wild Type,,Wild Type,,Wild Type,,hinted_091004/rp091004_13_0025S.mov,hinted_091004_slug/rp091004p2_13.mov,rp091004_wavelet_jpeg/rp091004_13_w.jpg,,
091004_14,blank,,,,,,,,,,,,,Wild Type,,,hinted_091004_slug/rp091004p2_14.mov,,,
091004_15,blank,,,,,,,,,,,,,Wild Type,,,hinted_091004_slug/rp091004p2_15.mov,,,
091004_16,blank,,,,,,,,,,,,,Wild Type,,,hinted_091004_slug/rp091004p2_16.mov,,,
091004_17,blank,,,,,,,,,,,,,Wild Type,,,hinted_091004_slug/rp091004p2_17.mov,,,
091004_18,blank,,,,,,,,,,,,,Wild Type,,,hinted_091004_slug/rp091004p2_18.mov,,,
091004_19,blank,,,,,,,,,,,,,Wild Type,,,hinted_091004_slug/rp091004p2_19.mov,,,
091004_20,V31639,D1028,REMI,Undeterminable,,Wild Type,,,,Undeterminable,,Aberrant,,Wild Type,,hinted_091004/rp091004_20_0050S.mov,hinted_091004_slug/rp091004p2_20.mov,rp091004_wavelet_jpeg/rp091004_20_w.jpg,medium-low density; contamination; aberrant stalk-like FB with no sporehead,
091004_21,V31634,D1028,REMI,Wild Type,,Wild Type,,,,Wild Type,,Wild Type,,Wild Type,,hinted_091004/rp091004_21_0050S.mov,hinted_091004_slug/rp091004p2_21.mov,rp091004_wavelet_jpeg/rp091004_21_w.jpg,contamination,
091004_22,blank,,,,,,,,,,,,,Wild Type,,,hinted_091004_slug/rp091004p2_22.mov,,,
091004_23,V31650,D1028,REMI,Wild Type,,Wild Type,,,,Wild Type,,Wild Type,,Wild Type,,hinted_091004/rp091004_23_0050S.mov,hinted_091004_slug/rp091004p2_23.mov,rp091004_wavelet_jpeg/rp091004_23_w.jpg,,
091004_24,blank,,,,,,,,,,,,,Wild Type,,,hinted_091004_slug/rp091004p2_24.mov,,,
091004_25,blank,,,,,,,,,,,,,Wild Type,,,hinted_091004_slug/rp091004p2_25.mov,,,
091004_26,blank,,,,,,,,,,,,,Wild Type,,,hinted_091004_slug/rp091004p2_26.mov,,,
091004_27,blank,,,,,,,,,,,,,Wild Type,,,hinted_091004_slug/rp091004p2_27.mov,,,
091004_28,blank,,,,,,,,,,,,,Wild Type,,,hinted_091004_slug/rp091004p2_28.mov,,,
091004_29,blank,,,,,,,,,,,,,Wild Type,,,hinted_091004_slug/rp091004p2_29.mov,,,
091604_00,V31655,D1028,REMI,Wild Type,,Wild Type,,,,Wild Type,,Wild Type,,Wild Type,,hinted_091604/rp091604_00_0001S.mov,hinted_091604_slug/rp091604p2_00.mov,rp091604_wavelet_jpeg/rp091604_00_w.jpg,,
091604_01,V31652,D1028,REMI,Wild Type,,Wild Type,,,,Wild Type,,Wild Type,,Wild Type,,hinted_091004/rp091004_01_0001S.mov,hinted_091604_slug/rp091604p2_01.mov,rp091604_wavelet_jpeg/rp091604_01_w.jpg,,
091604_02,V31661,D1028,REMI,Wild Type,,Wild Type,,,,Wild Type,,Wild Type,,Wild Type,,hinted_091604/rp091604_02_0001S.mov,hinted_091604_slug/rp091604p2_02.mov,rp091604_wavelet_jpeg/rp091604_02_w.jpg,,
091604_03,V31658,D1028,REMI,Wild Type,,Wild Type,,,,Wild Type,,Wild Type,,Wild Type,,hinted_091604/rp091604_03_0001S.mov,hinted_091604_slug/rp091604p2_03.mov,rp091604_wavelet_jpeg/rp091604_03_w.jpg,,
091604_04,V31667,D1028,REMI,Wild Type,,Wild Type,,,,Wild Type,,Wild Type,,Wild Type,,hinted_091604/rp091604_04_0001S.mov,hinted_091604_slug/rp091604p2_04.mov,rp091604_wavelet_jpeg/rp091604_04_w.jpg,med-density,
091604_05,V31664,D1028,REMI,Wild Type,,Wild Type,,,,Wild Type,,Wild Type,,Wild Type,,hinted_091604/rp091604_05_0025S.mov,hinted_091604_slug/rp091604p2_05.mov,rp091604_wavelet_jpeg/rp091604_05_w.jpg,med-density,
091604_06,V31673,D1028,REMI,Wild Type,,Wild Type,,,,Wild Type,,Wild Type,,Wild Type,,hinted_091604/rp091604_06_0075S.mov,hinted_091604_slug/rp091604p2_06.mov,rp091604_wavelet_jpeg/rp091604_06_w.jpg,med-density,
091604_07,V31670,D1028,REMI,Undeterminable,late,Undeterminable,,,,Wild Type,,Wild Type,,Wild Type,,hinted_091604/rp091604_07_0475S.mov,hinted_091604_slug/rp091604p2_07.mov,rp091604_wavelet_jpeg/rp091604_07_w.jpg,ab pol morph during axenic growth; low density,
091604_08,V30642,,REMI,Aberrant,large territory,Wild Type,,,,None,,None,,Wild Type,,hinted_091604/rp091604_08_0050S.mov,hinted_091604_slug/rp091604p2_08.mov,rp091604_wavelet_jpeg/rp091604_08_w.jpg,med-low density; developmental arrest during sreaming,
091604_09,V30230,,REMI,Aberrant,turbulent,Aberrant,,,,None,,None,,Wild Type,,hinted_091604/rp091604_09_0001S.mov,hinted_091604_slug/rp091604p2_09.mov,rp091604_wavelet_jpeg/rp091604_09_w.jpg,small aggregates; developmental arrest at the mound stage,
091604_10,V31656,D1028,REMI,Wild Type,,Wild Type,,,,Wild Type,,Wild Type,,Wild Type,,hinted_091604/rp091604_10_0025S.mov,hinted_091604_slug/rp091604p2_10.mov,rp091604_wavelet_jpeg/rp091604_10_w.jpg,med-density,
091604_11,V31653,D1028,REMI,Wild Type,,Wild Type,,,,Wild Type,,Wild Type,,Wild Type,,hinted_091604/rp091604_11_0050S.mov,hinted_091604_slug/rp091604p2_11.mov,rp091604_wavelet_jpeg/rp091604_11_w.jpg,med-low densiy,
091604_12,V31662,D1028,REMI,Wild Type,,Wild Type,,,,Wild Type,,Wild Type,,Wild Type,,hinted_091604/rp091604_12_0050S.mov,hinted_091604_slug/rp091604p2_12.mov,rp091604_wavelet_jpeg/rp091604_12_w.jpg,med-low densiy,
091604_13,V31659,D1028,REMI,Wild Type,,Wild Type,,,,Wild Type,,Wild Type,,Wild Type,,hinted_091604/rp091604_13_0025S.mov,hinted_091604_slug/rp091604p2_13.mov,rp091604_wavelet_jpeg/rp091604_13_w.jpg,med-density,
091604_14,V31668,D1028,REMI,Wild Type,,Wild Type,,,,Wild Type,,Wild Type,,Wild Type,,hinted_091604/rp091604_14_0025S.mov,hinted_091604_slug/rp091604p2_14.mov,rp091604_wavelet_jpeg/rp091604_14_w.jpg,med-low densiy,
091604_15,V31665,D1028,REMI,Wild Type,,Wild Type,,,,Wild Type,,Wild Type,,Wild Type,,hinted_091604/rp091604_15_0001S.mov,hinted_091604_slug/rp091604p2_15.mov,rp091604_wavelet_jpeg/rp091604_15_w.jpg,med-density,
091604_16,V31674,D1028,REMI,Wild Type,,Wild Type,,,,Wild Type,,Wild Type,,Wild Type,,hinted_091604/rp091604_16_0025S.mov,hinted_091604_slug/rp091604p2_16.mov,rp091604_wavelet_jpeg/rp091604_16_w.jpg,med-density,
091604_17,V31671,D1028,REMI,Wild Type,,Wild Type,,,,Wild Type,,Aberrant,,Wild Type,,hinted_091604/rp091604_17_0025S.mov,hinted_091604_slug/rp091604p2_17.mov,rp091604_wavelet_jpeg/rp091604_17_w.jpg,med-density; almost no FB; long stalk-like slug sheath? Struc covering all over the agar,
091604_18,V30673,,REMI,Aberrant,,Aberrant,,,,None,,Aberrant,,Wild Type,,hinted_091604/rp091604_18_0001S.mov,hinted_091604_slug/rp091604p2_18.mov,rp091604_wavelet_jpeg/rp091604_18_w.jpg,med-low density; small FB; many fail to lift off from agar,
091604_19,V30378,,REMI,Aberrant,large territory,Aberrant,,,,None,,Aberrant,,Wild Type,,hinted_091604/rp091604_19_0200S.mov,hinted_091604_slug/rp091604p2_19.mov,rp091604_wavelet_jpeg/rp091604_19_w.jpg,med density; weak stalk? Different length and direction,
091604_20,V31657,D1028,REMI,Undeterminable,,Wild Type,,,,Wild Type,,Wild Type,,Wild Type,,hinted_091604/rp091604_20_0150S.mov,hinted_091604_slug/rp091604p2_20.mov,rp091604_wavelet_jpeg/rp091604_20_w.jpg,med-low densiy,
091604_21,V31654,D1028,REMI,Wild Type,,Wild Type,,,,Wild Type,,Wild Type,,Wild Type,,hinted_091604/rp091604_21_0125S.mov,hinted_091604_slug/rp091604p2_21.mov,rp091604_wavelet_jpeg/rp091604_21_w.jpg,low density,
091604_22,V31663,D1028,REMI,Wild Type,,Wild Type,,,,Wild Type,,Wild Type,,Wild Type,,hinted_091604/rp091604_22_0025S.mov,hinted_091604_slug/rp091604p2_22.mov,rp091604_wavelet_jpeg/rp091604_22_w.jpg,med-low densiy,
091604_23,V31660,D1028,REMI,Wild Type,,Wild Type,,,,Wild Type,,Wild Type,,Wild Type,,hinted_091604/rp091604_23_0100S.mov,hinted_091604_slug/rp091604p2_23.mov,rp091604_wavelet_jpeg/rp091604_23_w.jpg,med-low densiy,
091604_24,blank,D1028,REMI,,,,,,,,,Wild Type,,Wild Type,,,hinted_091604_slug/rp091604p2_24.mov,rp091604_wavelet_jpeg/rp091604_24_w.jpg,,
091604_25,V31666,D1028,REMI,Wild Type,,Wild Type,,,,Wild Type,,Wild Type,,Wild Type,,hinted_091604/rp091604_25_0125S.mov,hinted_091604_slug/rp091604p2_25.mov,rp091604_wavelet_jpeg/rp091604_25_w.jpg,med-low densiy,
091604_26,V31675,D1028,REMI,Undeterminable,,Undeterminable,,,,Wild Type,,Wild Type,,Wild Type,,hinted_091604/rp091604_26_0200S.mov,hinted_091604_slug/rp091604p2_26.mov,rp091604_wavelet_jpeg/rp091604_26_w.jpg,low density,
091604_27,V31672,D1028,REMI,Undeterminable,,Wild Type,,,,Wild Type,,Wild Type,,Wild Type,,hinted_091604/rp091604_27_0125S.mov,hinted_091604_slug/rp091604p2_27.mov,rp091604_wavelet_jpeg/rp091604_27_w.jpg,med-low densiy,
091604_28,V30869,,REMI,,,Wild Type,,,,Wild Type,,Wild Type,,Wild Type,,hinted_091604/rp091604_28_0075S.mov,hinted_091604_slug/rp091604p2_28.mov,rp091604_wavelet_jpeg/rp091604_28_w.jpg,med density,
091604_29,V30427,,REMI,Undeterminable,,Undeterminable,,,,Undeterminable,,None,,Wild Type,,hinted_091604/rp091604_29_0475S.mov,hinted_091604_slug/rp091604p2_29.mov,rp091604_wavelet_jpeg/rp091604_29_w.jpg,"low density; some zig-zag stalk-like struc on agar ",
092004_00,V31630,,REMI,Wild Type,,Wild Type,,Wild Type,,Wild Type,,Wild Type,,Wild Type,,hinted_092004/rp092004_00_0001S.mov,hinted_092004_slug/rp092004p2_00.mov,rp092004_wavelet_jpeg/rp092004_00_w.jpg,,
092004_01,V31627,,REMI,Wild Type,,Wild Type,,Wild Type,,Wild Type,,Wild Type,,Wild Type,,hinted_092004/rp092004_01_0001S.mov,hinted_092004_slug/rp092004p2_01.mov,rp092004_wavelet_jpeg/rp092004_01_w.jpg,conf,
092004_02,V31636,,REMI,Wild Type,,Wild Type,,Wild Type,,Wild Type,,Wild Type,,Wild Type,,hinted_092004/rp092004_02_0001S.mov,hinted_092004_slug/rp092004p2_02.mov,rp092004_wavelet_jpeg/rp092004_02_w.jpg,,
092004_03,V31633,,REMI,Wild Type,,Wild Type,,Wild Type,,Wild Type,,Wild Type,,Wild Type,,hinted_092004/rp092004_03_0001S.mov,hinted_092004_slug/rp092004p2_03.mov,rp092004_wavelet_jpeg/rp092004_03_w.jpg,,
092004_04,V31642,,REMI,Wild Type,,Wild Type,,Wild Type,,Wild Type,,Wild Type,,Wild Type,,hinted_092004/rp092004_04_0025S.mov,hinted_092004_slug/rp092004p2_04.mov,rp092004_wavelet_jpeg/rp092004_04_w.jpg,conf,
092004_05,V31639,,REMI,Aberrant,weak,Wild Type,,Aberrant,,Aberrant,,Aberrant,,Wild Type,,hinted_092004/rp092004_05_0100S.mov,hinted_092004_slug/rp092004p2_05.mov,rp092004_wavelet_jpeg/rp092004_05_w.jpg,ring mound,
092004_06,V31649,,REMI,Wild Type,,Wild Type,,Wild Type,,Wild Type,,Aberrant,,Wild Type,,hinted_092004/rp092004_06_0025S.mov,hinted_092004_slug/rp092004p2_06.mov,rp092004_wavelet_jpeg/rp092004_06_w.jpg,,
092004_07,V31645,,REMI,Wild Type,,Wild Type,,Wild Type,,Wild Type,,Wild Type,,Wild Type,,hinted_092004/rp092004_07_0001S.mov,hinted_092004_slug/rp092004p2_07.mov,rp092004_wavelet_jpeg/rp092004_07_w.jpg,conf,
092004_08,V11072,,REMI,Aberrant,,Wild Type,,Wild Type,,Wild Type,,Aberrant,,Wild Type,,hinted_092004/rp092004_08_0100S.mov,hinted_092004_slug/rp092004p2_08.mov,rp092004_wavelet_jpeg/rp092004_08_w.jpg,medium density,
092004_09,V10185,,REMI,Undeterminable,,Undeterminable,,,,Wild Type,,Aberrant,,Wild Type,,hinted_092004/rp092004_09_0300S.mov,hinted_092004_slug/rp092004p2_09.mov,rp092004_wavelet_jpeg/rp092004_09_w.jpg,aberrant morph during axenic growth; low density,
092004_10,V31631 (blank),,,,,,,,,,,,,Wild Type,,,hinted_092004_slug/rp092004p2_10.mov,rp092004_wavelet_jpeg/rp092004_10_w.jpg,,
092004_11,V31628,,REMI,Wild Type,,Wild Type,,,,Wild Type,,Wild Type,,Wild Type,,hinted_092004/rp092004_11_0075S.mov,hinted_092004_slug/rp092004p2_11.mov,rp092004_wavelet_jpeg/rp092004_11_w.jpg,medium density,
092004_12,V31637 (blank),,,,,,,,,,,,,Wild Type,,,hinted_092004_slug/rp092004p2_12.mov,rp092004_wavelet_jpeg/rp092004_12_w.jpg,,
092004_13,V31634,,REMI,Wild Type,,Wild Type,,Wild Type,,Wild Type,,Wild Type,,Wild Type,,hinted_092004/rp092004_13_0025S.mov,hinted_092004_slug/rp092004p2_13.mov,rp092004_wavelet_jpeg/rp092004_13_w.jpg,,
092004_14,V31643,,REMI,Wild Type,,Wild Type,,,,Wild Type,,Wild Type,,Wild Type,,hinted_092004/rp092004_14_0001S.mov,hinted_092004_slug/rp092004p2_14.mov,rp092004_wavelet_jpeg/rp092004_14_w.jpg,conf; strongly phototactic,
092004_15,V31640 (blank),,,,,,,,,,,,,Wild Type,,,hinted_092004_slug/rp092004p2_15.mov,rp092004_wavelet_jpeg/rp092004_15_w.jpg,,
092004_16,V31650,,REMI,Wild Type,,Wild Type,,,,Aberrant,,Wild Type,,Wild Type,,hinted_092004/rp092004_16_0025S.mov,hinted_092004_slug/rp092004p2_16.mov,rp092004_wavelet_jpeg/rp092004_16_w.jpg,,
092004_17,V31646,,REMI,Wild Type,,Wild Type,,Wild Type,,Wild Type,,Wild Type,,Wild Type,,hinted_092004/rp092004_17_0001S.mov,hinted_092004_slug/rp092004p2_17.mov,rp092004_wavelet_jpeg/rp092004_17_w.jpg,conf; strongly phototactic,
092004_18,V11075,,REMI,Undeterminable,,Undeterminable,,,,Undeterminable,,Aberrant,,Wild Type,,hinted_092004/rp092004_18_0300S.mov,hinted_092004_slug/rp092004p2_18.mov,rp092004_wavelet_jpeg/rp092004_18_w.jpg,aberrant morph during axenic growth; med-low density,
092004_19,V11040,,REMI,None,,None,,,,None,,None,,Wild Type,,hinted_092004/rp092004_19_0350S.mov,hinted_092004_slug/rp092004p2_19.mov,rp092004_wavelet_jpeg/rp092004_19_w.jpg,conf,
092004_20,V31632,,REMI,Wild Type,,Wild Type,,Wild Type,,Wild Type,,Wild Type,,Wild Type,,hinted_092004/rp092004_20_0001S.mov,hinted_092004_slug/rp092004p2_20.mov,rp092004_wavelet_jpeg/rp092004_20_w.jpg,,
092004_21,V31629,,REMI,Wild Type,,Wild Type,,Wild Type,,Wild Type,,Wild Type,,Wild Type,,hinted_092004/rp092004_21_0001S.mov,hinted_092004_slug/rp092004p2_21.mov,rp092004_wavelet_jpeg/rp092004_21_w.jpg,conf,
092004_22,V31638,,REMI,Wild Type,,Wild Type,,Wild Type,,Wild Type,,Wild Type,,Wild Type,,hinted_092004/rp092004_22_0001S.mov,hinted_092004_slug/rp092004p2_22.mov,rp092004_wavelet_jpeg/rp092004_22_w.jpg,,
092004_23,V31635,,REMI,Wild Type,,Wild Type,,Wild Type,,Wild Type,,Wild Type,,Wild Type,,hinted_092004/rp092004_23_0025S.mov,hinted_092004_slug/rp092004p2_23.mov,rp092004_wavelet_jpeg/rp092004_23_w.jpg,,
092004_24,V31644,,REMI,Wild Type,,Wild Type,,Wild Type,,Wild Type,,Wild Type,,Wild Type,,hinted_092004/rp092004_24_0050S.mov,hinted_092004_slug/rp092004p2_24.mov,rp092004_wavelet_jpeg/rp092004_24_w.jpg,severely conf; strongly phototactic,
092004_25,V31641,,REMI,Wild Type,,Wild Type,,,,Wild Type,,Wild Type,,Wild Type,,hinted_092004/rp092004_25_0100S.mov,hinted_092004_slug/rp092004p2_25.mov,rp092004_wavelet_jpeg/rp092004_25_w.jpg,conf,
092004_26,V31651,,REMI,Wild Type,,Wild Type,,Wild Type,,Wild Type,,Wild Type,,Wild Type,,hinted_092004/rp092004_26_0025S.mov,hinted_092004_slug/rp092004p2_26.mov,rp092004_wavelet_jpeg/rp092004_26_w.jpg,conf,
092004_27,V31648,,REMI,Wild Type,,Wild Type,,Wild Type,,Wild Type,,Wild Type,,Wild Type,,hinted_092004/rp092004_27_0025S.mov,hinted_092004_slug/rp092004p2_27.mov,rp092004_wavelet_jpeg/rp092004_27_w.jpg,conf,
092004_28,V11092,,REMI,Aberrant,amplitude minor,Wild Type,,,,Wild Type,,Wild Type,,Wild Type,,hinted_092004/rp092004_28_0025S.mov,hinted_092004_slug/rp092004p2_28.mov,rp092004_wavelet_jpeg/rp092004_28_w.jpg,,
092004_29,V11062,,REMI,Wild Type,,Wild Type,,,,Wild Type,,Wild Type,,Wild Type,,hinted_092004/rp092004_29_0050S.mov,hinted_092004_slug/rp092004p2_29.mov,rp092004_wavelet_jpeg/rp092004_29_w.jpg,,
092304_00,V31679,D1028,REMI,Wild Type,,Wild Type,,Wild Type,,Wild Type,,Wild Type,,Wild Type,,hinted_092304/rp092304_00_0025S.mov,hinted_092304_slug/rp092304p2_00.mov,rp092304_wavelet_jpeg/rp092304_00_w.jpg,,
092304_01,V31676,D1028,REMI,Wild Type,,Wild Type,,Wild Type,,Wild Type,,Wild Type,,Wild Type,,hinted_092304/rp092304_01_0025S.mov,hinted_092304_slug/rp092304p2_01.mov,rp092304_wavelet_jpeg/rp092304_01_w.jpg,medium density,
092304_02,V31685,D1028,REMI,Aberrant,weak; early breakup,Aberrant,,None,,None,,Aberrant,,Wild Type,,hinted_092304/rp092304_02_0125S.mov,hinted_092304_slug/rp092304p2_02.mov,rp092304_wavelet_jpeg/rp092304_02_w.jpg,No FB except some stalk-like struc,
092304_03,V31682,D1028,REMI,Wild Type,,Wild Type,,Wild Type,,Wild Type,,Wild Type,,Wild Type,,hinted_092304/rp092304_03_0025S.mov,hinted_092304_slug/rp092304p2_03.mov,rp092304_wavelet_jpeg/rp092304_03_w.jpg,,
092304_04,V31691,D1028,REMI,Wild Type,,Wild Type,,Wild Type,,Wild Type,,Wild Type,,Wild Type,,hinted_092304/rp092304_04_0025S.mov,hinted_092304_slug/rp092304p2_04.mov,rp092304_wavelet_jpeg/rp092304_04_w.jpg,conf,
092304_05,V31688,D1028,REMI,Wild Type,,Wild Type,,Wild Type,,Wild Type,,Wild Type,,Wild Type,,hinted_092304/rp092304_05_0025S.mov,hinted_092304_slug/rp092304p2_05.mov,rp092304_wavelet_jpeg/rp092304_05_w.jpg,,
092304_06,V31701,D1029,REMI,Wild Type,,Wild Type,,Wild Type,,Wild Type,,Wild Type,,Wild Type,,hinted_092304/rp092304_06_0025S.mov,hinted_092304_slug/rp092304p2_06.mov,rp092304_wavelet_jpeg/rp092304_06_w.jpg,,
092304_07,V31694,D1028,REMI,Wild Type,,Wild Type,,Wild Type,,Wild Type,,Wild Type,,Wild Type,,hinted_092304/rp092304_07_0050S.mov,hinted_092304_slug/rp092304p2_07.mov,rp092304_wavelet_jpeg/rp092304_07_w.jpg,,
092304_08,V31281,,REMI,Aberrant,,Aberrant,,,,,,Wild Type,,Wild Type,,hinted_092304/rp092304_08_0100S.mov,hinted_092304_slug/rp092304p2_08.mov,rp092304_wavelet_jpeg/rp092304_08_w.jpg,,
092304_09,V30956,,REMI,Wild Type,,Wild Type,,Wild Type,,Wild Type,,Wild Type,,Wild Type,,hinted_092304/rp092304_09_0025S.mov,hinted_092304_slug/rp092304p2_09.mov,rp092304_wavelet_jpeg/rp092304_09_w.jpg,,
092304_10,V31680,D1028,REMI,Wild Type,,Wild Type,,Wild Type,,Wild Type,,Wild Type,,Wild Type,,hinted_092304/rp092304_10_0001S.mov,hinted_092304_slug/rp092304p2_10.mov,rp092304_wavelet_jpeg/rp092304_10_w.jpg,,
092304_11,V31677,D1028,REMI,Undeterminable,,Wild Type,,Wild Type,,Wild Type,,Aberrant,,Wild Type,,hinted_092304/rp092304_11_0050S.mov,hinted_092304_slug/rp092304p2_11.mov,rp092304_wavelet_jpeg/rp092304_11_w.jpg,medium density; minor ab FB  short stalk large sori,
092304_12,V31686,D1028,REMI,Wild Type,,Wild Type,,,,,,Wild Type,,Wild Type,,hinted_092304/rp092304_12_0125S.mov,hinted_092304_slug/rp092304p2_12.mov,rp092304_wavelet_jpeg/rp092304_12_w.jpg,medium density,
092304_13,V31683,D1028,REMI,Wild Type,,Wild Type,,Wild Type,,Wild Type,,Wild Type,,Wild Type,,hinted_092304/rp092304_13_0025S.mov,hinted_092304_slug/rp092304p2_13.mov,rp092304_wavelet_jpeg/rp092304_13_w.jpg,,
092304_14,V31692,D1028,REMI,Wild Type,,Wild Type,,Wild Type,,Wild Type,,Wild Type,,Wild Type,,hinted_092304/rp092304_14_0025S.mov,hinted_092304_slug/rp092304p2_14.mov,rp092304_wavelet_jpeg/rp092304_14_w.jpg,,
092304_15,V31689,D1028,REMI,Undeterminable,,Undeterminable,,Undeterminable,,,,Wild Type,,Wild Type,,hinted_092304/rp092304_15_0475S.mov,hinted_092304_slug/rp092304p2_15.mov,rp092304_wavelet_jpeg/rp092304_15_w.jpg,polarized morph during axenic growth,
092304_16,V31702,D1029,REMI,Wild Type,,Wild Type,,Undeterminable,,,,Wild Type,,Wild Type,,hinted_092304/rp092304_16_0125S.mov,hinted_092304_slug/rp092304p2_16.mov,rp092304_wavelet_jpeg/rp092304_16_w.jpg,medium-low density,
092304_17,V31695,D1028,REMI,Wild Type,,Wild Type,,Wild Type,,Wild Type,,Wild Type,,Wild Type,,hinted_092304/rp092304_17_0075S.mov,hinted_092304_slug/rp092304p2_17.mov,rp092304_wavelet_jpeg/rp092304_17_w.jpg,medium density,
092304_18,V31501,,REMI,Wild Type,early breakup,Wild Type,,,,None,,Wild Type,,Wild Type,,hinted_092304/rp092304_18_0050S.mov,hinted_092304_slug/rp092304p2_18.mov,rp092304_wavelet_jpeg/rp092304_18_w.jpg,,
092304_19,V31026,,REMI,Undeterminable,,Undeterminable,,Undeterminable,,,,Aberrant,,Wild Type,,hinted_092304/rp092304_19_0250S.mov,hinted_092304_slug/rp092304p2_19.mov,rp092304_wavelet_jpeg/rp092304_19_w.jpg,polarized morph during axenic growth; medium density; weak stalk? Spore head dropped on agar,
092304_20,V31681,D1028,REMI,Wild Type,late,Wild Type,,,,,,Wild Type,,Wild Type,,hinted_092304/rp092304_20_0100S.mov,hinted_092304_slug/rp092304p2_20.mov,rp092304_wavelet_jpeg/rp092304_20_w.jpg,medium-low density,
092304_21,V31678,D1028,REMI,Wild Type,,Wild Type,,Wild Type,,Wild Type,,Wild Type,,Wild Type,,hinted_092304/rp092304_21_0075S.mov,hinted_092304_slug/rp092304p2_21.mov,rp092304_wavelet_jpeg/rp092304_21_w.jpg,medium density,
092304_22,V31687,D1028,REMI,Wild Type,,Wild Type,,Wild Type,,Wild Type,,Wild Type,,Wild Type,,hinted_092304/rp092304_22_0075S.mov,hinted_092304_slug/rp092304p2_22.mov,rp092304_wavelet_jpeg/rp092304_22_w.jpg,,
092304_23,V31684,D1028,REMI,Undeterminable,,Wild Type,,,,Wild Type,,Wild Type,,Wild Type,,hinted_092304/rp092304_23_0200S.mov,hinted_092304_slug/rp092304p2_23.mov,rp092304_wavelet_jpeg/rp092304_23_w.jpg,medium density,
092304_24,V31693,D1028,REMI,Wild Type,,Wild Type,,,,,,Wild Type,,Wild Type,,hinted_092304/rp092304_24_0125S.mov,hinted_092304_slug/rp092304p2_24.mov,rp092304_wavelet_jpeg/rp092304_24_w.jpg,,
092304_25,V31690,D1028,REMI,Undeterminable,,Undeterminable,,,,,,Wild Type,,Wild Type,,hinted_092304/rp092304_25_0300S.mov,hinted_092304_slug/rp092304p2_25.mov,rp092304_wavelet_jpeg/rp092304_25_w.jpg,medium-low density,
092304_26,V31703,D1029,REMI,Wild Type,,Wild Type,,,,,,Wild Type,,Wild Type,,hinted_092304/rp092304_26_0075S.mov,hinted_092304_slug/rp092304p2_26.mov,rp092304_wavelet_jpeg/rp092304_26_w.jpg,medium density,
092304_27,V31696,D1028,REMI,Undeterminable,,Undeterminable,,,,,,Wild Type,,Wild Type,,hinted_092304/rp092304_27_0400S.mov,hinted_092304_slug/rp092304p2_27.mov,rp092304_wavelet_jpeg/rp092304_27_w.jpg,low density,
092304_28,V31874,,REMI,Aberrant,,Aberrant,,Aberrant,,,,Aberrant,,Wild Type,,hinted_092304/rp092304_28_0150S.mov,hinted_092304_slug/rp092304p2_28.mov,rp092304_wavelet_jpeg/rp092304_28_w.jpg,medium density; no sori except some on agar surface; stalk-like struc on agar,
092304_29,V31161,,REMI,Undeterminable,,Undeterminable,,Undeterminable,,,,Wild Type,,Wild Type,,hinted_092304/rp092304_29_0450S.mov,hinted_092304_slug/rp092304p2_29.mov,rp092304_wavelet_jpeg/rp092304_29_w.jpg,ab morph during axenic growth; med-low density,
092704_00,V31707,D1029,REMI,Wild Type,,Wild Type,,Wild Type,,Wild Type,,Wild Type,,Wild Type,,hinted_092704/rp092704_00_0001S.mov,hinted_092704_slug/rp092704p2_00.mov,rp092704_wavelet_jpeg/rp092704_00_w.jpg,,
092704_01,V31704,D1029,REMI,Wild Type,,Wild Type,,,,Wild Type,,Wild Type,,Wild Type,,hinted_092704/rp092704_01_0001S.mov,hinted_092704_slug/rp092704p2_01.mov,rp092704_wavelet_jpeg/rp092704_01_w.jpg,,
092704_02,V31713,D1029,REMI,Wild Type,,Wild Type,,Wild Type,,Wild Type,,Wild Type,,Wild Type,,hinted_092704/rp092704_02_0025S.mov,hinted_092704_slug/rp092704p2_02.mov,rp092704_wavelet_jpeg/rp092704_02_w.jpg,,
092704_03,V31710,D1029,REMI,Wild Type,,Wild Type,,,,Wild Type,,Wild Type,,Wild Type,,hinted_092704/rp092704_03_0001S.mov,hinted_092704_slug/rp092704p2_03.mov,rp092704_wavelet_jpeg/rp092704_03_w.jpg,medium-density,
092704_04,V31719,D1029,REMI,Wild Type,,Wild Type,,Wild Type,,Wild Type,,Wild Type,,Wild Type,,hinted_092704/rp092704_04_0001S.mov,hinted_092704_slug/rp092704p2_04.mov,rp092704_wavelet_jpeg/rp092704_04_w.jpg,,
092704_05,V31716,D1029,REMI,Wild Type,,Wild Type,,Wild Type,,Wild Type,,Wild Type,,Wild Type,,hinted_092704/rp092704_05_0001S.mov,hinted_092704_slug/rp092704p2_05.mov,rp092704_wavelet_jpeg/rp092704_05_w.jpg,conf,
092704_06,V31726,D1029,REMI,Wild Type,,Wild Type,,,,Wild Type,,Wild Type,,Wild Type,,hinted_092704/rp092704_06_0001S.mov,hinted_092704_slug/rp092704p2_06.mov,rp092704_wavelet_jpeg/rp092704_06_w.jpg,,
092704_07,V31723,D1029,REMI,Wild Type,,Wild Type,,Wild Type,,Wild Type,,Wild Type,,Wild Type,,hinted_092704/rp092704_07_0001S.mov,hinted_092704_slug/rp092704p2_07.mov,rp092704_wavelet_jpeg/rp092704_07_w.jpg,,
092704_08,V31732,D1029,REMI,Wild Type,,Wild Type,,,,Wild Type,,Wild Type,,Wild Type,,hinted_092704/rp092704_08_0001S.mov,hinted_092704_slug/rp092704p2_08.mov,rp092704_wavelet_jpeg/rp092704_08_w.jpg,,
092704_09,V31729,D1029,REMI,Wild Type,,Wild Type,,Wild Type,,Wild Type,,Wild Type,,Wild Type,,hinted_092704/rp092704_09_0001S.mov,hinted_092704_slug/rp092704p2_09.mov,rp092704_wavelet_jpeg/rp092704_09_w.jpg,,
092704_10,V31708,D1029,REMI,Wild Type,,Wild Type,,,,Wild Type,,Wild Type,,Wild Type,,hinted_092704/rp092704_10_0025S.mov,hinted_092704_slug/rp092704p2_10.mov,rp092704_wavelet_jpeg/rp092704_10_w.jpg,medium-density,
092704_11,blank (V31705),,REMI,,,,,,,,,,,Wild Type,,,,rp092704_wavelet_jpeg/rp092704_11_w.jpg,,
092704_12,V31714,D1029,REMI,Wild Type,,Wild Type,,,,Wild Type,,Wild Type,,Wild Type,,hinted_092704/rp092704_12_0050S.mov,hinted_092704_slug/rp092704p2_12.mov,rp092704_wavelet_jpeg/rp092704_12_w.jpg,,
092704_13,V31711,D1029,REMI,Wild Type,,Wild Type,,,,Wild Type,,Wild Type,,Wild Type,,hinted_092704/rp092704_13_0025S.mov,hinted_092704_slug/rp092704p2_13.mov,rp092704_wavelet_jpeg/rp092704_13_w.jpg,medium-density,
092704_14,V31720,D1029,REMI,Wild Type,,Wild Type,,Wild Type,,Wild Type,,Wild Type,,Wild Type,,hinted_092704/rp092704_14_0001S.mov,hinted_092704_slug/rp092704p2_14.mov,rp092704_wavelet_jpeg/rp092704_14_w.jpg,conf,
092704_15,blank (V31717),,,,,,,,,,,,,Wild Type,,,,rp092704_wavelet_jpeg/rp092704_15_w.jpg,,
092704_16,V31727,D1029,REMI,Wild Type,,Wild Type,,Wild Type,,Wild Type,,Wild Type,,Wild Type,,hinted_092704/rp092704_16_0025S.mov,hinted_092704_slug/rp092704p2_16.mov,rp092704_wavelet_jpeg/rp092704_16_w.jpg,,
092704_17,V31724,D1029,REMI,Wild Type,,Wild Type,,Wild Type,,Wild Type,,Wild Type,,Wild Type,,hinted_092704/rp092704_17_0001S.mov,hinted_092704_slug/rp092704p2_17.mov,rp092704_wavelet_jpeg/rp092704_17_w.jpg,,
092704_18,V31733,D1029,REMI,Wild Type,,Wild Type,,Wild Type,,Wild Type,,Wild Type,,Wild Type,,hinted_092704/rp092704_18_0001S.mov,hinted_092704_slug/rp092704p2_18.mov,rp092704_wavelet_jpeg/rp092704_18_w.jpg,,
092704_19,V31730,D1029,REMI,Wild Type,,Wild Type,,Wild Type,,Wild Type,,Wild Type,,Wild Type,,hinted_092704/rp092704_19_0001S.mov,hinted_092704_slug/rp092704p2_19.mov,rp092704_wavelet_jpeg/rp092704_19_w.jpg,conf,
092704_20,V31709,D1029,REMI,Undeterminable,,Undeterminable,,,,,,Wild Type,,Wild Type,,hinted_092704/rp092704_20_0250S.mov,hinted_092704_slug/rp092704p2_20.mov,rp092704_wavelet_jpeg/rp092704_20_w.jpg,medium-density,
092704_21,V31706,D1029,REMI,Wild Type,late,Wild Type,,,,Wild Type,,Wild Type,,Wild Type,,hinted_092704/rp092704_21_0050S.mov,hinted_092704_slug/rp092704p2_21.mov,rp092704_wavelet_jpeg/rp092704_21_w.jpg,medium-density,
092704_22,V31715,D1029,REMI,Wild Type,late,Wild Type,,,,Wild Type,,Wild Type,,Wild Type,,hinted_092704/rp092704_22_0050S.mov,hinted_092704_slug/rp092704p2_22.mov,rp092704_wavelet_jpeg/rp092704_22_w.jpg,medium-density,
092704_23,V31712,D1029,REMI,Wild Type,,Wild Type,,,,Wild Type,,Wild Type,,Wild Type,,hinted_092704/rp092704_23_0050S.mov,hinted_092704_slug/rp092704p2_23.mov,rp092704_wavelet_jpeg/rp092704_23_w.jpg,medium-density,
092704_24,V31721,D1029,REMI,Wild Type,late,Wild Type,,,,Wild Type,,Wild Type,,Wild Type,,hinted_092704/rp092704_24_0100S.mov,hinted_092704_slug/rp092704p2_24.mov,rp092704_wavelet_jpeg/rp092704_24_w.jpg,mediu-low density; conf,
092704_25,V31718,D1029,REMI,Wild Type,,Wild Type,,,,Wild Type,,Wild Type,,Wild Type,,hinted_092704/rp092704_25_0025S.mov,hinted_092704_slug/rp092704p2_25.mov,rp092704_wavelet_jpeg/rp092704_25_w.jpg,,
092704_26,V31728,D1029,REMI,Wild Type,,Wild Type,,,,Wild Type,,Wild Type,,Wild Type,,hinted_092704/rp092704_26_0050S.mov,hinted_092704_slug/rp092704p2_26.mov,rp092704_wavelet_jpeg/rp092704_26_w.jpg,,
092704_27,V31725,D1029,REMI,Undeterminable,,Aberrant,,,,,,Wild Type,,Wild Type,,hinted_092704/rp092704_27_0100S.mov,hinted_092704_slug/rp092704p2_27.mov,rp092704_wavelet_jpeg/rp092704_27_w.jpg,mediu-low density,
092704_28,V31734,D1029,REMI,Wild Type,,Wild Type,,Wild Type,,Wild Type,,Wild Type,,Wild Type,,hinted_092704/rp092704_28_0025S.mov,hinted_092704_slug/rp092704p2_28.mov,rp092704_wavelet_jpeg/rp092704_28_w.jpg,,
092704_29,V31731,D1029,REMI,Wild Type,,Wild Type,,Wild Type,,Wild Type,,Wild Type,,Wild Type,,hinted_092704/rp092704_29_0025S.mov,hinted_092704_slug/rp092704p2_29.mov,rp092704_wavelet_jpeg/rp092704_29_w.jpg,,
093004_00,V31738,D1029,REMI,Undeterminable,,Undeterminable,,,,Undeterminable,,Undeterminable,,Wild Type,,hinted_093004/rp093004_00_0475S.mov,hinted_093004_slug/rp093004p2_00.mov,rp093004_wavelet_jpeg/rp093004_00_w.jpg,low density,
093004_01,V31735,D1029,REMI,Wild Type,,Wild Type,,Wild Type,,Wild Type,,Wild Type,,Wild Type,,hinted_093004/rp093004_01_0001S.mov,hinted_093004_slug/rp093004p2_01.mov,rp093004_wavelet_jpeg/rp093004_01_w.jpg,,
093004_02,V31744,D1029,REMI,Wild Type,,Wild Type,,Wild Type,,Wild Type,,Wild Type,,Wild Type,,hinted_093004/rp093004_02_0001S.mov,hinted_093004_slug/rp093004p2_02.mov,rp093004_wavelet_jpeg/rp093004_02_w.jpg,,
093004_03,V31741,D1029,REMI,Wild Type,,Wild Type,,Wild Type,,Wild Type,,Wild Type,,Wild Type,,hinted_093004/rp093004_03_0001S.mov,hinted_093004_slug/rp093004p2_03.mov,rp093004_wavelet_jpeg/rp093004_03_w.jpg,,
093004_04,V31750,D1029,REMI,Wild Type,,Wild Type,,Wild Type,,Wild Type,,Wild Type,,Wild Type,,hinted_093004/rp093004_04_0050S.mov,hinted_093004_slug/rp093004p2_04.mov,rp093004_wavelet_jpeg/rp093004_04_w.jpg,,
093004_05,V31747,D1029,REMI,Wild Type,,Wild Type,,Wild Type,,Wild Type,,Wild Type,,Wild Type,,hinted_093004/rp093004_05_0025S.mov,hinted_093004_slug/rp093004p2_05.mov,rp093004_wavelet_jpeg/rp093004_05_w.jpg,,
093004_06,V31756,D1029,REMI,Wild Type,,Wild Type,,Wild Type,,Wild Type,,Wild Type,,Wild Type,,hinted_093004/rp093004_06_0025S.mov,hinted_093004_slug/rp093004p2_06.mov,rp093004_wavelet_jpeg/rp093004_06_w.jpg,,
093004_07,V31753,D1029,REMI,Wild Type,,Wild Type,,,,Wild Type,,Wild Type,,Wild Type,,hinted_093004/rp093004_07_0001S.mov,hinted_093004_slug/rp093004p2_07.mov,rp093004_wavelet_jpeg/rp093004_07_w.jpg,,
093004_08,V31762,D1029,REMI,Wild Type,,Wild Type,,Wild Type,,Wild Type,,Wild Type,,Wild Type,,hinted_093004/rp093004_08_0001S.mov,hinted_093004_slug/rp093004p2_08.mov,rp093004_wavelet_jpeg/rp093004_08_w.jpg,some bacteria left in axenic culture,
093004_09,V31759,D1029,REMI,Wild Type,,Wild Type,,Wild Type,,Wild Type,,Wild Type,,Wild Type,,hinted_093004/rp093004_09_0025S.mov,hinted_093004_slug/rp093004p2_09.mov,rp093004_wavelet_jpeg/rp093004_09_w.jpg,,
093004_10,V31739,D1029,REMI,Wild Type,,Wild Type,,Wild Type,,Wild Type,,Wild Type,,Wild Type,,hinted_093004/rp093004_10_0001S.mov,hinted_093004_slug/rp093004p2_10.mov,rp093004_wavelet_jpeg/rp093004_10_w.jpg,,
093004_11,V31736,D1029,REMI,Wild Type,,Wild Type,,Wild Type,,Wild Type,,Wild Type,,Wild Type,,hinted_093004/rp093004_11_0001S.mov,hinted_093004_slug/rp093004p2_11.mov,rp093004_wavelet_jpeg/rp093004_11_w.jpg,,
093004_12,V31745,D1029,REMI,Wild Type,,Wild Type,,Wild Type,,Wild Type,,Wild Type,,Wild Type,,hinted_093004/rp093004_12_0025S.mov,hinted_093004_slug/rp093004p2_12.mov,rp093004_wavelet_jpeg/rp093004_12_w.jpg,medium density,
093004_13,V31742,D1029,REMI,Wild Type,,Wild Type,,Wild Type,,Aberrant,,Aberrant,,Wild Type,,hinted_093004/rp093004_13_0050S.mov,hinted_093004_slug/rp093004p2_13.mov,rp093004_wavelet_jpeg/rp093004_13_w.jpg,medium density; ab or no FB some with spore head only morphology,
093004_14,V31751,D1029,REMI,Wild Type,,Wild Type,,Wild Type,,Wild Type,,Wild Type,,Wild Type,,hinted_093004/rp093004_14_0050S.mov,hinted_093004_slug/rp093004p2_14.mov,rp093004_wavelet_jpeg/rp093004_14_w.jpg,,
093004_15,V31640,"V31748 didn't g",REMI,Undeterminable,,Undeterminable,,Undeterminable,,Undeterminable,,Undeterminable,,Undeterminable,,,hinted_093004_slug/rp093004p2_15.mov,rp093004_wavelet_jpeg/rp093004_15_w.jpg,ab morph during axenic growth; low density,
093004_16,aca- (C. Parent,"V31757 didn't g",HR,None,,None,,None,,None,,Undeterminable,,Undeterminable,,hinted_093004/rp093004_16_0450S.mov,hinted_093004_slug/rp093004p2_16.mov,rp093004_wavelet_jpeg/rp093004_16_w.jpg,polarized morph during axenic growth; medium-low density; cells are smaller,
093004_17,V31754,D1029,REMI,Wild Type,,Wild Type,,Wild Type,,Wild Type,,Wild Type,,Wild Type,,hinted_093004/rp093004_17_0050S.mov,hinted_093004_slug/rp093004p2_17.mov,rp093004_wavelet_jpeg/rp093004_17_w.jpg,,
093004_18,V31763,D1029,REMI,Wild Type,,Wild Type,,Wild Type,,Wild Type,,Wild Type,,Wild Type,,hinted_093004/rp093004_18_0025S.mov,hinted_093004_slug/rp093004p2_18.mov,rp093004_wavelet_jpeg/rp093004_18_w.jpg,,
093004_19,V31760,D1029,REMI,Wild Type,,Wild Type,,Wild Type,,Wild Type,,Wild Type,,Wild Type,,hinted_093004/rp093004_19_0025S.mov,hinted_093004_slug/rp093004p2_19.mov,rp093004_wavelet_jpeg/rp093004_19_w.jpg,,
093004_20,V31740,D1029,REMI,Wild Type,,Wild Type,,,,Wild Type,,Wild Type,,Wild Type,,hinted_093004/rp093004_20_0100S.mov,hinted_093004_slug/rp093004p2_20.mov,rp093004_wavelet_jpeg/rp093004_20_w.jpg,,
093004_21,V31737,D1029,REMI,Undeterminable,,Undeterminable,,,,Undeterminable,,Undeterminable,,Aberrant,,,hinted_093004_slug/rp093004p2_21.mov,rp093004_wavelet_jpeg/rp093004_21_w.jpg,poor growth; low density,
093004_22,V31746,D1029,REMI,Undeterminable,,Undeterminable,,,,Wild Type,,Wild Type,,Wild Type,,hinted_093004/rp093004_22_0150S.mov,hinted_093004_slug/rp093004p2_22.mov,rp093004_wavelet_jpeg/rp093004_22_w.jpg,medium density,
093004_23,V31743,D1029,REMI,Aberrant,oscillatory clumping,Aberrant,,Aberrant,,Undeterminable,,Undeterminable,,Wild Type,,hinted_093004/rp093004_23_0001S.mov,hinted_093004_slug/rp093004p2_23.mov,rp093004_wavelet_jpeg/rp093004_23_w.jpg,medium density; many dev arrested at mound stage,
093004_24,V31752,D1029,REMI,Undeterminable,,Undeterminable,,Undeterminable,,Undeterminable,,Wild Type,,Aberrant,,hinted_093004/rp093004_24_0350S.mov,hinted_093004_slug/rp093004p2_24.mov,rp093004_wavelet_jpeg/rp093004_24_w.jpg,poor growth; low density,
093004_25,V31749,D1029,REMI,Wild Type,,Wild Type,,,,Wild Type,,Wild Type,,Wild Type,,hinted_093004/rp093004_25_0100S.mov,hinted_093004_slug/rp093004p2_25.mov,rp093004_wavelet_jpeg/rp093004_25_w.jpg,medium-low density,
093004_26,blank (V31758),,REMI,,,,,,,,,,,Wild Type,,,hinted_093004_slug/rp093004p2_26.mov,rp093004_wavelet_jpeg/rp093004_26_w.jpg,,
093004_27,V31755,D1029,REMI,Wild Type,,Wild Type,,Wild Type,,Wild Type,,Wild Type,,Wild Type,,hinted_093004/rp093004_27_0075S.mov,hinted_093004_slug/rp093004p2_27.mov,rp093004_wavelet_jpeg/rp093004_27_w.jpg,,
093004_28,V31764,D1029,REMI,Wild Type,,Wild Type,,Wild Type,,Wild Type,,Wild Type,,Wild Type,,hinted_093004/rp093004_28_0050S.mov,hinted_093004_slug/rp093004p2_28.mov,rp093004_wavelet_jpeg/rp093004_28_w.jpg,conf,
093004_29,V31761,D1029,REMI,Wild Type,,Wild Type,,Wild Type,,Wild Type,,Wild Type,,Wild Type,,hinted_093004/rp093004_29_0050S.mov,hinted_093004_slug/rp093004p2_29.mov,rp093004_wavelet_jpeg/rp093004_29_w.jpg,,
100704_00,V31768,D1029,REMI,Wild Type,,Wild Type,,,,Wild Type,,Wild Type,,Wild Type,,hinted_100704/rp100704_00_0001S.mov,hinted_100704_slug/rp100704p2_00.mov,rp100704_wavelet_jpeg/rp100704_00_w.jpg,,
100704_01,V31765,D1029,REMI,Wild Type,,Wild Type,,,,Wild Type,,Wild Type,,Wild Type,,hinted_100704/rp100704_01_0001S.mov,hinted_100704_slug/rp100704p2_01.mov,rp100704_wavelet_jpeg/rp100704_01_w.jpg,,
100704_02,V31774,D1029,REMI,Wild Type,,Wild Type,,,,Wild Type,,Wild Type,,Wild Type,,hinted_100704/rp100704_02_0001S.mov,hinted_100704_slug/rp100704p2_02.mov,rp100704_wavelet_jpeg/rp100704_02_w.jpg,,
100704_03,V31771,D1029,REMI,Wild Type,,Wild Type,,,,Wild Type,,Wild Type,,Wild Type,,hinted_100704/rp100704_03_0075S.mov,hinted_100704_slug/rp100704p2_03.mov,rp100704_wavelet_jpeg/rp100704_03_w.jpg,conf,
100704_04,V31780,D1029,REMI,Wild Type,,Wild Type,,,,Wild Type,,Wild Type,,Wild Type,,hinted_100704/rp100704_04_0050S.mov,hinted_100704_slug/rp100704p2_04.mov,rp100704_wavelet_jpeg/rp100704_04_w.jpg,conf,
100704_05,V31777,D1029,REMI,Wild Type,,Wild Type,,,,Wild Type,,Wild Type,,Wild Type,,hinted_100704/rp100704_05_0050S.mov,hinted_100704_slug/rp100704p2_05.mov,rp100704_wavelet_jpeg/rp100704_05_w.jpg,conf,
100704_06,V31786,D1029,REMI,Wild Type,,Wild Type,,,,Wild Type,,Wild Type,,Wild Type,,hinted_100704/rp100704_06_0025S.mov,hinted_100704_slug/rp100704p2_06.mov,rp100704_wavelet_jpeg/rp100704_06_w.jpg,,
100704_07,V31783,D1029,REMI,Wild Type,,Wild Type,,,,Wild Type,,Wild Type,,Wild Type,,hinted_100704/rp100704_07_0050S.mov,hinted_100704_slug/rp100704p2_07.mov,rp100704_wavelet_jpeg/rp100704_07_w.jpg,medium density; some polarized (minor),
100704_08,V31792,D1029,REMI,Wild Type,,Wild Type,,Wild Type,,Wild Type,,Wild Type,,Wild Type,,hinted_100704/rp100704_08_0025S.mov,hinted_100704_slug/rp100704p2_08.mov,rp100704_wavelet_jpeg/rp100704_08_w.jpg,,
100704_09,V31789,D1029,REMI,Wild Type,,Wild Type,,Wild Type,,Wild Type,,Wild Type,,Wild Type,,hinted_100704/rp100704_09_0025S.mov,hinted_100704_slug/rp100704p2_09.mov,rp100704_wavelet_jpeg/rp100704_09_w.jpg,conf,
100704_10,V31769,D1029,REMI,Wild Type,,Wild Type,,Wild Type,,Wild Type,,Wild Type,,Wild Type,,hinted_100704/rp100704_10_0025S.mov,hinted_100704_slug/rp100704p2_10.mov,rp100704_wavelet_jpeg/rp100704_10_w.jpg,,
100704_11,V31766,D1029,REMI,Wild Type,,Wild Type,,Wild Type,,Wild Type,,Wild Type,,Wild Type,,hinted_100704/rp100704_11_0001S.mov,hinted_100704_slug/rp100704p2_11.mov,rp100704_wavelet_jpeg/rp100704_11_w.jpg,,
100704_12,V31775,D1029,REMI,Wild Type,,Wild Type,,Wild Type,,Wild Type,,Wild Type,,Wild Type,,hinted_100704/rp100704_12_0001S.mov,hinted_100704_slug/rp100704p2_12.mov,rp100704_wavelet_jpeg/rp100704_12_w.jpg,conf,
100704_13,V31772,D1029,REMI,Wild Type,,Wild Type,,Wild Type,,Wild Type,,Wild Type,,Wild Type,,hinted_100704/rp100704_13_0001S.mov,hinted_100704_slug/rp100704p2_13.mov,rp100704_wavelet_jpeg/rp100704_13_w.jpg,,
100704_14,V31781,D1029,REMI,Wild Type,,Wild Type,,Wild Type,,Wild Type,,Wild Type,,Wild Type,,hinted_100704/rp100704_14_0101S.mov,hinted_100704_slug/rp100704p2_14.mov,rp100704_wavelet_jpeg/rp100704_14_w.jpg,conf,
100704_15,V31778,D1029,REMI,Wild Type,,Wild Type,,Wild Type,,Wild Type,,Wild Type,,Wild Type,,hinted_100704/rp100704_15_0001S.mov,hinted_100704_slug/rp100704p2_15.mov,rp100704_wavelet_jpeg/rp100704_15_w.jpg,conf,
100704_16,V31787,D1029,REMI,Wild Type,,Wild Type,,Wild Type,,Wild Type,,Wild Type,,Wild Type,,hinted_100704/rp100704_16_0050S.mov,hinted_100704_slug/rp100704p2_16.mov,rp100704_wavelet_jpeg/rp100704_16_w.jpg,medium density,
100704_17,V31784,D1029,REMI,Wild Type,,Wild Type,,Wild Type,,Wild Type,,Wild Type,,Wild Type,,hinted_100704/rp100704_17_0050S.mov,hinted_100704_slug/rp100704p2_17.mov,rp100704_wavelet_jpeg/rp100704_17_w.jpg,,
100704_18,V31793,D1029,REMI,Wild Type,,Wild Type,,Wild Type,,Wild Type,,Wild Type,,Wild Type,,hinted_100704/rp100704_18_0050S.mov,hinted_100704_slug/rp100704p2_18.mov,rp100704_wavelet_jpeg/rp100704_18_w.jpg,,
100704_19,V31790,D1029,REMI,Wild Type,,Wild Type,,Wild Type,,Wild Type,,Wild Type,,Wild Type,,hinted_100704/rp100704_19_0025S.mov,hinted_100704_slug/rp100704p2_19.mov,rp100704_wavelet_jpeg/rp100704_19_w.jpg,,
100704_20,V31770,D1029,REMI,Wild Type,,Wild Type,,Wild Type,,Wild Type,,Wild Type,,Wild Type,,hinted_100704/rp100704_20_0001S.mov,hinted_100704_slug/rp100704p2_20.mov,rp100704_wavelet_jpeg/rp100704_20_w.jpg,,
100704_21,blank (V31767),,,,,,,,,,,,,Wild Type,,,hinted_100704_slug/rp100704p2_21.mov,rp100704_wavelet_jpeg/rp100704_21_w.jpg,,
100704_22,V31776,D1029,REMI,Wild Type,,Wild Type,,Wild Type,,Wild Type,,Wild Type,,Wild Type,,hinted_100704/rp100704_22_0025S.mov,hinted_100704_slug/rp100704p2_22.mov,rp100704_wavelet_jpeg/rp100704_22_w.jpg,medium density,
100704_23,V31773,D1029,REMI,Wild Type,,Wild Type,,Wild Type,,Wild Type,,Wild Type,,Wild Type,,hinted_100704/rp100704_23_0025S.mov,hinted_100704_slug/rp100704p2_23.mov,rp100704_wavelet_jpeg/rp100704_23_w.jpg,,
100704_24,V31782,D1029,REMI,Wild Type,,Wild Type,,Wild Type,,Wild Type,,Wild Type,,Wild Type,,hinted_100704/rp100704_24_0001S.mov,hinted_100704_slug/rp100704p2_24.mov,rp100704_wavelet_jpeg/rp100704_24_w.jpg,severely conf,
100704_25,V31779,D1029,REMI,Wild Type,,Wild Type,,Wild Type,,Wild Type,,Wild Type,,Wild Type,,hinted_100704/rp100704_25_0050S.mov,hinted_100704_slug/rp100704p2_25.mov,rp100704_wavelet_jpeg/rp100704_25_w.jpg,,
100704_26,V31788,D1029,REMI,Wild Type,,Wild Type,,Wild Type,,Wild Type,,Wild Type,,Wild Type,,hinted_100704/rp100704_26_0100S.mov,hinted_100704_slug/rp100704p2_26.mov,rp100704_wavelet_jpeg/rp100704_26_w.jpg,medium density,
100704_27,V31785,D1029,REMI,,,Wild Type,,,,Wild Type,,Wild Type,,Wild Type,,hinted_100704/rp100704_27_0025S.mov,hinted_100704_slug/rp100704p2_27.mov,rp100704_wavelet_jpeg/rp100704_27_w.jpg,medium density,
100704_28,V31794,D1029,REMI,Wild Type,,Wild Type,,,,Wild Type,,Wild Type,,Wild Type,,hinted_100704/rp100704_28_0075S.mov,hinted_100704_slug/rp100704p2_28.mov,rp100704_wavelet_jpeg/rp100704_28_w.jpg,,
100704_29,V31791,D1029,REMI,Wild Type,,Wild Type,,Wild Type,,Wild Type,,Wild Type,,Wild Type,,hinted_100704/rp100704_29_0075S.mov,hinted_100704_slug/rp100704p2_29.mov,rp100704_wavelet_jpeg/rp100704_29_w.jpg,,
102104_00,V10120,,REMI,Undeterminable,,Undeterminable,,,,,,Wild Type,,Wild Type,,hinted_102104/rp102104_00_0475S.mov,hinted_102104_slug/rp102104p2_00.mov,rp102104_wavelet_jpeg/rp102104_00_w.jpg,med-low density,
102104_01,V31795,D1029,REMI,Wild Type,,Wild Type,,,,Wild Type,,Wild Type,,Wild Type,,hinted_102104/rp102104_01_0001S.mov,hinted_102104_slug/rp102104p2_01.mov,rp102104_wavelet_jpeg/rp102104_01_w.jpg,,
102104_02,V10131,,REMI,Undeterminable,,Wild Type,,,,,,Wild Type,,Wild Type,,hinted_102104/rp102104_02_0200S.mov,hinted_102104_slug/rp102104p2_02.mov,rp102104_wavelet_jpeg/rp102104_02_w.jpg,medium density,
102104_03,V10124,,REMI,Wild Type,,Wild Type,,,,,,Wild Type,,Wild Type,,hinted_102104/rp102104_03_0200S.mov,hinted_102104_slug/rp102104p2_03.mov,rp102104_wavelet_jpeg/rp102104_03_w.jpg,medium density,
102104_04,V10139,,REMI,Undeterminable,,Undeterminable,,,,,,Wild Type,,Wild Type,,hinted_102104/rp102104_04_0475S.mov,hinted_102104_slug/rp102104p2_04.mov,rp102104_wavelet_jpeg/rp102104_04_w.jpg,med-low density,
102104_05,V10134,,REMI,Undeterminable,,Undeterminable,,,,,,Wild Type,,Wild Type,,hinted_102104/rp102104_05_0350S.mov,hinted_102104_slug/rp102104p2_05.mov,rp102104_wavelet_jpeg/rp102104_05_w.jpg,med-low density,
102104_06,V10151,,REMI,Aberrant,local,Aberrant,,Aberrant,,,,Wild Type,,Wild Type,,hinted_102104/rp102104_06_0001S.mov,hinted_102104_slug/rp102104p2_06.mov,rp102104_wavelet_jpeg/rp102104_06_w.jpg,half of the mound is dev arrested (minor),
102104_07,V10143,,REMI,Wild Type,,Wild Type,,,,,,Wild Type,,Wild Type,,hinted_102104/rp102104_07_0200S.mov,hinted_102104_slug/rp102104p2_07.mov,rp102104_wavelet_jpeg/rp102104_07_w.jpg,medium density,
102104_08,V10163,,REMI,Wild Type,,Wild Type,,,,,,Wild Type,,Wild Type,,hinted_102104/rp102104_08_0150S.mov,hinted_102104_slug/rp102104p2_08.mov,rp102104_wavelet_jpeg/rp102104_08_w.jpg,med-low density,
102104_09,V10156,,REMI,Wild Type,,Wild Type,,,,,,Wild Type,,Wild Type,,hinted_102104/rp102104_09_0200S.mov,hinted_102104_slug/rp102104p2_09.mov,rp102104_wavelet_jpeg/rp102104_09_w.jpg,med-low density,
102104_10,V10121,,REMI,Undeterminable,,Undeterminable,,,,,,Wild Type,,Wild Type,,hinted_102104/rp102104_10_0475S.mov,hinted_102104_slug/rp102104p2_10.mov,rp102104_wavelet_jpeg/rp102104_10_w.jpg,med-low density,
102104_11,V31796,D1029,REMI,Wild Type,,Wild Type,,,,Wild Type,,Wild Type,,Wild Type,,hinted_102104/rp102104_11_0001S.mov,hinted_102104_slug/rp102104p2_11.mov,rp102104_wavelet_jpeg/rp102104_11_w.jpg,,
102104_12,V10132,,REMI,Wild Type,,Wild Type,,,,Wild Type,,Wild Type,,Wild Type,,hinted_102104/rp102104_12_0001S.mov,hinted_102104_slug/rp102104p2_12.mov,rp102104_wavelet_jpeg/rp102104_12_w.jpg,,
102104_13,V10128,,REMI,Undeterminable,,Wild Type,,,,,,Wild Type,,Wild Type,,hinted_102104/rp102104_13_0150S.mov,hinted_102104_slug/rp102104p2_13.mov,rp102104_wavelet_jpeg/rp102104_13_w.jpg,,
102104_14,V10140,,REMI,Undeterminable,,Undeterminable,,,,,,Wild Type,,Wild Type,,hinted_102104/rp102104_14_0325S.mov,hinted_102104_slug/rp102104p2_14.mov,rp102104_wavelet_jpeg/rp102104_14_w.jpg,med-low density,
102104_15,V10135,,REMI,Wild Type,,Wild Type,,,,,,Wild Type,,Wild Type,,hinted_102104/rp102104_15_0001S.mov,hinted_102104_slug/rp102104p2_15.mov,rp102104_wavelet_jpeg/rp102104_15_w.jpg,,
102104_16,V10152,,REMI,Wild Type,,Wild Type,,,,,,Wild Type,,Wild Type,,hinted_102104/rp102104_16_0001S.mov,hinted_102104_slug/rp102104p2_16.mov,rp102104_wavelet_jpeg/rp102104_16_w.jpg,,
102104_17,V10148,,REMI,Wild Type,,Wild Type,,,,,,Wild Type,,Wild Type,,hinted_102104/rp102104_17_0125S.mov,hinted_102104_slug/rp102104p2_17.mov,rp102104_wavelet_jpeg/rp102104_17_w.jpg,med-low density,
102104_18,V10169,,REMI,Undeterminable,,Undeterminable,,,,,,Wild Type,,Wild Type,,hinted_102104/rp102104_18_0475S.mov,hinted_102104_slug/rp102104p2_18.mov,rp102104_wavelet_jpeg/rp102104_18_w.jpg,med-low density,
102104_19,V10160,,REMI,Wild Type,,Wild Type,,,,,,Wild Type,,Wild Type,,hinted_102104/rp102104_19_0125S.mov,hinted_102104_slug/rp102104p2_19.mov,rp102104_wavelet_jpeg/rp102104_19_w.jpg,medium density,
102104_20,V10122,,REMI,Wild Type,,Wild Type,,,,,,Wild Type,,Wild Type,,hinted_102104/rp102104_20_0001S.mov,hinted_102104_slug/rp102104p2_20.mov,rp102104_wavelet_jpeg/rp102104_20_w.jpg,medium density,
102104_21,V10118,,REMI,Wild Type,,Wild Type,,,,,,Wild Type,,Wild Type,,hinted_102104/rp102104_21_0100S.mov,hinted_102104_slug/rp102104p2_21.mov,rp102104_wavelet_jpeg/rp102104_21_w.jpg,medium-high density,
102104_22,V10133,,REMI,Wild Type,,Wild Type,,,,Wild Type,,Wild Type,,Wild Type,,hinted_102104/rp102104_22_0100S.mov,hinted_102104_slug/rp102104p2_22.mov,rp102104_wavelet_jpeg/rp102104_22_w.jpg,,
102104_23,V10130,,REMI,Undeterminable,,Undeterminable,,,,,,Wild Type,,Wild Type,,hinted_102104/rp102104_23_0200S.mov,hinted_102104_slug/rp102104p2_23.mov,rp102104_wavelet_jpeg/rp102104_23_w.jpg,med-low density,
102104_24,V10142,,REMI,Undeterminable,,Undeterminable,,,,,,Wild Type,,Wild Type,,hinted_102104/rp102104_24_0475S.mov,hinted_102104_slug/rp102104p2_24.mov,rp102104_wavelet_jpeg/rp102104_24_w.jpg,med-low density,
102104_25,V10138,,REMI,Undeterminable,,Wild Type,,,,,,Wild Type,,Wild Type,,hinted_102104/rp102104_25_0250S.mov,hinted_102104_slug/rp102104p2_25.mov,rp102104_wavelet_jpeg/rp102104_25_w.jpg,med-low density,
102104_26,V10154,,REMI,Undeterminable,,Undeterminable,,,,,,Wild Type,,Wild Type,,hinted_102104/rp102104_26_0400S.mov,hinted_102104_slug/rp102104p2_26.mov,rp102104_wavelet_jpeg/rp102104_26_w.jpg,med-low density,
102104_27,V10149,,REMI,Wild Type,,Wild Type,,,,,,Wild Type,,Wild Type,,hinted_102104/rp102104_27_0050S.mov,hinted_102104_slug/rp102104p2_27.mov,rp102104_wavelet_jpeg/rp102104_27_w.jpg,medium density,
102104_28,V10171,,REMI,Aberrant,low freq; minor; non uniform density accumulation,Aberrant,,,,,,Wild Type,,Wild Type,,hinted_102104/rp102104_28_0200S.mov,hinted_102104_slug/rp102104p2_28.mov,rp102104_wavelet_jpeg/rp102104_28_w.jpg,med density,
102104_29,V10162,,REMI,Undeterminable,,Undeterminable,,,,,,Wild Type,,Wild Type,,hinted_102104/rp102104_29_0475S.mov,hinted_102104_slug/rp102104p2_29.mov,rp102104_wavelet_jpeg/rp102104_29_w.jpg,med-low density,
102504_00,V10178,,REMI,Wild Type,,Wild Type,,,,Wild Type,,Wild Type,,Wild Type,,hinted_102504/rp102504_00_0001S.mov,hinted_102504_slug/rp102504p2_00.mov,rp102504_wavelet_jpeg/rp102504_00_w.jpg,,
102504_01,V10172,,REMI,Wild Type,,Wild Type,,,,Wild Type,,Wild Type,,Wild Type,,hinted_102504/rp102504_01_0001S.mov,hinted_102504_slug/rp102504p2_01.mov,rp102504_wavelet_jpeg/rp102504_01_w.jpg,,
102504_02,V10187,,REMI,Wild Type,,Wild Type,,,,Wild Type,,Wild Type,,Wild Type,,hinted_102504/rp102504_02_0125S.mov,hinted_102504_slug/rp102504p2_02.mov,rp102504_wavelet_jpeg/rp102504_02_w.jpg,polarized morph during axenic growth; medium density,
102504_03,V10182,,REMI,Wild Type,,Wild Type,,,,Wild Type,,Wild Type,,Wild Type,,hinted_102504/rp102504_03_0125S.mov,hinted_102504_slug/rp102504p2_03.mov,rp102504_wavelet_jpeg/rp102504_03_w.jpg,polarized morph during axenic growth; medium density,
102504_04,V10219,,REMI,Wild Type,late,Wild Type,,,,Wild Type,,Wild Type,,Wild Type,,hinted_102504/rp102504_04_0200S.mov,hinted_102504_slug/rp102504p2_04.mov,rp102504_wavelet_jpeg/rp102504_04_w.jpg,polarzied morph during axenic growth; some bacteria left; minor contamination after plating,
102504_05,V10193,,REMI,Wild Type,,Wild Type,,,,Wild Type,,Wild Type,,Wild Type,,hinted_102504/rp102504_05_0001S.mov,hinted_102504_slug/rp102504p2_05.mov,rp102504_wavelet_jpeg/rp102504_05_w.jpg,,
102504_06,V10304,D1003,REMI,Wild Type,,Wild Type,,,,Wild Type,,Wild Type,,Wild Type,,hinted_102504/rp102504_06_0025S.mov,hinted_102504_slug/rp102504p2_06.mov,rp102504_wavelet_jpeg/rp102504_06_w.jpg,severely conf,
102504_07,V10289,,REMI,Undeterminable,,Wild Type,,,,Wild Type,,Wild Type,,Wild Type,,hinted_102504/rp102504_07_0250S.mov,hinted_102504_slug/rp102504p2_07.mov,rp102504_wavelet_jpeg/rp102504_07_w.jpg,chemotactic polarized,
102504_08,AX4 clone #2,,,Wild Type,,Wild Type,,,,Wild Type,,Wild Type,,Wild Type,,hinted_102504/rp102504_08_0025S.mov,hinted_102504_slug/rp102504p2_08.mov,rp102504_wavelet_jpeg/rp102504_08_w.jpg,uniform in size during axenic growth,
102504_09,V10310,D1003,REMI,Wild Type,,Wild Type,,,,Wild Type,,Wild Type,,Wild Type,,hinted_102504/rp102504_09_0050S.mov,hinted_102504_slug/rp102504p2_09.mov,rp102504_wavelet_jpeg/rp102504_09_w.jpg,conf,
102504_10,V10180,,REMI,Wild Type,,Wild Type,,,,,,Wild Type,,Wild Type,,hinted_102504/rp102504_10_0001S.mov,hinted_102504_slug/rp102504p2_10.mov,rp102504_wavelet_jpeg/rp102504_10_w.jpg,,
102504_11,V10173,,REMI,Wild Type,late,Wild Type,,,,,,Wild Type,,Wild Type,,hinted_102504/rp102504_11_0100S.mov,hinted_102504_slug/rp102504p2_11.mov,rp102504_wavelet_jpeg/rp102504_11_w.jpg,polarized morph during axenic growth; medium density,
102504_12,V10188,,REMI,Wild Type,turbulent; small territories,Aberrant,,,,,,Wild Type,,Wild Type,,hinted_102504/rp102504_12_0001S.mov,hinted_102504_slug/rp102504p2_12.mov,rp102504_wavelet_jpeg/rp102504_12_w.jpg,conf; some minor mound arrest,
102504_13,V10183,,REMI,Wild Type,,Wild Type,,,,Wild Type,,Wild Type,,Wild Type,,hinted_102504/rp102504_13_0075S.mov,hinted_102504_slug/rp102504p2_13.mov,rp102504_wavelet_jpeg/rp102504_13_w.jpg,chemotactic polarized,
102504_14,V10232,,REMI,Wild Type,late,Wild Type,,,,Wild Type,,Wild Type,,Wild Type,,hinted_102504/rp102504_14_0125S.mov,hinted_102504_slug/rp102504p2_14.mov,rp102504_wavelet_jpeg/rp102504_14_w.jpg,polarized morph during axenic growth; medium-low density,
102504_15,V10196,,REMI,Undeterminable,,Wild Type,,,,Wild Type,,Wild Type,,Wild Type,,hinted_102504/rp102504_15_0075S.mov,hinted_102504_slug/rp102504p2_15.mov,rp102504_wavelet_jpeg/rp102504_15_w.jpg,medium-low early detachment,
102504_16,V10305,,REMI,Wild Type,,Wild Type,,,,Wild Type,,Wild Type,,Wild Type,,hinted_102504/rp102504_16_0050S.mov,hinted_102504_slug/rp102504p2_16.mov,rp102504_wavelet_jpeg/rp102504_16_w.jpg,,
102504_17,V10290,,REMI,Wild Type,,Wild Type,,,,Wild Type,,Wild Type,,Wild Type,,hinted_102504/rp102504_17_0025S.mov,hinted_102504_slug/rp102504p2_17.mov,rp102504_wavelet_jpeg/rp102504_17_w.jpg,conf; strongly phototactic?,
102504_18,AX4 clone #3,,,Wild Type,,Wild Type,,,,Wild Type,,Wild Type,,Wild Type,,hinted_102504/rp102504_18_0150S.mov,hinted_102504_slug/rp102504p2_18.mov,rp102504_wavelet_jpeg/rp102504_18_w.jpg,chemotactic polarized; medium-low density,
102504_19,V10312,,REMI,Wild Type,,Wild Type,,,,,,Wild Type,,Wild Type,,hinted_102504/rp102504_19_0025S.mov,hinted_102504_slug/rp102504p2_19.mov,rp102504_wavelet_jpeg/rp102504_19_w.jpg,,
102504_20,V10181,,REMI,Undeterminable,turbulent,Wild Type,,,,,,Wild Type,,Wild Type,,hinted_102504/rp102504_20_0025S.mov,hinted_102504_slug/rp102504p2_20.mov,rp102504_wavelet_jpeg/rp102504_20_w.jpg,cell size slightly non-uniform during axenic growth,
102504_21,V10177,,REMI,Undeterminable,turbulent,Wild Type,,,,,,Wild Type,,Wild Type,,hinted_102504/rp102504_21_0001S.mov,hinted_102504_slug/rp102504p2_21.mov,rp102504_wavelet_jpeg/rp102504_21_w.jpg,,
102504_22,V10189,,REMI,Wild Type,,Wild Type,,,,,,Wild Type,,Wild Type,,hinted_102504/rp102504_22_0001S.mov,hinted_102504_slug/rp102504p2_22.mov,rp102504_wavelet_jpeg/rp102504_22_w.jpg,conf,
102504_23,V10184,,REMI,Undeterminable,,Wild Type,,,,,,Wild Type,,Wild Type,,hinted_102504/rp102504_23_0200S.mov,hinted_102504_slug/rp102504p2_23.mov,rp102504_wavelet_jpeg/rp102504_23_w.jpg,medium-low density,
102504_24,V10237,,REMI,Undeterminable,,Wild Type,,,,,,Wild Type,,Wild Type,,hinted_102504/rp102504_24_0050S.mov,hinted_102504_slug/rp102504p2_24.mov,rp102504_wavelet_jpeg/rp102504_24_w.jpg,medium density,
102504_25,V10202,,REMI,Wild Type,,Wild Type,,,,,,Wild Type,,Wild Type,,hinted_102504/rp102504_25_0100S.mov,hinted_102504_slug/rp102504p2_25.mov,rp102504_wavelet_jpeg/rp102504_25_w.jpg,chemotacitc polarized,
102504_26,V10306,,REMI,Wild Type,,Wild Type,,,,,,Wild Type,,Wild Type,,hinted_102504/rp102504_26_0025S.mov,hinted_102504_slug/rp102504p2_26.mov,rp102504_wavelet_jpeg/rp102504_26_w.jpg,,
102504_27,V10302,D1003,REMI,Wild Type,,Wild Type,,,,,,Wild Type,,Wild Type,,hinted_102504/rp102504_27_0100S.mov,hinted_102504_slug/rp102504p2_27.mov,rp102504_wavelet_jpeg/rp102504_27_w.jpg,,
102504_28,AX4 clone #4,,,Wild Type,early breakup,Wild Type,,,,Aberrant,,Aberrant,,Aberrant,,hinted_102504/rp102504_28_0025S.mov,hinted_102504_slug/rp102504p2_28.mov,rp102504_wavelet_jpeg/rp102504_28_w.jpg,early detachment; FB fell down weak stalks,
102504_29,V10313,D1003,REMI,Wild Type,,Wild Type,,,,,,Wild Type,,Wild Type,,hinted_102504/rp102504_29_0125S.mov,hinted_102504_slug/rp102504p2_29.mov,rp102504_wavelet_jpeg/rp102504_29_w.jpg,,
102804_00,V10317,D1003,REMI,Wild Type,,Wild Type,,,,Wild Type,,Wild Type,,Wild Type,,hinted_102804/rp102804_00_0001S.mov,hinted_102804_slug/rp102804p2_00.mov,rp102804_wavelet_jpeg/rp102804_00_w.jpg,conf,
102804_01,V10314,D1003,REMI,Wild Type,,Wild Type,,,,Wild Type,,Wild Type,,Wild Type,,hinted_102804/rp102804_01_0001S.mov,hinted_102804_slug/rp102804p2_01.mov,rp102804_wavelet_jpeg/rp102804_01_w.jpg,conf,
102804_02,V10329,,REMI,Wild Type,,Wild Type,,,,Wild Type,,Wild Type,,Wild Type,,hinted_102804/rp102804_02_0025S.mov,hinted_102804_slug/rp102804p2_02.mov,rp102804_wavelet_jpeg/rp102804_02_w.jpg,,
102804_03,V10324,D1003,REMI,Wild Type,,Wild Type,,,,Wild Type,,Wild Type,,Wild Type,,hinted_102804/rp102804_03_0001S.mov,hinted_102804_slug/rp102804p2_03.mov,rp102804_wavelet_jpeg/rp102804_03_w.jpg,severely conf,
102804_04,V10432,D1004,REMI,Wild Type,,Aberrant,,,,Wild Type,,Wild Type,,Wild Type,,hinted_102804/rp102804_04_0025S.mov,hinted_102804_slug/rp102804p2_04.mov,rp102804_wavelet_jpeg/rp102804_04_w.jpg,conf,
102804_05,V10337,,REMI,Wild Type,,Wild Type,,,,Wild Type,,Wild Type,,Wild Type,,hinted_102804/rp102804_05_0001S.mov,hinted_102804_slug/rp102804p2_05.mov,rp102804_wavelet_jpeg/rp102804_05_w.jpg,conf,
102804_06,V10472,D1003,REMI,Wild Type,,Wild Type,,,,Wild Type,,Wild Type,,Wild Type,,hinted_102804/rp102804_06_0075S.mov,hinted_102804_slug/rp102804p2_06.mov,rp102804_wavelet_jpeg/rp102804_06_w.jpg,conf,
102804_07,V10455,D1003,REMI,Aberrant,amplitude,Wild Type,,,,Aberrant,,Wild Type,,Wild Type,,hinted_102804/rp102804_07_0125S.mov,hinted_102804_slug/rp102804p2_07.mov,rp102804_wavelet_jpeg/rp102804_07_w.jpg,"severely conf; slugs have all migrated to the edge of the well; ",
102804_08,V10593,D1004,REMI,Aberrant,turbulent,Aberrant,,,,None,,Wild Type,,Wild Type,,hinted_102804/rp102804_08_0001S.mov,hinted_102804_slug/rp102804p2_08.mov,rp102804_wavelet_jpeg/rp102804_08_w.jpg,some mound arrest,
102804_09,V10492,D1004,REMI,Aberrant,amplitude; frequency,Wild Type,,,,Undeterminable,,Aberrant,,Wild Type,,hinted_102804/rp102804_09_0125S.mov,hinted_102804_slug/rp102804p2_09.mov,rp102804_wavelet_jpeg/rp102804_09_w.jpg,very small FB with glassy sorous,
102804_10,V10318,D1003,REMI,Wild Type,large territory,Wild Type,,,,Wild Type,,Wild Type,,Wild Type,,hinted_102804/rp102804_10_0001S.mov,hinted_102804_slug/rp102804p2_10.mov,rp102804_wavelet_jpeg/rp102804_10_w.jpg,conf,
102804_11,V10315,D1003,REMI,Wild Type,,Wild Type,,,,Wild Type,,Wild Type,,Wild Type,,hinted_102804/rp102804_11_0001S.mov,hinted_102804_slug/rp102804p2_11.mov,rp102804_wavelet_jpeg/rp102804_11_w.jpg,conf,
102804_12,V10330,,REMI,Undeterminable,frequency,Wild Type,,,,Wild Type,,Wild Type,,Wild Type,,hinted_102804/rp102804_12_0100S.mov,hinted_102804_slug/rp102804p2_12.mov,rp102804_wavelet_jpeg/rp102804_12_w.jpg,medium density,
102804_13,V10325,D1003,REMI,Wild Type,,Wild Type,,,,Wild Type,,Wild Type,,Wild Type,,hinted_102804/rp102804_13_0001S.mov,hinted_102804_slug/rp102804p2_13.mov,rp102804_wavelet_jpeg/rp102804_13_w.jpg,,
102804_14,V10436,D1004,REMI,Wild Type,,Wild Type,,,,Wild Type,,Wild Type,,Wild Type,,hinted_102804/rp102804_14_0025S.mov,hinted_102804_slug/rp102804p2_14.mov,rp102804_wavelet_jpeg/rp102804_14_w.jpg,conf,
102804_15,V10358,D1003,REMI,Wild Type,,Wild Type,,,,Wild Type,,Wild Type,,Wild Type,,hinted_102804/rp102804_15_0050S.mov,hinted_102804_slug/rp102804p2_15.mov,rp102804_wavelet_jpeg/rp102804_15_w.jpg,conf,
102804_16,V10478,D1003,REMI,Wild Type,,Wild Type,,,,Wild Type,,Wild Type,,Wild Type,,hinted_102804/rp102804_16_0075S.mov,hinted_102804_slug/rp102804p2_16.mov,rp102804_wavelet_jpeg/rp102804_16_w.jpg,conf,
102804_17,V10458,D1003,REMI,Wild Type,,Wild Type,,,,Wild Type,,Wild Type,,Wild Type,,hinted_102804/rp102804_17_0100S.mov,hinted_102804_slug/rp102804p2_17.mov,rp102804_wavelet_jpeg/rp102804_17_w.jpg,conf,
102804_18,AX4 #2,,,Wild Type,,Wild Type,,,,Wild Type,,Wild Type,,Wild Type,,hinted_102804/rp102804_18_0001S.mov,hinted_102804_slug/rp102804p2_18.mov,rp102804_wavelet_jpeg/rp102804_18_w.jpg,severely conf,
102804_19,V10495,D1004,REMI,Wild Type,,Wild Type,,,,Aberrant,,Aberrant,,Wild Type,,hinted_102804/rp102804_19_0075S.mov,hinted_102804_slug/rp102804p2_19.mov,rp102804_wavelet_jpeg/rp102804_19_w.jpg,conf; some normal FBs others are slug round-up mound-like structures,
102804_20,V10322,D1003,REMI,Undeterminable,,Undeterminable,,,,Undeterminable,,Aberrant,,Wild Type,,hinted_102804/rp102804_20_0100S.mov,hinted_102804_slug/rp102804p2_20.mov,rp102804_wavelet_jpeg/rp102804_20_w.jpg,medium-high; FBs with short stalk,
102804_21,V10316,D1003,REMI,Wild Type,,Wild Type,,,,Wild Type,,Wild Type,,Wild Type,,hinted_102804/rp102804_21_0001S.mov,hinted_102804_slug/rp102804p2_21.mov,rp102804_wavelet_jpeg/rp102804_21_w.jpg,,
102804_22,V10335,,REMI,Wild Type,,Wild Type,,,,Wild Type,,Wild Type,,Wild Type,,hinted_102804/rp102804_22_0025S.mov,hinted_102804_slug/rp102804p2_22.mov,rp102804_wavelet_jpeg/rp102804_22_w.jpg,,
102804_23,V10327,D1003,REMI,Wild Type,,Wild Type,,,,Wild Type,,Wild Type,,Wild Type,,hinted_102804/rp102804_23_0001S.mov,hinted_102804_slug/rp102804p2_23.mov,rp102804_wavelet_jpeg/rp102804_23_w.jpg,,
102804_24,V10438,D1004,REMI,Wild Type,,Aberrant,,,,Wild Type,,Wild Type,,Wild Type,,hinted_102804/rp102804_24_0050S.mov,hinted_102804_slug/rp102804p2_24.mov,rp102804_wavelet_jpeg/rp102804_24_w.jpg,conf,
102804_25,V10363,D1003,REMI,Aberrant,,Undeterminable,,,,Wild Type,,Wild Type,,Wild Type,,hinted_102804/rp102804_25_0001S.mov,hinted_102804_slug/rp102804p2_25.mov,rp102804_wavelet_jpeg/rp102804_25_w.jpg,,
102804_26,V10490,D1004,REMI,Aberrant,,Wild Type,,,,Wild Type,,Wild Type,,Wild Type,,hinted_102804/rp102804_26_0100S.mov,hinted_102804_slug/rp102804p2_26.mov,rp102804_wavelet_jpeg/rp102804_26_w.jpg,conf,
102804_27,V10468,D1004,REMI,Aberrant,amplitude,Undeterminable,,,,Wild Type,,Wild Type,,Wild Type,,hinted_102804/rp102804_27_0075S.mov,hinted_102804_slug/rp102804p2_27.mov,rp102804_wavelet_jpeg/rp102804_27_w.jpg,,
102804_28,AX4 #4,,REMI,Aberrant,,Wild Type,,,,Undeterminable,,Aberrant,,Aberrant,,hinted_102804/rp102804_28_0001S.mov,hinted_102804_slug/rp102804p2_28.mov,rp102804_wavelet_jpeg/rp102804_28_w.jpg,non-uniform in size during growth; some aberrant morph similar to previous run,
102804_29,V10508,D1004,REMI,Undeterminable,late,Undeterminable,,,,Undeterminable,,Aberrant,,Wild Type,,hinted_102804/rp102804_29_0200S.mov,hinted_102804_slug/rp102804p2_29.mov,rp102804_wavelet_jpeg/rp102804_29_w.jpg,conf; FBs many stalk-like struc on substrate,
110104_00,AX4 clone #3,,,Aberrant,frequency,Wild Type,,,,Wild Type,,Wild Type,,Wild Type,,hinted_110104/rp110104_00_0050S.mov,hinted_110104_slug/rp110104p2_00.mov,rp110104_wavelet_jpeg/rp110104_00_w.jpg,chem morph,
110104_01,AX4 clone #2,,,Wild Type,,Wild Type,,,,Wild Type,,Wild Type,,Wild Type,,hinted_110104/rp110104_01_0001S.mov,hinted_110104_slug/rp110104p2_01.mov,rp110104_wavelet_jpeg/rp110104_01_w.jpg,conf,
110104_02,V10130,,REMI,Wild Type,,Wild Type,,,,Wild Type,,Wild Type,,Wild Type,,hinted_110104/rp110104_02_0100S.mov,hinted_110104_slug/rp110104p2_02.mov,rp110104_wavelet_jpeg/rp110104_02_w.jpg,pol,
110104_03,V10120,,REMI,Undeterminable,,Undeterminable,,,,Wild Type,,Wild Type,,Wild Type,,hinted_110104/rp110104_03_0200S.mov,hinted_110104_slug/rp110104p2_03.mov,rp110104_wavelet_jpeg/rp110104_03_w.jpg,pol,
110104_04,V10142,,REMI,Undeterminable,large territory,Wild Type,,,,Wild Type,,Wild Type,,Wild Type,,hinted_110104/rp110104_04_0150S.mov,hinted_110104_slug/rp110104p2_04.mov,rp110104_wavelet_jpeg/rp110104_04_w.jpg,pol medium density,
110104_05,V10138,,REMI,Undeterminable,,Wild Type,,,,Wild Type,,Wild Type,,Wild Type,,hinted_110104/rp110104_05_0200S.mov,hinted_110104_slug/rp110104p2_05.mov,rp110104_wavelet_jpeg/rp110104_05_w.jpg,pol medium-low density,
110104_06,V10173,,REMI,Wild Type,,Wild Type,,,,Wild Type,,Wild Type,,Wild Type,,hinted_110104/rp110104_06_0025S.mov,hinted_110104_slug/rp110104p2_06.mov,rp110104_wavelet_jpeg/rp110104_06_w.jpg,conf,
110104_07,V10162,,REMI,Undeterminable,late; large territory,Wild Type,,,,Wild Type,,Wild Type,,Wild Type,,hinted_110104/rp110104_07_0200S.mov,hinted_110104_slug/rp110104p2_07.mov,rp110104_wavelet_jpeg/rp110104_07_w.jpg,pol medium-low density,
110104_08,V10237,,REMI,Undeterminable,,Wild Type,,,,Wild Type,,Wild Type,,Wild Type,,hinted_110104/rp110104_08_0175S.mov,hinted_110104_slug/rp110104p2_08.mov,rp110104_wavelet_jpeg/rp110104_08_w.jpg,,
110104_09,V10187,,REMI,Wild Type,,Wild Type,,,,Wild Type,,Wild Type,,Wild Type,,hinted_110104/rp110104_09_0025S.mov,hinted_110104_slug/rp110104p2_09.mov,rp110104_wavelet_jpeg/rp110104_09_w.jpg,,
110104_10,AX4 clone #4,,,Aberrant,,Wild Type,,,,Aberrant,,Aberrant,,Wild Type,,hinted_110104/rp110104_10_0001S.mov,hinted_110104_slug/rp110104p2_10.mov,rp110104_wavelet_jpeg/rp110104_10_w.jpg,conf; cell size non-uniform,
110104_11,AX4 clone #2,,,Wild Type,,Wild Type,,,,Wild Type,,Wild Type,,Wild Type,,hinted_110104/rp110104_11_0025S.mov,hinted_110104_slug/rp110104p2_11.mov,rp110104_wavelet_jpeg/rp110104_11_w.jpg,severely conf,
110104_12,V10131,,REMI,Undeterminable,turbulent,Wild Type,,,,Wild Type,,Wild Type,,Wild Type,,hinted_110104/rp110104_12_0001S.mov,hinted_110104_slug/rp110104p2_12.mov,rp110104_wavelet_jpeg/rp110104_12_w.jpg,conf,
110104_13,V10121,,REMI,Undeterminable,late,Wild Type,,,,Wild Type,,Wild Type,,Aberrant,,hinted_110104/rp110104_13_0225S.mov,hinted_110104_slug/rp110104p2_13.mov,rp110104_wavelet_jpeg/rp110104_13_w.jpg,pol medium density,
110104_14,V10151,,REMI,Wild Type,,Wild Type,,,,Wild Type,,Wild Type,,Wild Type,,hinted_110104/rp110104_14_0025S.mov,hinted_110104_slug/rp110104p2_14.mov,rp110104_wavelet_jpeg/rp110104_14_w.jpg,conf; phototactic slugs,
110104_15,V10139,,REMI,Wild Type,,Wild Type,,,,Wild Type,,Wild Type,,Wild Type,,hinted_110104/rp110104_15_0025S.mov,hinted_110104_slug/rp110104p2_15.mov,rp110104_wavelet_jpeg/rp110104_15_w.jpg,conf,
110104_16,V10182,,REMI,Wild Type,turbulent,Wild Type,,,,Wild Type,,Wild Type,,Wild Type,,hinted_110104/rp110104_16_0025S.mov,hinted_110104_slug/rp110104p2_16.mov,rp110104_wavelet_jpeg/rp110104_16_w.jpg,,
110104_17,V10169,,REMI,Undeterminable,"late, large territory",Wild Type,,,,Wild Type,,Wild Type,,Wild Type,,hinted_110104/rp110104_17_0200S.mov,hinted_110104_slug/rp110104p2_17.mov,rp110104_wavelet_jpeg/rp110104_17_w.jpg,pol medium-low density,
110104_18,V31547,,REMI,Wild Type,,Wild Type,,,,,,Wild Type,,Wild Type,,hinted_110104/rp110104_18_0025S.mov,hinted_110104_slug/rp110104p2_18.mov,rp110104_wavelet_jpeg/rp110104_18_w.jpg,conf,
110104_19,V10196,,REMI,Undeterminable,frequency (minor),Wild Type,,,,Wild Type,,Wild Type,,Wild Type,,hinted_110104/rp110104_19_0075S.mov,hinted_110104_slug/rp110104p2_19.mov,rp110104_wavelet_jpeg/rp110104_19_w.jpg,pol medium density,
110104_20,AX4 clone #4,,,Undeterminable,,Wild Type,,,,Aberrant,,Aberrant,,Wild Type,,hinted_110104/rp110104_20_0001S.mov,hinted_110104_slug/rp110104p2_20.mov,rp110104_wavelet_jpeg/rp110104_20_w.jpg,conf; cell size non-uniform,
110104_21,AX4 clone #3,,,Undeterminable,late (minor),Wild Type,,,,Wild Type,,Wild Type,,Wild Type,,hinted_110104/rp110104_21_0125S.mov,hinted_110104_slug/rp110104p2_21.mov,rp110104_wavelet_jpeg/rp110104_21_w.jpg,chem morph,
110104_22,V10134,,REMI,Wild Type,,Wild Type,,,,Wild Type,,Wild Type,,Wild Type,,hinted_110104/rp110104_22_0100S.mov,hinted_110104_slug/rp110104p2_22.mov,rp110104_wavelet_jpeg/rp110104_22_w.jpg,,
110104_23,V10128,,REMI,Undeterminable,late,Wild Type,,,,Wild Type,,Wild Type,,Wild Type,,hinted_110104/rp110104_23_0200S.mov,hinted_110104_slug/rp110104p2_23.mov,rp110104_wavelet_jpeg/rp110104_23_w.jpg,medium density,
110104_24,V10154,,REMI,Wild Type,,Wild Type,,,,Wild Type,,Wild Type,,Wild Type,,hinted_110104/rp110104_24_0225S.mov,hinted_110104_slug/rp110104p2_24.mov,rp110104_wavelet_jpeg/rp110104_24_w.jpg,pol medium-low density,
110104_25,V10140,,REMI,Wild Type,,Wild Type,,,,Wild Type,,Wild Type,,Wild Type,,hinted_110104/rp110104_25_0100S.mov,hinted_110104_slug/rp110104p2_25.mov,rp110104_wavelet_jpeg/rp110104_25_w.jpg,pol medium-low density,
110104_26,V10184,,REMI,Wild Type,,Wild Type,,,,Wild Type,,Wild Type,,Wild Type,,hinted_110104/rp110104_26_0050S.mov,hinted_110104_slug/rp110104p2_26.mov,rp110104_wavelet_jpeg/rp110104_26_w.jpg,medium density,
110104_27,V10171,,REMI,Aberrant,local pulsing,Aberrant,,,,Undeterminable,,Wild Type,,Wild Type,,hinted_110104/rp110104_27_0150S.mov,hinted_110104_slug/rp110104p2_27.mov,rp110104_wavelet_jpeg/rp110104_27_w.jpg,conf,
110104_28,V31583,,REMI,Wild Type,,Wild Type,,,,,,Wild Type,,Wild Type,,hinted_110104/rp110104_28_0025S.mov,hinted_110104_slug/rp110104p2_28.mov,rp110104_wavelet_jpeg/rp110104_28_w.jpg,,
110104_29,V10232,,REMI,Wild Type,,Wild Type,,,,Wild Type,,Wild Type,,Wild Type,,hinted_110104/rp110104_29_0075S.mov,hinted_110104_slug/rp110104p2_29.mov,rp110104_wavelet_jpeg/rp110104_29_w.jpg,pol medium-low density,
110404_00,V31629,,REMI,Wild Type,,Wild Type,,,,Wild Type,,Wild Type,,Wild Type,,hinted_110404/rp110404_00_0001S.mov,hinted_110404_slug/rp110404p2_00.mov,rp110404_wavelet_jpeg/rp110404_00_w.jpg,,
110404_01,V31614,,REMI,Wild Type,,Wild Type,,,,Wild Type,,Wild Type,,Wild Type,,hinted_110404/rp110404_01_0001S.mov,hinted_110404_slug/rp110404p2_01.mov,rp110404_wavelet_jpeg/rp110404_01_w.jpg,,
110404_02,V31640,,REMI,Wild Type,,Wild Type,,,,Wild Type,,Wild Type,,Wild Type,,hinted_110404/rp110404_02_0001S.mov,hinted_110404_slug/rp110404p2_02.mov,rp110404_wavelet_jpeg/rp110404_02_w.jpg,,
110404_03,V31637,,REMI,Wild Type,,Wild Type,,,,Wild Type,,Wild Type,,Wild Type,,hinted_110404/rp110404_03_0001S.mov,hinted_110404_slug/rp110404p2_03.mov,rp110404_wavelet_jpeg/rp110404_03_w.jpg,conf,
110404_04,V31689,,REMI,Undeterminable,,Undeterminable,,,,,,Wild Type,,Wild Type,,hinted_110404/rp110404_04_0200S.mov,hinted_110404_slug/rp110404p2_04.mov,rp110404_wavelet_jpeg/rp110404_04_w.jpg,chem morph during axenic growth; medium-low density,
110404_05,V31677,,REMI,Wild Type,,Wild Type,,,,Wild Type,,Wild Type,,Wild Type,,hinted_110404/rp110404_05_0025S.mov,hinted_110404_slug/rp110404p2_05.mov,rp110404_wavelet_jpeg/rp110404_05_w.jpg,conf; slugger?,
110404_06,V31725,,REMI,Wild Type,,Wild Type,,,,Wild Type,,Wild Type,,Wild Type,,hinted_110404/rp110404_06_0001S.mov,hinted_110404_slug/rp110404p2_06.mov,rp110404_wavelet_jpeg/rp110404_06_w.jpg,,
110404_07,V31705,,REMI,Wild Type,,Wild Type,,,,Wild Type,,Wild Type,,Wild Type,,hinted_110404/rp110404_07_0025S.mov,hinted_110404_slug/rp110404p2_07.mov,rp110404_wavelet_jpeg/rp110404_07_w.jpg,,
110404_08,V31757,,REMI,Wild Type,,Wild Type,,,,Wild Type,,Wild Type,,Wild Type,,hinted_110404/rp110404_08_0025S.mov,hinted_110404_slug/rp110404p2_08.mov,rp110404_wavelet_jpeg/rp110404_08_w.jpg,conf,
110404_09,V31746,,REMI,Wild Type,,Wild Type,,,,Wild Type,,Wild Type,,Wild Type,,hinted_110404/rp110404_09_0001S.mov,hinted_110404_slug/rp110404p2_09.mov,rp110404_wavelet_jpeg/rp110404_09_w.jpg,conf,
110404_10,V31631,,REMI,Wild Type,,Wild Type,,,,Wild Type,,Wild Type,,Wild Type,,hinted_110404/rp110404_10_0001S.mov,hinted_110404_slug/rp110404p2_10.mov,rp110404_wavelet_jpeg/rp110404_10_w.jpg,,
110404_11,V31619,,REMI,Undeterminable,,Undeterminable,,,,,,Wild Type,,Aberrant,,,hinted_110404_slug/rp110404p2_11.mov,rp110404_wavelet_jpeg/rp110404_11_w.jpg,conf; early detachment during axenic growth,
110404_12,V31669,,REMI,Wild Type,,Wild Type,,,,Wild Type,,Wild Type,,Wild Type,,hinted_110404/rp110404_12_0025S.mov,hinted_110404_slug/rp110404p2_12.mov,rp110404_wavelet_jpeg/rp110404_12_w.jpg,,
110404_13,V31639,,REMI,Aberrant,late,Aberrant,,,,,,Aberrant,,Aberrant,,hinted_110404/rp110404_13_0300S.mov,hinted_110404_slug/rp110404p2_13.mov,rp110404_wavelet_jpeg/rp110404_13_w.jpg,flat morphology during axenic growth; medium-low density; short stalk-like struc FB with no sori,
110404_14,V31690,,REMI,Wild Type,,Wild Type,,,,Wild Type,,Wild Type,,Wild Type,,hinted_110404/rp110404_14_0001S.mov,hinted_110404_slug/rp110404p2_14.mov,rp110404_wavelet_jpeg/rp110404_14_w.jpg,conf,
110404_15,V31684,,REMI,Undeterminable,,Undeterminable,,,,,,Wild Type,,Wild Type,,hinted_110404/rp110404_15_0250S.mov,hinted_110404_slug/rp110404p2_15.mov,rp110404_wavelet_jpeg/rp110404_15_w.jpg,ab morph during axenic growth; low density,
110404_16,V31737,,REMI,Wild Type,,Wild Type,,,,Wild Type,,Wild Type,,Wild Type,,hinted_110404/rp110404_16_0050S.mov,hinted_110404_slug/rp110404p2_16.mov,rp110404_wavelet_jpeg/rp110404_16_w.jpg,,
110404_17,V31709,,REMI,Wild Type,,Wild Type,,,,Wild Type,,Wild Type,,Wild Type,,hinted_110404/rp110404_17_0001S.mov,hinted_110404_slug/rp110404p2_17.mov,rp110404_wavelet_jpeg/rp110404_17_w.jpg,conf,
110404_18,V31758,,REMI,Wild Type,,Wild Type,,,,Wild Type,,Wild Type,,Wild Type,,hinted_110404/rp110404_18_0125S.mov,hinted_110404_slug/rp110404p2_18.mov,rp110404_wavelet_jpeg/rp110404_18_w.jpg,chem morph during axenic growth; medium-low density,
110404_19,V31748,,REMI,Wild Type,,Wild Type,,,,Wild Type,,Wild Type,,Wild Type,,hinted_110404/rp110404_19_0001S.mov,hinted_110404_slug/rp110404p2_19.mov,rp110404_wavelet_jpeg/rp110404_19_w.jpg,severely conf,
110404_20,V31636,,REMI,Wild Type,,Wild Type,,,,Wild Type,,Wild Type,,Wild Type,,hinted_110404/rp110404_20_0001S.mov,hinted_110404_slug/rp110404p2_20.mov,rp110404_wavelet_jpeg/rp110404_20_w.jpg,conf,
110404_21,V31624,,REMI,Wild Type,,Wild Type,,,,Wild Type,,Wild Type,,Wild Type,,hinted_110404/rp110404_21_0050S.mov,hinted_110404_slug/rp110404p2_21.mov,rp110404_wavelet_jpeg/rp110404_21_w.jpg,,
110404_22,V31670,,REMI,Undeterminable,,Undeterminable,,,,Undeterminable,,Wild Type,,Wild Type,,hinted_110404/rp110404_22_0200S.mov,hinted_110404_slug/rp110404p2_22.mov,rp110404_wavelet_jpeg/rp110404_22_w.jpg,ab morph during axenic growth; low density,
110404_23,AX3K (Ying),,,Undeterminable,early,Wild Type,,,,Wild Type,,Wild Type,,Wild Type,,hinted_110404/rp110404_23_0001S.mov,hinted_110404_slug/rp110404p2_23.mov,rp110404_wavelet_jpeg/rp110404_23_w.jpg,medium density,
110404_24,V31696,,REMI,Undeterminable,,Wild Type,,,,Undeterminable,,Wild Type,,Wild Type,,hinted_110404/rp110404_24_0200S.mov,hinted_110404_slug/rp110404p2_24.mov,rp110404_wavelet_jpeg/rp110404_24_w.jpg,ab morph during axenic growth; low density,
110404_25,V31685,,REMI,Undeterminable,latel; almost no signal,Undeterminable,,,,Undeterminable,,Undeterminable,,Wild Type,,hinted_110404/rp110404_25_0475S.mov,hinted_110404_slug/rp110404p2_25.mov,rp110404_wavelet_jpeg/rp110404_25_w.jpg,ab morph during axenic growth; low density,
110404_26,V31738,,REMI,Undeterminable,,Undeterminable,,,,Wild Type,,Aberrant,,Wild Type,,hinted_110404/rp110404_26_0100S.mov,hinted_110404_slug/rp110404p2_26.mov,rp110404_wavelet_jpeg/rp110404_26_w.jpg,medium density; polarized (minor) during growth; amost no stalk FB with spore head like struc,
110404_27,V31717,,REMI,Undeterminable,,Undeterminable,,,,Undeterminable,,Wild Type,,Wild Type,,hinted_110404/rp110404_27_0250S.mov,hinted_110404_slug/rp110404p2_27.mov,rp110404_wavelet_jpeg/rp110404_27_w.jpg,chem morph during axenic growth; low density,
110404_28,V31767,,REMI,Wild Type,,Undeterminable,,,,Wild Type,,Wild Type,,Wild Type,,hinted_110404/rp110404_28_0001S.mov,hinted_110404_slug/rp110404p2_28.mov,rp110404_wavelet_jpeg/rp110404_28_w.jpg,conf,
110404_29,V31752,,REMI,Aberrant,frequency,Wild Type,,,,Wild Type,,Wild Type,,Wild Type,,hinted_110404/rp110404_29_0050S.mov,hinted_110404_slug/rp110404p2_29.mov,rp110404_wavelet_jpeg/rp110404_29_w.jpg,chem morph during axenic growth; medium-high density,
110904_00,V11007,,REMI,Wild Type,,Wild Type,,,,Wild Type,,Wild Type,,Wild Type,,hinted_110904/rp110904_00_0025S.mov,hinted_110904_slug/rp110904p2_00.mov,rp110904_wavelet_jpeg/rp110904_00_w.jpg,,
110904_01,V11001,,REMI,Wild Type,,Wild Type,,,,Wild Type,,Wild Type,,Wild Type,,hinted_110904/rp110904_01_0001S.mov,hinted_110904_slug/rp110904p2_01.mov,rp110904_wavelet_jpeg/rp110904_01_w.jpg,conf,
110904_02,V11015,,REMI,Wild Type,,Wild Type,,,,Wild Type,,Wild Type,,Wild Type,,hinted_110904/rp110904_02_0025S.mov,hinted_110904_slug/rp110904p2_02.mov,rp110904_wavelet_jpeg/rp110904_02_w.jpg,conf,
110904_03,V11010,,REMI,Wild Type,,Wild Type,,,,Wild Type,,Wild Type,,Wild Type,,hinted_110904/rp110904_03_0025S.mov,hinted_110904_slug/rp110904p2_03.mov,rp110904_wavelet_jpeg/rp110904_03_w.jpg,conf,
110904_04,V11024,,REMI,Wild Type,,Wild Type,,,,Wild Type,,Wild Type,,Wild Type,,hinted_110904/rp110904_04_0001S.mov,hinted_110904_slug/rp110904p2_04.mov,rp110904_wavelet_jpeg/rp110904_04_w.jpg,conf,
110904_05,V11018,,REMI,Wild Type,,Wild Type,,,,Wild Type,,Wild Type,,Wild Type,,hinted_110904/rp110904_05_0001S.mov,hinted_110904_slug/rp110904p2_05.mov,rp110904_wavelet_jpeg/rp110904_05_w.jpg,some mound arrest,
110904_06,V11053,,REMI,Wild Type,,Wild Type,,,,Wild Type,,Wild Type,,Aberrant,,hinted_110904/rp110904_06_0001S.mov,hinted_110904_slug/rp110904p2_06.mov,rp110904_wavelet_jpeg/rp110904_06_w.jpg,"cells look uniformly larger ",
110904_07,V11039,,REMI,Aberrant,,None,,,,None,,None,,Wild Type,,hinted_110904/rp110904_07_0250S.mov,hinted_110904_slug/rp110904p2_07.mov,rp110904_wavelet_jpeg/rp110904_07_w.jpg,,
110904_08,AX4 (Thomason),,,Wild Type,,Wild Type,,,,None,,Wild Type,,Wild Type,,hinted_110904/rp110904_08_0050S.mov,hinted_110904_slug/rp110904p2_08.mov,rp110904_wavelet_jpeg/rp110904_08_w.jpg,,
110904_09,V11077,,REMI,Undeterminable,late,Wild Type,,,,Wild Type,,Aberrant,,Wild Type,,hinted_110904/rp110904_09_0150S.mov,hinted_110904_slug/rp110904p2_09.mov,rp110904_wavelet_jpeg/rp110904_09_w.jpg,"polarized cell morphology during axenic growth; low density; Aberrant FB with short stalk (lower half is on agar; sori look bent in one direction) ",
110904_10,V11008,,REMI,Wild Type,,Undeterminable,,,,Wild Type,,Wild Type,,Wild Type,,hinted_110904/rp110904_10_0001S.mov,hinted_110904_slug/rp110904p2_10.mov,rp110904_wavelet_jpeg/rp110904_10_w.jpg,some mound arrest,
110904_11,V11003,,REMI,Wild Type,,Wild Type,,,,Wild Type,,Wild Type,,Wild Type,,hinted_110904/rp110904_11_0025S.mov,hinted_110904_slug/rp110904p2_11.mov,rp110904_wavelet_jpeg/rp110904_11_w.jpg,,
110904_12,V11016,,REMI,Wild Type,,Wild Type,,,,Wild Type,,Wild Type,,Wild Type,,hinted_110904/rp110904_12_0001S.mov,hinted_110904_slug/rp110904p2_12.mov,rp110904_wavelet_jpeg/rp110904_12_w.jpg,,
110904_13,V11013,,REMI,Wild Type,,Wild Type,,,,Wild Type,,Wild Type,,Wild Type,,hinted_110904/rp110904_13_0001S.mov,hinted_110904_slug/rp110904p2_13.mov,rp110904_wavelet_jpeg/rp110904_13_w.jpg,,
110904_14,V11033,,REMI,Aberrant,,Aberrant,,,,Wild Type,,Wild Type,,Wild Type,,hinted_110904/rp110904_14_0001S.mov,hinted_110904_slug/rp110904p2_14.mov,rp110904_wavelet_jpeg/rp110904_14_w.jpg,severely conf; some mound arrest,
110904_15,V11019,,REMI,Wild Type,,Wild Type,,,,Wild Type,,Wild Type,,Wild Type,,hinted_110904/rp110904_15_0001S.mov,hinted_110904_slug/rp110904p2_15.mov,rp110904_wavelet_jpeg/rp110904_15_w.jpg,,
110904_16,V11059,,REMI,Wild Type,,Wild Type,,,,Wild Type,,Wild Type,,Wild Type,,hinted_110904/rp110904_16_0001S.mov,hinted_110904_slug/rp110904p2_16.mov,rp110904_wavelet_jpeg/rp110904_16_w.jpg,severely conf;,
110904_17,V11047,,REMI,Undeterminable,late,Wild Type,,,,Wild Type,,Wild Type,,Wild Type,,hinted_110904/rp110904_17_0200S.mov,hinted_110904_slug/rp110904p2_17.mov,rp110904_wavelet_jpeg/rp110904_17_w.jpg,chem cell morph during axenic growth; low density,
110904_18,AX4 (Thomason),,,Wild Type,,Wild Type,,,,None,,Wild Type,,Wild Type,,hinted_110904/rp110904_18_0025S.mov,hinted_110904_slug/rp110904p2_18.mov,rp110904_wavelet_jpeg/rp110904_18_w.jpg,,
110904_19,V11079,,REMI,Wild Type,,Wild Type,,,,Wild Type,,Wild Type,,Wild Type,,hinted_110904/rp110904_19_0001S.mov,hinted_110904_slug/rp110904p2_19.mov,rp110904_wavelet_jpeg/rp110904_19_w.jpg,some large cells during axenic growth,
110904_20,V11009,,REMI,Wild Type,,Wild Type,,,,Wild Type,,Wild Type,,Wild Type,,hinted_110904/rp110904_20_0100S.mov,hinted_110904_slug/rp110904p2_20.mov,rp110904_wavelet_jpeg/rp110904_20_w.jpg,medium density,
110904_21,V11006,,REMI,Wild Type,,Wild Type,,,,Wild Type,,Wild Type,,Wild Type,,hinted_110904/rp110904_21_0001S.mov,hinted_110904_slug/rp110904p2_21.mov,rp110904_wavelet_jpeg/rp110904_21_w.jpg,medium density,
110904_22,V11017,,REMI,Wild Type,,Wild Type,,,,Wild Type,,Wild Type,,Wild Type,,hinted_110904/rp110904_22_0001S.mov,hinted_110904_slug/rp110904p2_22.mov,rp110904_wavelet_jpeg/rp110904_22_w.jpg,,
110904_23,V11014,,REMI,Wild Type,,Wild Type,,,,Wild Type,,Wild Type,,Wild Type,,hinted_110904/rp110904_23_0101S.mov,hinted_110904_slug/rp110904p2_23.mov,rp110904_wavelet_jpeg/rp110904_23_w.jpg,medium density,
110904_24,V11036,,REMI,Wild Type,,Aberrant,,,,Undeterminable,,Wild Type,,Wild Type,,hinted_110904/rp110904_24_0001S.mov,hinted_110904_slug/rp110904p2_24.mov,rp110904_wavelet_jpeg/rp110904_24_w.jpg,,
110904_25,V11020,,REMI,Wild Type,,Wild Type,,,,Wild Type,,Wild Type,,Wild Type,,hinted_110904/rp110904_25_0001S.mov,hinted_110904_slug/rp110904p2_25.mov,rp110904_wavelet_jpeg/rp110904_25_w.jpg,,
110904_26,V11071,,REMI,Undeterminable,late,Wild Type,,,,Wild Type,,Wild Type,,Wild Type,,hinted_110904/rp110904_26_0175S.mov,hinted_110904_slug/rp110904p2_26.mov,rp110904_wavelet_jpeg/rp110904_26_w.jpg,strongly chemotactic cell morph during axenic growth; medium-low density,
110904_27,V11052,,REMI,Undeterminable,late,Wild Type,,,,Undeterminable,,Wild Type,,Wild Type,,hinted_110904/rp110904_27_0150S.mov,hinted_110904_slug/rp110904p2_27.mov,rp110904_wavelet_jpeg/rp110904_27_w.jpg,chemotactic cell morph during axenic growth; medium-low density,
110904_28,AX4 (Thomason),,,Wild Type,,Wild Type,,,,None,,Wild Type,,Wild Type,,hinted_110904/rp110904_28_0100S.mov,hinted_110904_slug/rp110904p2_28.mov,rp110904_wavelet_jpeg/rp110904_28_w.jpg,conf,
110904_29,AX4 (Thomason),,,Wild Type,,Wild Type,,,,None,,Wild Type,,Wild Type,,hinted_110904/rp110904_29_0025S.mov,hinted_110904_slug/rp110904p2_29.mov,rp110904_wavelet_jpeg/rp110904_29_w.jpg,conf,
111204_00,V30972,,REMI,Wild Type,,Wild Type,,,,Wild Type,,Wild Type,,Wild Type,,hinted_111204/rp111204_00_0001S.mov,hinted_111204_slug/rp111204p2_00.mov,rp111204_wavelet_jpeg/rp111204_00_w.jpg,conf,
111204_01,V30947,,REMI,Wild Type,,Wild Type,,,,Wild Type,,Wild Type,,Wild Type,,hinted_111204/rp111204_01_0001S.mov,hinted_111204_slug/rp111204p2_01.mov,rp111204_wavelet_jpeg/rp111204_01_w.jpg,conf,
111204_02,V31040,,REMI,Wild Type,,Wild Type,,,,Wild Type,,Wild Type,,Wild Type,,hinted_111204/rp111204_02_0001S.mov,hinted_111204_slug/rp111204p2_02.mov,rp111204_wavelet_jpeg/rp111204_02_w.jpg,conf,
111204_03,V30984,,REMI,Wild Type,,Wild Type,,,,Wild Type,,Wild Type,,Wild Type,,hinted_111204/rp111204_03_0001S.mov,hinted_111204_slug/rp111204p2_03.mov,rp111204_wavelet_jpeg/rp111204_03_w.jpg,conf,
111204_04,V31054,,REMI,Wild Type,,Wild Type,,,,Wild Type,,Wild Type,,Wild Type,,hinted_111204/rp111204_04_0001S.mov,hinted_111204_slug/rp111204p2_04.mov,rp111204_wavelet_jpeg/rp111204_04_w.jpg,conf,
111204_05,V31047,,REMI,Wild Type,,Wild Type,,,,Wild Type,,Wild Type,,Wild Type,,hinted_111204/rp111204_05_0001S.mov,hinted_111204_slug/rp111204p2_05.mov,rp111204_wavelet_jpeg/rp111204_05_w.jpg,conf,
111204_06,V31065,,REMI,Wild Type,,Wild Type,,,,Wild Type,,Wild Type,,Wild Type,,hinted_111204/rp111204_06_0001S.mov,hinted_111204_slug/rp111204p2_06.mov,rp111204_wavelet_jpeg/rp111204_06_w.jpg,,
111204_07,V31060,,REMI,Wild Type,,Wild Type,,,,Wild Type,,Wild Type,,Wild Type,,hinted_111204/rp111204_07_0025S.mov,hinted_111204_slug/rp111204p2_07.mov,rp111204_wavelet_jpeg/rp111204_07_w.jpg,severely conf,
111204_08,AX4 (Thomason),,,Wild Type,low freq,Wild Type,,,,None,,Wild Type,,Wild Type,,hinted_111204/rp111204_08_0050S.mov,hinted_111204_slug/rp111204p2_08.mov,rp111204_wavelet_jpeg/rp111204_08_w.jpg,the cells were taken from late plate with not very well defined feeding front; cells may have been starved,
111204_09,V31068,,REMI,Wild Type,,Wild Type,,,,Wild Type,,Wild Type,,Wild Type,,hinted_111204/rp111204_09_0001S.mov,hinted_111204_slug/rp111204p2_09.mov,rp111204_wavelet_jpeg/rp111204_09_w.jpg,,
111204_10,V30973,,REMI,Wild Type,,Wild Type,,,,Wild Type,,Wild Type,,Wild Type,,hinted_111204/rp111204_10_0001S.mov,hinted_111204_slug/rp111204p2_10.mov,rp111204_wavelet_jpeg/rp111204_10_w.jpg,,
111204_11,V30962,,REMI,,,,,,,,,Wild Type,,Wild Type,,hinted_111204/rp111204_11_0050S.mov,hinted_111204_slug/rp111204p2_11.mov,rp111204_wavelet_jpeg/rp111204_11_w.jpg,bacteria left during axenic growth; medium density; contamination during developmet,
111204_12,V31041,,REMI,Wild Type,,Wild Type,,,,Wild Type,,Wild Type,,Wild Type,,hinted_111204/rp111204_12_0001S.mov,hinted_111204_slug/rp111204p2_12.mov,rp111204_wavelet_jpeg/rp111204_12_w.jpg,conf,
111204_13,V31031,,REMI,Wild Type,turbulent,Wild Type,,,,Wild Type,,Wild Type,,Wild Type,,hinted_111204/rp111204_13_0001S.mov,hinted_111204_slug/rp111204p2_13.mov,rp111204_wavelet_jpeg/rp111204_13_w.jpg,,
111204_14,V31055,,REMI,Wild Type,,Wild Type,,,,Wild Type,,Wild Type,,Wild Type,,hinted_111204/rp111204_14_0001S.mov,hinted_111204_slug/rp111204p2_14.mov,rp111204_wavelet_jpeg/rp111204_14_w.jpg,bacteria left during axenic growth,
111204_15,V31048,,REMI,Wild Type,,Wild Type,,,,Wild Type,,Wild Type,,Wild Type,,hinted_111204/rp111204_15_0001S.mov,hinted_111204_slug/rp111204p2_15.mov,rp111204_wavelet_jpeg/rp111204_15_w.jpg,,
111204_16,V31066,,REMI,Wild Type,,Wild Type,,,,Wild Type,,Wild Type,,Wild Type,,hinted_111204/rp111204_16_0001S.mov,hinted_111204_slug/rp111204p2_16.mov,rp111204_wavelet_jpeg/rp111204_16_w.jpg,conf,
111204_17,V31063,,REMI,Wild Type,,Wild Type,,,,Wild Type,,Wild Type,,Wild Type,,hinted_111204/rp111204_17_0001S.mov,hinted_111204_slug/rp111204p2_17.mov,rp111204_wavelet_jpeg/rp111204_17_w.jpg,conf,
111204_18,AX4 (Thomason),,,,low freq,,,,,None,,Wild Type,,Wild Type,,hinted_111204/rp111204_18_0050S.mov,hinted_111204_slug/rp111204p2_18.mov,rp111204_wavelet_jpeg/rp111204_18_w.jpg,medium density; the cells were taken from late plate with not very well defined feeding front; cells may have been starved,
111204_19,V31071,,REMI,Wild Type,,Wild Type,,,,Wild Type,,Wild Type,,Wild Type,,hinted_111204/rp111204_19_0001S.mov,hinted_111204_slug/rp111204p2_19.mov,rp111204_wavelet_jpeg/rp111204_19_w.jpg,severely conf,
111204_20,V30980,,REMI,Wild Type,turbulent,Wild Type,,,,Wild Type,,Wild Type,,Wild Type,,hinted_111204/rp111204_20_0001S.mov,hinted_111204_slug/rp111204p2_20.mov,rp111204_wavelet_jpeg/rp111204_20_w.jpg,,
111204_21,V30967,,REMI,Wild Type,turbulent,Wild Type,,,,Wild Type,,Wild Type,,Wild Type,,hinted_111204/rp111204_21_0001S.mov,hinted_111204_slug/rp111204p2_21.mov,rp111204_wavelet_jpeg/rp111204_21_w.jpg,,
111204_22,V31045,,REMI,Wild Type,turbulent,Wild Type,,,,Wild Type,,Wild Type,,Wild Type,,hinted_111204/rp111204_22_0001S.mov,hinted_111204_slug/rp111204p2_22.mov,rp111204_wavelet_jpeg/rp111204_22_w.jpg,,
111204_23,V31037,,REMI,Wild Type,,Wild Type,,,,Wild Type,,Wild Type,,Wild Type,,hinted_111204/rp111204_23_0001S.mov,hinted_111204_slug/rp111204p2_23.mov,rp111204_wavelet_jpeg/rp111204_23_w.jpg,conf,
111204_24,V31056,,REMI,Wild Type,,Wild Type,,,,Wild Type,,Wild Type,,Wild Type,,hinted_111204/rp111204_24_0001S.mov,hinted_111204_slug/rp111204p2_24.mov,rp111204_wavelet_jpeg/rp111204_24_w.jpg,,
111204_25,V31053,,REMI,Wild Type,,Wild Type,,,,Wild Type,,Wild Type,,Wild Type,,hinted_111204/rp111204_25_0001S.mov,hinted_111204_slug/rp111204p2_25.mov,rp111204_wavelet_jpeg/rp111204_25_w.jpg,conf,
111204_26,V31067,,REMI,Wild Type,,Wild Type,,,,Wild Type,,Wild Type,,Wild Type,,hinted_111204/rp111204_26_0001S.mov,hinted_111204_slug/rp111204p2_26.mov,rp111204_wavelet_jpeg/rp111204_26_w.jpg,medium density,
111204_27,V31064,,REMI,Wild Type,turbulent,Wild Type,,,,Wild Type,,Wild Type,,Wild Type,,hinted_111204/rp111204_27_0001S.mov,hinted_111204_slug/rp111204p2_27.mov,rp111204_wavelet_jpeg/rp111204_27_w.jpg,,
111204_28,AX4 (Thomason),,,Undeterminable,,Undeterminable,,,,Undeterminable,,Undeterminable,,Wild Type,,hinted_111204/rp111204_28_0450S.mov,hinted_111204_slug/rp111204p2_28.mov,rp111204_wavelet_jpeg/rp111204_28_w.jpg,medium density; the cells were taken from late plate with not very well defined feeding front; cells may have been starved,
111204_29,V31072,,REMI,Wild Type,,Wild Type,,,,Wild Type,,Wild Type,,Wild Type,,hinted_111204/rp111204_29_0025S.mov,hinted_111204_slug/rp111204p2_29.mov,rp111204_wavelet_jpeg/rp111204_29_w.jpg,,
111504_00,V31079,,REMI,Wild Type,,Wild Type,,,,Wild Type,,Wild Type,,Wild Type,,hinted_111504/rp111504_00_0025S.mov,hinted_111504_slug/rp111504p2_00.mov,rp111504_wavelet_jpeg/rp111504_00_w.jpg,,
111504_01,V31073,,REMI,Wild Type,,Wild Type,,,,Wild Type,,Wild Type,,Wild Type,,hinted_111504/rp111504_01_0001S.mov,hinted_111504_slug/rp111504p2_01.mov,rp111504_wavelet_jpeg/rp111504_01_w.jpg,,
111504_02,V31086,,REMI,Wild Type,,Wild Type,,,,Wild Type,,Wild Type,,Wild Type,,hinted_111504/rp111504_02_0001S.mov,hinted_111504_slug/rp111504p2_02.mov,rp111504_wavelet_jpeg/rp111504_02_w.jpg,,
111504_03,V31083,,REMI,Wild Type,,Wild Type,,,,Wild Type,,Wild Type,,Wild Type,,hinted_111504/rp111504_03_0025S.mov,hinted_111504_slug/rp111504p2_03.mov,rp111504_wavelet_jpeg/rp111504_03_w.jpg,,
111504_04,V31095,,REMI,Wild Type,,Wild Type,,,,Wild Type,,Wild Type,,Wild Type,,hinted_111504/rp111504_04_0001S.mov,hinted_111504_slug/rp111504p2_04.mov,rp111504_wavelet_jpeg/rp111504_04_w.jpg,conf,
111504_05,V31090,,REMI,Wild Type,late (minor),Wild Type,,,,Wild Type,,Wild Type,,Wild Type,,hinted_111504/rp111504_05_0100S.mov,hinted_111504_slug/rp111504p2_05.mov,rp111504_wavelet_jpeg/rp111504_05_w.jpg,conf,
111504_06,V31109,,REMI,Wild Type,,Wild Type,,,,Wild Type,,Wild Type,,Wild Type,,hinted_111504/rp111504_06_0025S.mov,hinted_111504_slug/rp111504p2_06.mov,rp111504_wavelet_jpeg/rp111504_06_w.jpg,,
111504_07,V31106,,REMI,Wild Type,,Wild Type,,,,Wild Type,,Wild Type,,Wild Type,,hinted_111504/rp111504_07_0025S.mov,hinted_111504_slug/rp111504p2_07.mov,rp111504_wavelet_jpeg/rp111504_07_w.jpg,,
111504_08,AX4 clone #2,,,Wild Type,late,Wild Type,,,,Undeterminable,,Wild Type,,Wild Type,,hinted_111504/rp111504_08_0325S.mov,hinted_111504_slug/rp111504p2_08.mov,rp111504_wavelet_jpeg/rp111504_08_w.jpg,polarized cell morph during axenic growth; med-low density,
111504_09,V31117,,REMI,Wild Type,,Wild Type,,,,Wild Type,,Wild Type,,Wild Type,,hinted_111504/rp111504_09_0050S.mov,hinted_111504_slug/rp111504p2_09.mov,rp111504_wavelet_jpeg/rp111504_09_w.jpg,,
111504_10,V31080,,REMI,Undeterminable,turbulent,Undeterminable,,,,Wild Type,,Wild Type,,Wild Type,,hinted_111504/rp111504_10_0001S.mov,hinted_111504_slug/rp111504p2_10.mov,rp111504_wavelet_jpeg/rp111504_10_w.jpg,,
111504_11,V31077,,REMI,Wild Type,,Wild Type,,,,Wild Type,,Wild Type,,Wild Type,,hinted_111504/rp111504_11_0001S.mov,hinted_111504_slug/rp111504p2_11.mov,rp111504_wavelet_jpeg/rp111504_11_w.jpg,,
111504_12,V31087,,REMI,Wild Type,,Wild Type,,,,Wild Type,,Wild Type,,Wild Type,,hinted_111504/rp111504_12_0001S.mov,hinted_111504_slug/rp111504p2_12.mov,rp111504_wavelet_jpeg/rp111504_12_w.jpg,conf,
111504_13,V10435,,REMI,Aberrant,late; developmental,Wild Type,,,,Wild Type,,Wild Type,,Wild Type,,hinted_111504/rp111504_13_0125S.mov,hinted_111504_slug/rp111504p2_13.mov,rp111504_wavelet_jpeg/rp111504_13_w.jpg,,
111504_14,V31103,,REMI,Wild Type,,,,,,Wild Type,,Wild Type,,Wild Type,,hinted_111504/rp111504_14_0050S.mov,hinted_111504_slug/rp111504p2_14.mov,rp111504_wavelet_jpeg/rp111504_14_w.jpg,conf,
111504_15,V31091,,REMI,Wild Type,,Wild Type,,,,Wild Type,,Wild Type,,Wild Type,,hinted_111504/rp111504_15_0050S.mov,hinted_111504_slug/rp111504p2_15.mov,rp111504_wavelet_jpeg/rp111504_15_w.jpg,,
111504_16,V31112,,REMI,Wild Type,,Wild Type,,,,Wild Type,,Wild Type,,Wild Type,,hinted_111504/rp111504_16_0025S.mov,hinted_111504_slug/rp111504p2_16.mov,rp111504_wavelet_jpeg/rp111504_16_w.jpg,medium-high density,
111504_17,V31107,,REMI,Wild Type,,Wild Type,,,,Wild Type,,Wild Type,,Wild Type,,hinted_111504/rp111504_17_0050S.mov,hinted_111504_slug/rp111504p2_17.mov,rp111504_wavelet_jpeg/rp111504_17_w.jpg,conf,
111504_18,AX4 clone #2,,,Wild Type,,Wild Type,,,,Wild Type,,Wild Type,,Wild Type,,hinted_111504/rp111504_18_0075S.mov,hinted_111504_slug/rp111504p2_18.mov,rp111504_wavelet_jpeg/rp111504_18_w.jpg,medium-high density,
111504_19,V31118,,REMI,Wild Type,,Wild Type,,,,Wild Type,,Wild Type,,Wild Type,,hinted_111504/rp111504_19_0050S.mov,hinted_111504_slug/rp111504p2_19.mov,rp111504_wavelet_jpeg/rp111504_19_w.jpg,conf; slugger,
111504_20,V31081,,REMI,Wild Type,,Wild Type,,,,Wild Type,,Wild Type,,Wild Type,,hinted_111504/rp111504_20_0075S.mov,hinted_111504_slug/rp111504p2_20.mov,rp111504_wavelet_jpeg/rp111504_20_w.jpg,medium density,
111504_21,V31078,,REMI,Undeterminable,late,Undeterminable,,,,Wild Type,,Wild Type,,Wild Type,,hinted_111504/rp111504_21_0150S.mov,hinted_111504_slug/rp111504p2_21.mov,rp111504_wavelet_jpeg/rp111504_21_w.jpg,medium-low density,
111504_22,V31088,,REMI,Wild Type,,Wild Type,,,,Wild Type,,Wild Type,,Wild Type,,hinted_111504/rp111504_22_0075S.mov,hinted_111504_slug/rp111504p2_22.mov,rp111504_wavelet_jpeg/rp111504_22_w.jpg,medium density,
111504_23,V31085,,REMI,Wild Type,,Wild Type,,,,Wild Type,,Wild Type,,Wild Type,,hinted_111504/rp111504_23_0050S.mov,hinted_111504_slug/rp111504p2_23.mov,rp111504_wavelet_jpeg/rp111504_23_w.jpg,,
111504_24,V31105,,REMI,Aberrant,,Undeterminable,,,,Wild Type,,Aberrant,,Wild Type,,hinted_111504/rp111504_24_0001S.mov,hinted_111504_slug/rp111504p2_24.mov,rp111504_wavelet_jpeg/rp111504_24_w.jpg,stalk bent or fell down to the substratum,
111504_25,V31092,,REMI,Wild Type,,Wild Type,,,,Wild Type,,Wild Type,,Wild Type,,hinted_111504/rp111504_25_0075S.mov,hinted_111504_slug/rp111504p2_25.mov,rp111504_wavelet_jpeg/rp111504_25_w.jpg,medium density,
111504_26,V31116,,REMI,Wild Type,,Wild Type,,,,Wild Type,,Wild Type,,Wild Type,,hinted_111504/rp111504_26_0050S.mov,hinted_111504_slug/rp111504p2_26.mov,rp111504_wavelet_jpeg/rp111504_26_w.jpg,medium high density,
111504_27,V31108,,REMI,Wild Type,,Wild Type,,,,Wild Type,,Wild Type,,Wild Type,,hinted_111504/rp111504_27_0050S.mov,hinted_111504_slug/rp111504p2_27.mov,rp111504_wavelet_jpeg/rp111504_27_w.jpg,,
111504_28,AX4 clone #2,,,Undeterminable,,Wild Type,,,,Undeterminable,,Wild Type,,Wild Type,,hinted_111504/rp111504_28_0150S.mov,hinted_111504_slug/rp111504p2_28.mov,rp111504_wavelet_jpeg/rp111504_28_w.jpg,low density,
111504_29,V31119,,REMI,Wild Type,,Wild Type,,,,Wild Type,,Wild Type,,Wild Type,,hinted_111504/rp111504_29_0050S.mov,hinted_111504_slug/rp111504p2_29.mov,rp111504_wavelet_jpeg/rp111504_29_w.jpg,,
111804_00,V31128,,REMI,Wild Type,,Wild Type,,,,Wild Type,,Wild Type,,Wild Type,,hinted_111804/rp111804_00_0001S.mov,hinted_111804_slug/rp111804p2_00.mov,rp111804_wavelet_jpeg/rp111804_00_w.jpg,,
111804_01,V31120,,REMI,Wild Type,,Wild Type,,,,Wild Type,,Wild Type,,Wild Type,,hinted_111804/rp111804_01_0001S.mov,hinted_111804_slug/rp111804p2_01.mov,rp111804_wavelet_jpeg/rp111804_01_w.jpg,,
111804_02,V31137,,REMI,Wild Type,,Wild Type,,,,Wild Type,,Wild Type,,Wild Type,,hinted_111804/rp111804_02_0001S.mov,hinted_111804_slug/rp111804p2_02.mov,rp111804_wavelet_jpeg/rp111804_02_w.jpg,,
111804_03,V31132,,REMI,Wild Type,,Wild Type,,,,Wild Type,,Wild Type,,Wild Type,,hinted_111804/rp111804_03_0001S.mov,hinted_111804_slug/rp111804p2_03.mov,rp111804_wavelet_jpeg/rp111804_03_w.jpg,,
111804_04,V31145,,REMI,Wild Type,,Wild Type,,,,Wild Type,,Wild Type,,Wild Type,,hinted_111804/rp111804_04_0001S.mov,hinted_111804_slug/rp111804p2_04.mov,rp111804_wavelet_jpeg/rp111804_04_w.jpg,,
111804_05,V31140,,REMI,Wild Type,,Wild Type,,,,Wild Type,,Wild Type,,Wild Type,,hinted_111804/rp111804_05_0001S.mov,hinted_111804_slug/rp111804p2_05.mov,rp111804_wavelet_jpeg/rp111804_05_w.jpg,,
111804_06,AX4 (Kyle),,,Wild Type,late,Wild Type,,,,Wild Type,,Wild Type,,Wild Type,,hinted_111804/rp111804_06_0001S.mov,hinted_111804_slug/rp111804p2_06.mov,rp111804_wavelet_jpeg/rp111804_06_w.jpg,cell grown by KJM; 1x10^7 cells; bacteria contamination,
111804_07,V31154,,REMI,Undeterminable,,Wild Type,,,,Wild Type,,Wild Type,,Wild Type,,hinted_111804/rp111804_07_0001S.mov,hinted_111804_slug/rp111804p2_07.mov,rp111804_wavelet_jpeg/rp111804_07_w.jpg,,
111804_08,pmtA- (Kyle),,HR,None,,None,,,,None,,Undeterminable,,Wild Type,,hinted_111804/rp111804_08_0475S.mov,hinted_111804_slug/rp111804p2_08.mov,rp111804_wavelet_jpeg/rp111804_08_w.jpg,cell grown by KJM; 3x10^6 cells,
111804_09,AX4 (Kyle),,,None,,None,,,,None,,Wild Type,,Wild Type,,,hinted_111804_slug/rp111804p2_09.mov,rp111804_wavelet_jpeg/rp111804_09_w.jpg,cell grown by KJM; 3x10^5 cells,
111804_10,V31130,,REMI,Undeterminable,,Wild Type,,,,Wild Type,,Wild Type,,Wild Type,,hinted_111804/rp111804_10_0001S.mov,hinted_111804_slug/rp111804p2_10.mov,rp111804_wavelet_jpeg/rp111804_10_w.jpg,,
111804_11,V31121,,REMI,Aberrant,amplitude; noise-free; large territory,Wild Type,,,,Wild Type,,Wild Type,,Wild Type,,hinted_111804/rp111804_11_0001S.mov,hinted_111804_slug/rp111804p2_11.mov,rp111804_wavelet_jpeg/rp111804_11_w.jpg,large slug; slugger,
111804_12,V31138,,REMI,Undeterminable,,Wild Type,,,,Wild Type,,Wild Type,,Wild Type,,hinted_111804/rp111804_12_0025S.mov,hinted_111804_slug/rp111804p2_12.mov,rp111804_wavelet_jpeg/rp111804_12_w.jpg,,
111804_13,V31133,,REMI,Wild Type,,Wild Type,,,,Wild Type,,Wild Type,,Wild Type,,hinted_111804/rp111804_13_0001S.mov,hinted_111804_slug/rp111804p2_13.mov,rp111804_wavelet_jpeg/rp111804_13_w.jpg,,
111804_14,V31148,,REMI,Wild Type,,Wild Type,,,,Wild Type,,Wild Type,,Wild Type,,hinted_111804/rp111804_14_0001S.mov,hinted_111804_slug/rp111804p2_14.mov,rp111804_wavelet_jpeg/rp111804_14_w.jpg,,
111804_15,V31141,,REMI,Undeterminable,,Wild Type,,,,Wild Type,,Wild Type,,Wild Type,,hinted_111804/rp111804_15_0001S.mov,hinted_111804_slug/rp111804p2_15.mov,rp111804_wavelet_jpeg/rp111804_15_w.jpg,,
111804_16,AX4 (Kyle),,,Wild Type,late,Wild Type,,,,Wild Type,,Wild Type,,Wild Type,,hinted_111804/rp111804_16_0300S.mov,hinted_111804_slug/rp111804p2_16.mov,rp111804_wavelet_jpeg/rp111804_16_w.jpg,cell grown by KJM; 3x10^6 cells; bacteria contamination,
111804_17,V31157,,REMI,Undeterminable,turbulent,Undeterminable,,,,,,Wild Type,,Wild Type,,hinted_111804/rp111804_17_0001S.mov,hinted_111804_slug/rp111804p2_17.mov,rp111804_wavelet_jpeg/rp111804_17_w.jpg,,
111804_18,pmtA- (Kyle),,HR,None,,None,,,,None,,Aberrant,,Wild Type,,,hinted_111804_slug/rp111804p2_18.mov,rp111804_wavelet_jpeg/rp111804_18_w.jpg,cell grown by KJM; 1x10^6 cells,
111804_19,pmtA- (Kyle),,HR,Aberrant,very late aggregation,Undeterminable,,,,Undeterminable,,Aberrant,,Wild Type,,hinted_111804/rp111804_19_0350S.mov,hinted_111804_slug/rp111804p2_19.mov,rp111804_wavelet_jpeg/rp111804_19_w.jpg,cell grown by KJM; 3x10^7 cells,
111804_20,V31131,,REMI,Wild Type,,Wild Type,,,,Wild Type,,Wild Type,,Wild Type,,hinted_111804/rp111804_20_0001S.mov,hinted_111804_slug/rp111804p2_20.mov,rp111804_wavelet_jpeg/rp111804_20_w.jpg,,
111804_21,V31125,,REMI,Wild Type,,Wild Type,,,,Wild Type,,Wild Type,,Wild Type,,hinted_111804/rp111804_21_0001S.mov,hinted_111804_slug/rp111804p2_21.mov,rp111804_wavelet_jpeg/rp111804_21_w.jpg,,
111804_22,V31139,,REMI,Undeterminable,,Wild Type,,,,Undeterminable,,Wild Type,,Wild Type,,hinted_111804/rp111804_22_0050S.mov,hinted_111804_slug/rp111804p2_22.mov,rp111804_wavelet_jpeg/rp111804_22_w.jpg,,
111804_23,V31134,,REMI,Undeterminable,,Wild Type,,,,Wild Type,,Wild Type,,Wild Type,,hinted_111804/rp111804_23_0001S.mov,hinted_111804_slug/rp111804p2_23.mov,rp111804_wavelet_jpeg/rp111804_23_w.jpg,,
111804_24,V31150,,REMI,Undeterminable,,Wild Type,,,,Wild Type,,Wild Type,,Wild Type,,hinted_111804/rp111804_24_0001S.mov,hinted_111804_slug/rp111804p2_24.mov,rp111804_wavelet_jpeg/rp111804_24_w.jpg,,
111804_25,V31144,,REMI,Wild Type,,Wild Type,,,,Undeterminable,,Wild Type,,Wild Type,,hinted_111804/rp111804_25_0001S.mov,hinted_111804_slug/rp111804p2_25.mov,rp111804_wavelet_jpeg/rp111804_25_w.jpg,,
111804_26,AX4 (Kyle),,,Undeterminable,late,Undeterminable,,,,Undeterminable,,Wild Type,,Wild Type,,hinted_111804/rp111804_26_0475S.mov,hinted_111804_slug/rp111804p2_26.mov,rp111804_wavelet_jpeg/rp111804_26_w.jpg,cell grown by KJM; 1x10^6 cells,
111804_27,AX4 (Kyle),,,Wild Type,,Wild Type,,,,Wild Type,,Wild Type,,Wild Type,,hinted_111804/rp111804_27_0250S.mov,hinted_111804_slug/rp111804p2_27.mov,rp111804_wavelet_jpeg/rp111804_27_w.jpg,cell grown by KJM; 3x10^7 cells,
111804_28,pmtA- (Kyle),,HR,None,,None,,,,,,None,,Wild Type,,,hinted_111804_slug/rp111804p2_28.mov,rp111804_wavelet_jpeg/rp111804_28_w.jpg,cell grown by KJM; 3x10^5 cells,
111804_29,pmtA- (Kyle),,HR,Aberrant,very late aggregation,Undeterminable,,,,Undeterminable,,None,,Wild Type,,hinted_111804/rp111804_29_0425S.mov,hinted_111804_slug/rp111804p2_29.mov,rp111804_wavelet_jpeg/rp111804_29_w.jpg,cell grown by KJM; 1x10^7 cells,
112204_00,V31174,,REMI,Wild Type,,Wild Type,,,,Wild Type,,Wild Type,,Wild Type,,hinted_112204/rp112204_00_0001S.mov,hinted_112204_slug/rp112204p2_00.mov,rp112204_wavelet_jpeg/rp112204_00_w.jpg,conf,
112204_01,V31159,,REMI,Wild Type,,Wild Type,,,,Wild Type,,Wild Type,,Wild Type,,hinted_112204/rp112204_01_0001S.mov,hinted_112204_slug/rp112204p2_01.mov,rp112204_wavelet_jpeg/rp112204_01_w.jpg,conf,
112204_02,V31187,,REMI,Wild Type,,Wild Type,,,,Wild Type,,Wild Type,,Wild Type,,hinted_112204/rp112204_02_0001S.mov,hinted_112204_slug/rp112204p2_02.mov,rp112204_wavelet_jpeg/rp112204_02_w.jpg,severely conf,
112204_03,V31182,,REMI,Wild Type,,Wild Type,,,,Wild Type,,Wild Type,,Wild Type,,hinted_112204/rp112204_03_0001S.mov,hinted_112204_slug/rp112204p2_03.mov,rp112204_wavelet_jpeg/rp112204_03_w.jpg,conf,
112204_04,V31201,*,REMI,Wild Type,,Wild Type,,,,Wild Type,,Wild Type,,Wild Type,,hinted_112204/rp112204_04_0001S.mov,hinted_112204_slug/rp112204p2_04.mov,rp112204_wavelet_jpeg/rp112204_04_w.jpg,severely conf,
112204_05,V31194,,REMI,Wild Type,,Wild Type,,,,Wild Type,,Wild Type,,Wild Type,,hinted_112204/rp112204_05_0025S.mov,hinted_112204_slug/rp112204p2_05.mov,rp112204_wavelet_jpeg/rp112204_05_w.jpg,severely conf,
112204_06,V31217,,REMI,Wild Type,,Wild Type,,,,Wild Type,,Wild Type,,Wild Type,,hinted_112204/rp112204_06_0001S.mov,hinted_112204_slug/rp112204p2_06.mov,rp112204_wavelet_jpeg/rp112204_06_w.jpg,conf,
112204_07,V31205,,REMI,Undeterminable,,Wild Type,,,,Wild Type,,Wild Type,,Wild Type,,hinted_112204/rp112204_07_0150S.mov,hinted_112204_slug/rp112204p2_07.mov,rp112204_wavelet_jpeg/rp112204_07_w.jpg,conf,
112204_08,V31238,,REMI,Wild Type,,Wild Type,,,,Wild Type,,Wild Type,,Wild Type,,hinted_112204/rp112204_08_0050S.mov,hinted_112204_slug/rp112204p2_08.mov,rp112204_wavelet_jpeg/rp112204_08_w.jpg,,
112204_09,V31224,,REMI,Wild Type,,Wild Type,,,,Wild Type,,Wild Type,,Wild Type,,hinted_112204/rp112204_09_0001S.mov,hinted_112204_slug/rp112204p2_09.mov,rp112204_wavelet_jpeg/rp112204_09_w.jpg,,
112204_10,V31175,,REMI,Wild Type,,Wild Type,,,,Wild Type,,Wild Type,,Wild Type,,hinted_112204/rp112204_10_0001S.mov,hinted_112204_slug/rp112204p2_10.mov,rp112204_wavelet_jpeg/rp112204_10_w.jpg,conf,
112204_11,V31162,,REMI,Wild Type,,Wild Type,,,,Wild Type,,Wild Type,,Wild Type,,hinted_112204/rp112204_11_0001S.mov,hinted_112204_slug/rp112204p2_11.mov,rp112204_wavelet_jpeg/rp112204_11_w.jpg,conf,
112204_12,V31188,,REMI,Wild Type,,Wild Type,,,,Wild Type,,Wild Type,,Wild Type,,hinted_112204/rp112204_12_0001S.mov,hinted_112204_slug/rp112204p2_12.mov,rp112204_wavelet_jpeg/rp112204_12_w.jpg,severely conf,
112204_13,V31185,,REMI,Wild Type,,Wild Type,,,,Wild Type,,Wild Type,,Wild Type,,hinted_112204/rp112204_13_0025S.mov,hinted_112204_slug/rp112204p2_13.mov,rp112204_wavelet_jpeg/rp112204_13_w.jpg,severely conf,
112204_14,V31208,*,REMI,Wild Type,,Wild Type,,,,Wild Type,,Wild Type,,Wild Type,,hinted_112204/rp112204_14_0025S.mov,hinted_112204_slug/rp112204p2_14.mov,rp112204_wavelet_jpeg/rp112204_14_w.jpg,severely conf,
112204_15,V31084,*,REMI,Wild Type,,Wild Type,,,,Wild Type,,Wild Type,,Wild Type,,hinted_112204/rp112204_15_0001S.mov,hinted_112204_slug/rp112204p2_15.mov,rp112204_wavelet_jpeg/rp112204_15_w.jpg,conf,
112204_16,V31218,,REMI,Wild Type,,Wild Type,,,,Wild Type,,Wild Type,,Wild Type,,hinted_112204/rp112204_16_0025S.mov,hinted_112204_slug/rp112204p2_16.mov,rp112204_wavelet_jpeg/rp112204_16_w.jpg,conf,
112204_17,V31207,,REMI,Wild Type,,Wild Type,,,,Wild Type,,Wild Type,,Wild Type,,hinted_112204/rp112204_17_0025S.mov,hinted_112204_slug/rp112204p2_17.mov,rp112204_wavelet_jpeg/rp112204_17_w.jpg,conf,
112204_18,V31246,,REMI,Wild Type,,Wild Type,,,,Wild Type,,Wild Type,,Wild Type,,hinted_112204/rp112204_18_0050S.mov,hinted_112204_slug/rp112204p2_18.mov,rp112204_wavelet_jpeg/rp112204_18_w.jpg,conf,
112204_19,V31231,,REMI,Wild Type,,Wild Type,,,,Wild Type,,Wild Type,,Wild Type,,hinted_112204/rp112204_19_0001S.mov,hinted_112204_slug/rp112204p2_19.mov,rp112204_wavelet_jpeg/rp112204_19_w.jpg,,
112204_20,V31179,,REMI,Undeterminable,,Wild Type,,,,Wild Type,,Wild Type,,Wild Type,,hinted_112204/rp112204_20_0025S.mov,hinted_112204_slug/rp112204p2_20.mov,rp112204_wavelet_jpeg/rp112204_20_w.jpg,early cell detachment,
112204_21,V31173,,REMI,Undeterminable,,Wild Type,,,,Wild Type,,Wild Type,,Wild Type,,hinted_112204/rp112204_21_0100S.mov,hinted_112204_slug/rp112204p2_21.mov,rp112204_wavelet_jpeg/rp112204_21_w.jpg,early cell detachment,
112204_22,V31189,,REMI,Undeterminable,,Wild Type,,,,Wild Type,,Wild Type,,Wild Type,,hinted_112204/rp112204_22_0100S.mov,hinted_112204_slug/rp112204p2_22.mov,rp112204_wavelet_jpeg/rp112204_22_w.jpg,medium density,
112204_23,V31186,,REMI,Undeterminable,,Wild Type,,,,Undeterminable,,Wild Type,,Wild Type,,hinted_112204/rp112204_23_0125S.mov,hinted_112204_slug/rp112204p2_23.mov,rp112204_wavelet_jpeg/rp112204_23_w.jpg,medium density,
112204_24,V31184,*,REMI,Undeterminable,,Wild Type,,,,Wild Type,,Wild Type,,Wild Type,,hinted_112204/rp112204_24_0025S.mov,hinted_112204_slug/rp112204p2_24.mov,rp112204_wavelet_jpeg/rp112204_24_w.jpg,med-low density,
112204_25,V30962,,REMI,Undeterminable,turbulent,Undeterminable,,,,Undeterminable,,Undeterminable,,Wild Type,,hinted_112204/rp112204_25_0001S.mov,hinted_112204_slug/rp112204p2_25.mov,rp112204_wavelet_jpeg/rp112204_25_w.jpg,med-low density; contamination?; minor defect during culmination? Some mound arrest;  disc-like struc or mark remaining where mounds first formed.,
112204_26,V31222,,REMI,Undeterminable,,Wild Type,,,,Wild Type,,Wild Type,,Wild Type,,hinted_112204/rp112204_26_0050S.mov,hinted_112204_slug/rp112204p2_26.mov,rp112204_wavelet_jpeg/rp112204_26_w.jpg,,
112204_27,V31209,,REMI,Wild Type,,Wild Type,,,,Wild Type,,Wild Type,,Wild Type,,hinted_112204/rp112204_27_0050S.mov,hinted_112204_slug/rp112204p2_27.mov,rp112204_wavelet_jpeg/rp112204_27_w.jpg,,
112204_28,V31251,,REMI,Wild Type,,Wild Type,,,,Wild Type,,Wild Type,,Wild Type,,hinted_112204/rp112204_28_0050S.mov,hinted_112204_slug/rp112204p2_28.mov,rp112204_wavelet_jpeg/rp112204_28_w.jpg,conf,
112204_29,V31236,,REMI,Wild Type,,,,,,Wild Type,,Wild Type,,Wild Type,,hinted_112204/rp112204_29_0001S.mov,hinted_112204_slug/rp112204p2_29.mov,rp112204_wavelet_jpeg/rp112204_29_w.jpg,,
112904_00,V31264,,REMI,Wild Type,,Wild Type,,,,Wild Type,,Wild Type,,Wild Type,,hinted_112904/rp112904_00_0001S.mov,hinted_112904_slug/rp112904p2_00.mov,rp112904_wavelet_jpeg/rp112904_00_w.jpg,conf,
112904_01,V31255,,REMI,Aberrant,rapid aggregation,Aberrant,,,,Undeterminable,,Aberrant,,Wild Type,,hinted_112904/rp112904_01_0001S.mov,hinted_112904_slug/rp112904p2_01.mov,rp112904_wavelet_jpeg/rp112904_01_w.jpg,mostly arrested at mound stage; some FB,
112904_02,V31284,,REMI,Wild Type,,Wild Type,,,,Wild Type,,Wild Type,,Wild Type,,hinted_112904/rp112904_02_0001S.mov,hinted_112904_slug/rp112904p2_02.mov,rp112904_wavelet_jpeg/rp112904_02_w.jpg,conf,
112904_03,V31270,,REMI,Wild Type,,Wild Type,,,,Wild Type,,Wild Type,,Wild Type,,hinted_112904/rp112904_03_0001S.mov,hinted_112904_slug/rp112904p2_03.mov,rp112904_wavelet_jpeg/rp112904_03_w.jpg,conf,
112904_04,V31293,,REMI,Wild Type,,Wild Type,,,,Wild Type,,Wild Type,,Wild Type,,hinted_112904/rp112904_04_0001S.mov,hinted_112904_slug/rp112904p2_04.mov,rp112904_wavelet_jpeg/rp112904_04_w.jpg,,
112904_05,V31287,,REMI,Wild Type,,Wild Type,,,,Wild Type,,Wild Type,,Wild Type,,hinted_112904/rp112904_05_0001S.mov,hinted_112904_slug/rp112904p2_05.mov,rp112904_wavelet_jpeg/rp112904_05_w.jpg,,
112904_06,V31379,,REMI,Wild Type,,Wild Type,,,,,,Wild Type,,Wild Type,,hinted_112904/rp112904_06_0001S.mov,hinted_112904_slug/rp112904p2_06.mov,rp112904_wavelet_jpeg/rp112904_06_w.jpg,,
112904_07,V31307,,REMI,Wild Type,,Wild Type,,,,,,Wild Type,,Wild Type,,hinted_112904/rp112904_07_0001S.mov,hinted_112904_slug/rp112904p2_07.mov,rp112904_wavelet_jpeg/rp112904_07_w.jpg,conf,
112904_08,V31738,,REMI,Undeterminable,,Undeterminable,,,,Undeterminable,,None,,Wild Type,,hinted_112904/rp112904_08_0475S.mov,hinted_112904_slug/rp112904p2_08.mov,rp112904_wavelet_jpeg/rp112904_08_w.jpg,polarized cell morph during axenic growth; medium-low density; some aberrant FB struc,
112904_09,V31414,,REMI,Wild Type,,Wild Type,,,,,,Wild Type,,Wild Type,,hinted_112904/rp112904_09_0001S.mov,hinted_112904_slug/rp112904p2_09.mov,rp112904_wavelet_jpeg/rp112904_09_w.jpg,,
112904_10,V31266,,REMI,Wild Type,,Wild Type,,,,Wild Type,,Wild Type,,Wild Type,,hinted_112904/rp112904_10_0001S.mov,hinted_112904_slug/rp112904p2_10.mov,rp112904_wavelet_jpeg/rp112904_10_w.jpg,conf,
112904_11,V31260,,REMI,Wild Type,,Wild Type,,,,Wild Type,,Wild Type,,Wild Type,,hinted_112904/rp112904_11_0050S.mov,hinted_112904_slug/rp112904p2_11.mov,rp112904_wavelet_jpeg/rp112904_11_w.jpg,conf,
112904_12,V31285,,REMI,Wild Type,,Wild Type,,,,Wild Type,,Wild Type,,Wild Type,,hinted_112904/rp112904_12_0025S.mov,hinted_112904_slug/rp112904p2_12.mov,rp112904_wavelet_jpeg/rp112904_12_w.jpg,conf,
112904_13,V31277,,REMI,Wild Type,,Wild Type,,,,Wild Type,,Wild Type,,Wild Type,,hinted_112904/rp112904_13_0001S.mov,hinted_112904_slug/rp112904p2_13.mov,rp112904_wavelet_jpeg/rp112904_13_w.jpg,conf,
112904_14,V31294,,REMI,Undeterminable,,Undeterminable,,,,Undeterminable,,Undeterminable,,Aberrant,,hinted_112904/rp112904_14_0475S.mov,hinted_112904_slug/rp112904p2_14.mov,rp112904_wavelet_jpeg/rp112904_14_w.jpg,polarized cell morph during axenic growth; low density; FB with short stalk,
112904_15,V31288,,REMI,Wild Type,,Wild Type,,,,Wild Type,,Wild Type,,Wild Type,,hinted_112904/rp112904_15_0001S.mov,hinted_112904_slug/rp112904p2_15.mov,rp112904_wavelet_jpeg/rp112904_15_w.jpg,conf,
112904_16,V31380,,REMI,Wild Type,,Wild Type,,,,,,Wild Type,,Wild Type,,hinted_112904/rp112904_16_0001S.mov,hinted_112904_slug/rp112904p2_16.mov,rp112904_wavelet_jpeg/rp112904_16_w.jpg,,
112904_17,V31315,,REMI,Wild Type,,Wild Type,,,,,,Wild Type,,Wild Type,,hinted_112904/rp112904_17_0001S.mov,hinted_112904_slug/rp112904p2_17.mov,rp112904_wavelet_jpeg/rp112904_17_w.jpg,,
112904_18,V11077,,REMI,Undeterminable,,Undeterminable,,,,Undeterminable,,Undeterminable,,Wild Type,,hinted_112904/rp112904_18_0400S.mov,hinted_112904_slug/rp112904p2_18.mov,rp112904_wavelet_jpeg/rp112904_18_w.jpg,polarized cell morph during axenic growth; low density; FB with short stalk,
112904_19,V31477,,REMI,Wild Type,,Wild Type,,,,,,Wild Type,,Wild Type,,hinted_112904/rp112904_19_0025S.mov,hinted_112904_slug/rp112904p2_19.mov,rp112904_wavelet_jpeg/rp112904_19_w.jpg,,
112904_20,V31268,,REMI,Wild Type,,Wild Type,,,,Wild Type,,Wild Type,,Wild Type,,hinted_112904/rp112904_20_0001S.mov,hinted_112904_slug/rp112904p2_20.mov,rp112904_wavelet_jpeg/rp112904_20_w.jpg,conf,
112904_21,V31261,,REMI,Wild Type,background granular noise,Wild Type,,,,Wild Type,,Wild Type,,Wild Type,,hinted_112904/rp112904_21_0001S.mov,hinted_112904_slug/rp112904p2_21.mov,rp112904_wavelet_jpeg/rp112904_21_w.jpg,severe conf,
112904_22,V31286,,REMI,Undeterminable,,,,,,Wild Type,,Wild Type,,Wild Type,,hinted_112904/rp112904_22_0100S.mov,hinted_112904_slug/rp112904p2_22.mov,rp112904_wavelet_jpeg/rp112904_22_w.jpg,some large cells some polarized; low density,
112904_23,V31281,,REMI,Aberrant,sporadic,Undeterminable,,,,Undeterminable,,Wild Type,,Wild Type,,hinted_112904/rp112904_23_0200S.mov,hinted_112904_slug/rp112904p2_23.mov,rp112904_wavelet_jpeg/rp112904_23_w.jpg,conf; FB clustered,
112904_24,V31296,,REMI,Wild Type,,Wild Type,,,,Wild Type,,Wild Type,,Wild Type,,hinted_112904/rp112904_24_0050S.mov,hinted_112904_slug/rp112904p2_24.mov,rp112904_wavelet_jpeg/rp112904_24_w.jpg,,
112904_25,V31290,,REMI,Wild Type,,Wild Type,,,,Wild Type,,Wild Type,,Wild Type,,hinted_112904/rp112904_25_0025S.mov,hinted_112904_slug/rp112904p2_25.mov,rp112904_wavelet_jpeg/rp112904_25_w.jpg,,
112904_26,V31413,,REMI,Wild Type,,Wild Type,,,,,,Wild Type,,Wild Type,,hinted_112904/rp112904_26_0025S.mov,hinted_112904_slug/rp112904p2_26.mov,rp112904_wavelet_jpeg/rp112904_26_w.jpg,conf,
112904_27,V31316,,REMI,Wild Type,,Wild Type,,,,,,Wild Type,,Wild Type,,hinted_112904/rp112904_27_0025S.mov,hinted_112904_slug/rp112904p2_27.mov,rp112904_wavelet_jpeg/rp112904_27_w.jpg,conf,
112904_28,V31121,,REMI,Aberrant,amplitude; freq,Wild Type,,,,Wild Type,,Wild Type,,Aberrant,,hinted_112904/rp112904_28_0100S.mov,hinted_112904_slug/rp112904p2_28.mov,rp112904_wavelet_jpeg/rp112904_28_w.jpg,conf flat cells during axenic growth;,
112904_29,V31523,,REMI,Wild Type,,Wild Type,,,,,,Wild Type,,Wild Type,,hinted_112904/rp112904_29_0050S.mov,hinted_112904_slug/rp112904p2_29.mov,rp112904_wavelet_jpeg/rp112904_29_w.jpg,conf,
120204_00,V11071,,REMI,Undeterminable,,Undeterminable,,,,,,Wild Type,,Wild Type,,hinted_120204/rp120204_00_0300S.mov,hinted_120204_slug/rp120204p2_00.mov,rp120204_wavelet_jpeg/rp120204_00_w.jpg,polarized cell morph during axenic growth; med-low density,
120204_01,V31752,,REMI,Wild Type,,Wild Type,,,,,,Wild Type,,Wild Type,,hinted_120204/rp120204_01_0125S.mov,hinted_120204_slug/rp120204p2_01.mov,rp120204_wavelet_jpeg/rp120204_01_w.jpg,some polarized cells; medium density,
120204_02,V31154,,REMI,Wild Type,,Wild Type,,,,Wild Type,,Wild Type,,Wild Type,,hinted_120204/rp120204_02_0025S.mov,hinted_120204_slug/rp120204p2_02.mov,rp120204_wavelet_jpeg/rp120204_02_w.jpg,,
120204_03,V31080,,REMI,Undeterminable,,Undeterminable,,,,,,Wild Type,,Aberrant,,hinted_120204/rp120204_03_0200S.mov,hinted_120204_slug/rp120204p2_03.mov,rp120204_wavelet_jpeg/rp120204_03_w.jpg,polarzied cell morph; early detachment; medium-low density,
120204_04,V31150,,REMI,Wild Type,,Wild Type,,,,Wild Type,,Wild Type,,Wild Type,,hinted_120204/rp120204_04_0025S.mov,hinted_120204_slug/rp120204p2_04.mov,rp120204_wavelet_jpeg/rp120204_04_w.jpg,conf,
120204_05,V31157,,REMI,Undeterminable,,Wild Type,,,,,,Wild Type,,Wild Type,,hinted_120204/rp120204_05_0125S.mov,hinted_120204_slug/rp120204p2_05.mov,rp120204_wavelet_jpeg/rp120204_05_w.jpg,some polarized cells,
120204_06,V31186,,REMI,Undeterminable,,Wild Type,,,,,,Wild Type,,Wild Type,,hinted_120204/rp120204_06_0125S.mov,hinted_120204_slug/rp120204p2_06.mov,rp120204_wavelet_jpeg/rp120204_06_w.jpg,polarized cell morph during axenic growth; med-low density,
120204_07,V31179,,REMI,Undeterminable,,Undeterminable,,,,,,Wild Type,,Wild Type,,hinted_120204/rp120204_07_0300S.mov,hinted_120204_slug/rp120204p2_07.mov,rp120204_wavelet_jpeg/rp120204_07_w.jpg,polarized cell morph during axenic growth; med density,
120204_08,V30967,,REMI,Undeterminable,,Wild Type,,,,Wild Type,,Wild Type,,Aberrant,,hinted_120204/rp120204_08_0150S.mov,hinted_120204_slug/rp120204p2_08.mov,rp120204_wavelet_jpeg/rp120204_08_w.jpg,cells are slightly large uniformly (minor),
120204_09,AX4,,,Undeterminable,,,,,,,,Wild Type,,Wild Type,,hinted_120204/rp120204_09_0025S.mov,hinted_120204_slug/rp120204p2_09.mov,rp120204_wavelet_jpeg/rp120204_09_w.jpg,asynchronous,
120204_10,V11052,,REMI,Undeterminable,,Undeterminable,,,,,,Wild Type,,Wild Type,,hinted_120204/rp120204_10_0250S.mov,hinted_120204_slug/rp120204p2_10.mov,rp120204_wavelet_jpeg/rp120204_10_w.jpg,some polarized cells; medium-low density,
120204_11,V11033,,REMI,Aberrant,,Aberrant,,,,,,Wild Type,,Wild Type,,hinted_120204/rp120204_11_0001S.mov,hinted_120204_slug/rp120204p2_11.mov,rp120204_wavelet_jpeg/rp120204_11_w.jpg,severely conf; some mound arrest,
120204_12,V31130,,REMI,Undeterminable,turbulent,Wild Type,,,,,,,,Wild Type,,hinted_120204/rp120204_12_0025S.mov,hinted_120204_slug/rp120204p2_12.mov,rp120204_wavelet_jpeg/rp120204_12_w.jpg,some mound arrest,
120204_13,V31078,,REMI,Wild Type,,Wild Type,,,,Wild Type,,Wild Type,,Wild Type,,hinted_120204/rp120204_13_0001S.mov,hinted_120204_slug/rp120204p2_13.mov,rp120204_wavelet_jpeg/rp120204_13_w.jpg,conf,
120204_14,V31144,,REMI,Wild Type,,Wild Type,,,,Wild Type,,Wild Type,,Wild Type,,hinted_120204/rp120204_14_0025S.mov,hinted_120204_slug/rp120204p2_14.mov,rp120204_wavelet_jpeg/rp120204_14_w.jpg,conf,
120204_15,V31139,,REMI,Wild Type,,Wild Type,,,,Wild Type,,Wild Type,,Wild Type,,hinted_120204/rp120204_15_0001S.mov,hinted_120204_slug/rp120204p2_15.mov,rp120204_wavelet_jpeg/rp120204_15_w.jpg,conf,
120204_16,V31184,,REMI,Undeterminable,,Wild Type,,,,,,Wild Type,,Wild Type,,hinted_120204/rp120204_16_0150S.mov,hinted_120204_slug/rp120204p2_16.mov,rp120204_wavelet_jpeg/rp120204_16_w.jpg,polarized cell morph during axenic growth; med density,
120204_17,V31173,,REMI,Aberrant,,Aberrant,,,,,,Aberrant,,Wild Type,,hinted_120204/rp120204_17_0001S.mov,hinted_120204_slug/rp120204p2_17.mov,rp120204_wavelet_jpeg/rp120204_17_w.jpg,"many FB have fallen down to agar ",
120204_18,V30980,,REMI,Wild Type,,Wild Type,,,,,,Wild Type,,Wild Type,,hinted_120204/rp120204_18_0100S.mov,hinted_120204_slug/rp120204p2_18.mov,rp120204_wavelet_jpeg/rp120204_18_w.jpg,some polarized cells; medium density,
120204_19,AX4,,,,,,,,,,,Wild Type,,Wild Type,,hinted_120204/rp120204_19_0025S.mov,hinted_120204_slug/rp120204p2_19.mov,rp120204_wavelet_jpeg/rp120204_19_w.jpg,asynchronous,
120204_20,V30962,,REMI,Undeterminable,,Wild Type,,,,Wild Type,,Wild Type,,Wild Type,,hinted_120204/rp120204_20_0200S.mov,hinted_120204_slug/rp120204p2_20.mov,rp120204_wavelet_jpeg/rp120204_20_w.jpg,polarized cell morph during axenic growth; med-low density,
120204_21,V11047,,REMI,Undeterminable,,Undeterminable,,,,,,Wild Type,,Wild Type,,hinted_120204/rp120204_21_0150S.mov,hinted_120204_slug/rp120204p2_21.mov,rp120204_wavelet_jpeg/rp120204_21_w.jpg,polarized cell morph during axenic growth; med-low density,
120204_22,V31141,,REMI,Wild Type,,Wild Type,,,,Wild Type,,Wild Type,,Wild Type,,hinted_120204/rp120204_22_0025S.mov,hinted_120204_slug/rp120204p2_22.mov,rp120204_wavelet_jpeg/rp120204_22_w.jpg,,
120204_23,V31105,,REMI,Wild Type,,Wild Type,,,,Aberrant,,Aberrant,,Wild Type,,hinted_120204/rp120204_23_0001S.mov,hinted_120204_slug/rp120204p2_23.mov,rp120204_wavelet_jpeg/rp120204_23_w.jpg,conf; zig-zag stalk-like struc on agar,
120204_24,V31205,,REMI,Undeterminable,,Wild Type,,,,Wild Type,,Wild Type,,Wild Type,,hinted_120204/rp120204_24_0150S.mov,hinted_120204_slug/rp120204p2_24.mov,rp120204_wavelet_jpeg/rp120204_24_w.jpg,severely conf,
120204_25,V31134,,REMI,Undeterminable,,Wild Type,,,,,,Wild Type,,Wild Type,,hinted_120204/rp120204_25_0100S.mov,hinted_120204_slug/rp120204p2_25.mov,rp120204_wavelet_jpeg/rp120204_25_w.jpg,some polarized cells; medium-low density,
120204_26,V31222,,REMI,Undeterminable,,Undeterminable,,,,,,Wild Type,,Wild Type,,hinted_120204/rp120204_26_0300S.mov,hinted_120204_slug/rp120204p2_26.mov,rp120204_wavelet_jpeg/rp120204_26_w.jpg,polarized cell morph during axenic growth; low density,
120204_27,V31189,,REMI,Wild Type,,Wild Type,,,,Wild Type,,Wild Type,,Wild Type,,hinted_120204/rp120204_27_0025S.mov,hinted_120204_slug/rp120204p2_27.mov,rp120204_wavelet_jpeg/rp120204_27_w.jpg,conf,
120204_28,V31045,,REMI,Undeterminable,,Wild Type,,,,,,Wild Type,,Wild Type,,hinted_120204/rp120204_28_0275S.mov,hinted_120204_slug/rp120204p2_28.mov,rp120204_wavelet_jpeg/rp120204_28_w.jpg,severe bacterial contamination,
120204_29,AX4,,,,,,,,,,,Wild Type,,Wild Type,,hinted_120204/rp120204_29_0050S.mov,hinted_120204_slug/rp120204p2_29.mov,rp120204_wavelet_jpeg/rp120204_29_w.jpg,asynchronous,
120604_00,V31808,,REMI,Undeterminable,,Undeterminable,,,,,,Wild Type,,Wild Type,,hinted_120604/rp120604_00_0350S.mov,hinted_120604_slug/rp120604p2_00.mov,rp120604_wavelet_jpeg/rp120604_00_w.jpg,poarized morph during axenic growth; med-low density,
120604_01,V31801,,REMI,Undeterminable,,Undeterminable,,,,,,Wild Type,,Wild Type,,hinted_120604/rp120604_01_0200S.mov,hinted_120604_slug/rp120604p2_01.mov,rp120604_wavelet_jpeg/rp120604_01_w.jpg,poarized morph during axenic growth; med-low density,
120604_02,V31826,,REMI,Undeterminable,,Undeterminable,,,,,,Wild Type,,Wild Type,,hinted_120604/rp120604_02_0200S.mov,hinted_120604_slug/rp120604p2_02.mov,rp120604_wavelet_jpeg/rp120604_02_w.jpg,poarized morph during axenic growth; med-low density,
120604_03,V31819,,REMI,Undeterminable,,Wild Type,,,,,,Wild Type,,Wild Type,,hinted_120604/rp120604_03_0001S.mov,hinted_120604_slug/rp120604p2_03.mov,rp120604_wavelet_jpeg/rp120604_03_w.jpg,FBs with bent stalk (minor),
120604_04,V31864,,REMI,Wild Type,,Wild Type,,,,Wild Type,,Wild Type,,Wild Type,,hinted_120604/rp120604_04_0050S.mov,hinted_120604_slug/rp120604p2_04.mov,rp120604_wavelet_jpeg/rp120604_04_w.jpg,some large cells,
120604_05,V31847,,REMI,Undeterminable,,Undeterminable,,,,,,Wild Type,,Wild Type,,hinted_120604/rp120604_05_0400S.mov,hinted_120604_slug/rp120604p2_05.mov,rp120604_wavelet_jpeg/rp120604_05_w.jpg,poarized morph during axenic growth; low density,
120604_06,V31883,,REMI,Undeterminable,,Undeterminable,,,,Undeterminable,,Undeterminable,,Wild Type,,hinted_120604/rp120604_06_0475S.mov,hinted_120604_slug/rp120604p2_06.mov,rp120604_wavelet_jpeg/rp120604_06_w.jpg,poarized morph during axenic growth; low density,
120604_07,V31879,,REMI,Undeterminable,,Undeterminable,,,,,,Wild Type,,Wild Type,,hinted_120604/rp120604_07_0300S.mov,hinted_120604_slug/rp120604p2_07.mov,rp120604_wavelet_jpeg/rp120604_07_w.jpg,poarized morph during axenic growth; med-low density,
120604_08,AX4 #2,,,Undeterminable,async,Wild Type,,,,,,Wild Type,,Wild Type,,hinted_120604/rp120604_08_0001S.mov,hinted_120604_slug/rp120604p2_08.mov,rp120604_wavelet_jpeg/rp120604_08_w.jpg,conf,
120604_09,V31890,,REMI,Undeterminable,,Undeterminable,,,,,,Wild Type,,Wild Type,,hinted_120604/rp120604_09_0150S.mov,hinted_120604_slug/rp120604p2_09.mov,rp120604_wavelet_jpeg/rp120604_09_w.jpg,poarized morph during axenic growth; med density,
120604_10,V31814,,REMI,Undeterminable,,Undeterminable,,,,,,Wild Type,,Wild Type,,hinted_120604/rp120604_10_0100S.mov,hinted_120604_slug/rp120604p2_10.mov,rp120604_wavelet_jpeg/rp120604_10_w.jpg,poarized morph during axenic growth; med-low density,
120604_11,V31802,,REMI,Undeterminable,,Undeterminable,,,,Wild Type,,Wild Type,,Wild Type,,hinted_120604/rp120604_11_0100S.mov,hinted_120604_slug/rp120604p2_11.mov,rp120604_wavelet_jpeg/rp120604_11_w.jpg,poarized morph during axenic growth; med density,
120604_12,V31827,,REMI,Undeterminable,,Undeterminable,,,,Wild Type,,Wild Type,,Wild Type,,hinted_120604/rp120604_12_0250S.mov,hinted_120604_slug/rp120604p2_12.mov,rp120604_wavelet_jpeg/rp120604_12_w.jpg,poarized morph during axenic growth; med-low density,
120604_13,V31823,,REMI,Wild Type,,Wild Type,,,,Wild Type,,Wild Type,,Wild Type,,hinted_120604/rp120604_13_0001S.mov,hinted_120604_slug/rp120604p2_13.mov,rp120604_wavelet_jpeg/rp120604_13_w.jpg,conf,
120604_14,V31868,,REMI,Undeterminable,late,Wild Type,,,,,,Wild Type,,Wild Type,,hinted_120604/rp120604_14_0275S.mov,hinted_120604_slug/rp120604p2_14.mov,rp120604_wavelet_jpeg/rp120604_14_w.jpg,poarized morph during axenic growth; med-low density,
120604_15,V31858,,REMI,Aberrant,oscillatory,Aberrant,,,,,,Wild Type,,Wild Type,,hinted_120604/rp120604_15_0050S.mov,hinted_120604_slug/rp120604p2_15.mov,rp120604_wavelet_jpeg/rp120604_15_w.jpg,poarized morph during axenic growth; med-low density,
120604_16,V31884,,REMI,Wild Type,,Wild Type,,,,Wild Type,,Wild Type,,Wild Type,,hinted_120604/rp120604_16_0050S.mov,hinted_120604_slug/rp120604p2_16.mov,rp120604_wavelet_jpeg/rp120604_16_w.jpg,,
120604_17,V31880,,REMI,Undeterminable,,Undeterminable,,,,Wild Type,,Wild Type,,Wild Type,,hinted_120604/rp120604_17_0125S.mov,hinted_120604_slug/rp120604p2_17.mov,rp120604_wavelet_jpeg/rp120604_17_w.jpg,poarized morph during axenic growth; med density,
120604_18,AX4 #2,,,Undeterminable,async,Wild Type,,,,Wild Type,,Wild Type,,Wild Type,,hinted_120604/rp120604_18_0001S.mov,hinted_120604_slug/rp120604p2_18.mov,rp120604_wavelet_jpeg/rp120604_18_w.jpg,,
120604_19,V31895,,REMI,Undeterminable,,,,Aberrant,,,,Aberrant,,Wild Type,,hinted_120604/rp120604_19_0175S.mov,hinted_120604_slug/rp120604p2_19.mov,rp120604_wavelet_jpeg/rp120604_19_w.jpg,poarized morph during axenic growth; med-low density; FB with short stalk (minor),
120604_20,V31818,,REMI,Wild Type,,Wild Type,,,,Wild Type,,Wild Type,,Wild Type,,hinted_120604/rp120604_20_0001S.mov,hinted_120604_slug/rp120604p2_20.mov,rp120604_wavelet_jpeg/rp120604_20_w.jpg,,
120604_21,V31806,,REMI,Undeterminable,,Undeterminable,,,,Wild Type,,Wild Type,,Wild Type,,hinted_120604/rp120604_21_0300S.mov,hinted_120604_slug/rp120604p2_21.mov,rp120604_wavelet_jpeg/rp120604_21_w.jpg,poarized morph during axenic growth; med-low density,
120604_22,V31846,,REMI,Wild Type,,Wild Type,,,,Wild Type,,Wild Type,,Wild Type,,hinted_120604/rp120604_22_0001S.mov,hinted_120604_slug/rp120604p2_22.mov,rp120604_wavelet_jpeg/rp120604_22_w.jpg,,
120604_23,V31824,,REMI,Undeterminable,,Undeterminable,,,,,,Wild Type,,Wild Type,,hinted_120604/rp120604_23_0400S.mov,hinted_120604_slug/rp120604p2_23.mov,rp120604_wavelet_jpeg/rp120604_23_w.jpg,poarized morph during axenic growth; med-low density,
120604_24,V31878,,REMI,Undeterminable,,Undeterminable,,,,,,Wild Type,,Wild Type,,hinted_120604/rp120604_24_0200S.mov,hinted_120604_slug/rp120604p2_24.mov,rp120604_wavelet_jpeg/rp120604_24_w.jpg,poarized morph during axenic growth; med-low density,
120604_25,V31861,,REMI,Aberrant,amplitude?,Undeterminable,,,,None,,None,,Wild Type,,hinted_120604/rp120604_25_0200S.mov,hinted_120604_slug/rp120604p2_25.mov,rp120604_wavelet_jpeg/rp120604_25_w.jpg,flat morph during axenic growth; medium-high density; dev arrested at streaming to flat mound stage,
120604_26,V31885,,REMI,Undeterminable,,Undeterminable,,,,,,Wild Type,,Wild Type,,hinted_120604/rp120604_26_0475S.mov,hinted_120604_slug/rp120604p2_26.mov,rp120604_wavelet_jpeg/rp120604_26_w.jpg,poarized morph during axenic growth; low density,
120604_27,V31881,,REMI,Undeterminable,,Undeterminable,,,,,,Wild Type,,Aberrant,,hinted_120604/rp120604_27_0225S.mov,hinted_120604_slug/rp120604p2_27.mov,rp120604_wavelet_jpeg/rp120604_27_w.jpg,flat morph during axenic growth; medium-high density,
120604_28,V31090,,REMI,Wild Type,,Wild Type,,,,Wild Type,,Wild Type,,Wild Type,,hinted_120604/rp120604_28_0050S.mov,hinted_120604_slug/rp120604p2_28.mov,rp120604_wavelet_jpeg/rp120604_28_w.jpg,,
120604_29,AX4 #2,,,Undeterminable,async,Undeterminable,,,,Wild Type,,Wild Type,,Wild Type,,hinted_120604/rp120604_29_0001S.mov,hinted_120604_slug/rp120604p2_29.mov,rp120604_wavelet_jpeg/rp120604_29_w.jpg,,
120904_00,V31905,,REMI,Undeterminable,,Undeterminable,,,,,,Wild Type,,Wild Type,,hinted_120904/rp120904_00_0075S.mov,hinted_120904_slug/rp120904p2_00.mov,rp120904_wavelet_jpeg/rp120904_00_w.jpg,polarized morph during axenic growth; medium density,
120904_01,V31901,,REMI,Undeterminable,,Undeterminable,,,,,,Wild Type,,Wild Type,,hinted_120904/rp120904_01_0200S.mov,hinted_120904_slug/rp120904p2_01.mov,rp120904_wavelet_jpeg/rp120904_01_w.jpg,polarized morph during axenic growth; medium density; many spores have fallen to agar,
120904_02,V31919,,REMI,Aberrant,amplitude,Aberrant,,,,,,Aberrant,,Wild Type,,hinted_120904/rp120904_02_0001S.mov,hinted_120904_slug/rp120904p2_02.mov,rp120904_wavelet_jpeg/rp120904_02_w.jpg,polarized morph during axenic growth; medium-low density; FB with short stalk trishanku-like,
120904_03,V31914,,REMI,Undeterminable,,Undeterminable,,,,,,Wild Type,,Wild Type,,hinted_120904/rp120904_03_0200S.mov,hinted_120904_slug/rp120904p2_03.mov,rp120904_wavelet_jpeg/rp120904_03_w.jpg,polarized morph during axenic growth; medium-low density,
120904_04,V31937,,REMI,Undeterminable,,Undeterminable,,,,,,Wild Type,,Wild Type,,hinted_120904/rp120904_04_0275S.mov,hinted_120904_slug/rp120904p2_04.mov,rp120904_wavelet_jpeg/rp120904_04_w.jpg,polarized morph during axenic growth; medium-low density,
120904_05,V31929,,REMI,Undeterminable,,Aberrant,,,,,,Undeterminable,,Aberrant,,hinted_120904/rp120904_05_0300S.mov,hinted_120904_slug/rp120904p2_05.mov,rp120904_wavelet_jpeg/rp120904_05_w.jpg,polarized small cells; poor growth,
120904_06,V31959,,REMI,Undeterminable,,Undeterminable,,,,,,Wild Type,,Wild Type,,hinted_120904/rp120904_06_0150S.mov,hinted_120904_slug/rp120904p2_06.mov,rp120904_wavelet_jpeg/rp120904_06_w.jpg,polarized morph during axenic growth; medium-low density,
120904_07,V31954,,REMI,Undeterminable,,Undeterminable,,,,,,Wild Type,,Wild Type,,hinted_120904/rp120904_07_0200S.mov,hinted_120904_slug/rp120904p2_07.mov,rp120904_wavelet_jpeg/rp120904_07_w.jpg,polarized morph during axenic growth; medium-low density,
120904_08,V31281,,REMI,Aberrant,,Aberrant,,,,,,Aberrant,,Wild Type,,hinted_120904/rp120904_08_0225S.mov,hinted_120904_slug/rp120904p2_08.mov,rp120904_wavelet_jpeg/rp120904_08_w.jpg,minor conf; small FBs clustered,
120904_09,V31989,,REMI,Wild Type,,Wild Type,,,,Wild Type,,Wild Type,,Wild Type,,hinted_120904/rp120904_09_0050S.mov,hinted_120904_slug/rp120904p2_09.mov,rp120904_wavelet_jpeg/rp120904_09_w.jpg,conf,
120904_10,V31912 (blank),,REMI,,,,,,,,,,,Wild Type,,[Null],hinted_120904_slug/rp120904p2_10.mov,rp120904_wavelet_jpeg/rp120904_10_w.jpg,bacteria contamination during axenic growth,
120904_11,V31902,,REMI,Undeterminable,,Undeterminable,,,,,,Wild Type,,Wild Type,,hinted_120904/rp120904_11_0100S.mov,hinted_120904_slug/rp120904p2_11.mov,rp120904_wavelet_jpeg/rp120904_11_w.jpg,polarized morph during axenic growth; medium density,
120904_12,V31925,,REMI,Undeterminable,,Undeterminable,,,,,,Wild Type,,Wild Type,,hinted_120904/rp120904_12_0200S.mov,hinted_120904_slug/rp120904p2_12.mov,rp120904_wavelet_jpeg/rp120904_12_w.jpg,polarized morph during axenic growth; medium density,
120904_13,V31915,,REMI,Wild Type,,Wild Type,,,,,,Wild Type,,Wild Type,,hinted_120904/rp120904_13_0100S.mov,hinted_120904_slug/rp120904p2_13.mov,rp120904_wavelet_jpeg/rp120904_13_w.jpg,polarized morphmedium density,
120904_14,V31940,,REMI,Undeterminable,,Undeterminable,,,,,,Wild Type,,Wild Type,,hinted_120904/rp120904_14_0200S.mov,hinted_120904_slug/rp120904p2_14.mov,rp120904_wavelet_jpeg/rp120904_14_w.jpg,polarized morph during axenic growth; medium-low density,
120904_15,V31931,,REMI,Undeterminable,,Undeterminable,,,,,,Wild Type,,Wild Type,,hinted_120904/rp120904_15_0250S.mov,hinted_120904_slug/rp120904p2_15.mov,rp120904_wavelet_jpeg/rp120904_15_w.jpg,polarized morph during axenic growth; medium-low density,
120904_16,V31961,,REMI,Undeterminable,,Undeterminable,,,,,,Wild Type,,Wild Type,,hinted_120904/rp120904_16_0250S.mov,hinted_120904_slug/rp120904p2_16.mov,rp120904_wavelet_jpeg/rp120904_16_w.jpg,polarized morph during axenic growth; medium-low density,
120904_17,V31955,,REMI,Wild Type,,Wild Type,,,,Wild Type,,Wild Type,,Wild Type,,hinted_120904/rp120904_17_0025S.mov,hinted_120904_slug/rp120904p2_17.mov,rp120904_wavelet_jpeg/rp120904_17_w.jpg,,
120904_18,V31286,,REMI,Undeterminable,,Wild Type,,,,,,Wild Type,,Wild Type,,hinted_120904/rp120904_18_0200S.mov,hinted_120904_slug/rp120904p2_18.mov,rp120904_wavelet_jpeg/rp120904_18_w.jpg,polarized morph during axenic growth; medium-low density,
120904_19,AX4,,,Undeterminable,,Wild Type,,,,Wild Type,,Wild Type,,Wild Type,,hinted_120904/rp120904_19_0100S.mov,hinted_120904_slug/rp120904p2_19.mov,rp120904_wavelet_jpeg/rp120904_19_w.jpg,,
120904_20,V31913,,REMI,Undeterminable,,Undeterminable,,,,,,Wild Type,,Wild Type,,hinted_120904/rp120904_20_0225S.mov,hinted_120904_slug/rp120904p2_20.mov,rp120904_wavelet_jpeg/rp120904_20_w.jpg,polarized morph during axenic growth; medium-low density,
120904_21,V31903,,REMI,Undeterminable,,Undeterminable,,,,,,Wild Type,,Wild Type,,hinted_120904/rp120904_21_0050S.mov,hinted_120904_slug/rp120904p2_21.mov,rp120904_wavelet_jpeg/rp120904_21_w.jpg,polarized morph during axenic growth; medium density,
120904_22,V31928,,REMI,Undeterminable,,Undeterminable,,,,,,Wild Type,,Wild Type,,hinted_120904/rp120904_22_0225S.mov,hinted_120904_slug/rp120904p2_22.mov,rp120904_wavelet_jpeg/rp120904_22_w.jpg,polarized morph during axenic growth; medium-low density,
120904_23,V31916,,REMI,Undeterminable,,Undeterminable,,,,,,Wild Type,,Aberrant,,hinted_120904/rp120904_23_0250S.mov,hinted_120904_slug/rp120904p2_23.mov,rp120904_wavelet_jpeg/rp120904_23_w.jpg,flat cell morph duriing axenic growth; medium density,
120904_24,V31950,,REMI,Wild Type,,Wild Type,,,,Wild Type,,Wild Type,,Wild Type,,hinted_120904/rp120904_24_0001S.mov,hinted_120904_slug/rp120904p2_24.mov,rp120904_wavelet_jpeg/rp120904_24_w.jpg,severe conf,
120904_25,V31932,,REMI,Undeterminable,,Undeterminable,,,,,,Wild Type,,Wild Type,,hinted_120904/rp120904_25_0200S.mov,hinted_120904_slug/rp120904p2_25.mov,rp120904_wavelet_jpeg/rp120904_25_w.jpg,polarized morph during axenic growth; medium-low density,
120904_26,V31984,,REMI,Wild Type,,Wild Type,,,,,,Wild Type,,Wild Type,,hinted_120904/rp120904_26_0025S.mov,hinted_120904_slug/rp120904p2_26.mov,rp120904_wavelet_jpeg/rp120904_26_w.jpg,conf,
120904_27,V31957,,REMI,Undeterminable,,Undeterminable,,,,,,Wild Type,,Wild Type,,hinted_120904/rp120904_27_0250S.mov,hinted_120904_slug/rp120904p2_27.mov,rp120904_wavelet_jpeg/rp120904_27_w.jpg,polarized morph during axenic growth; medium-low density,
120904_28,V31294,,REMI,Undeterminable,,Undeterminable,,,,,,Undeterminable,,Aberrant,,hinted_120904/rp120904_28_0200S.mov,hinted_120904_slug/rp120904p2_28.mov,rp120904_wavelet_jpeg/rp120904_28_w.jpg,polarized morph during axenic growth; low density; early detachment,
120904_29,V31255,,REMI,Undeterminable,,Aberrant,,,,,,Aberrant,,Wild Type,,hinted_120904/rp120904_29_0125S.mov,hinted_120904_slug/rp120904p2_29.mov,rp120904_wavelet_jpeg/rp120904_29_w.jpg,polarized morph during axenic growth; medium-low density; small FBs some without spore,
121304_00,V31338,,REMI,Wild Type,,Wild Type,,,,,,Wild Type,,Wild Type,,hinted_121304/rp121304_00_0025S.mov,hinted_121304_slug/rp121304p2_00.mov,rp121304_wavelet_jpeg/rp121304_00_w.jpg,conf,
121304_01,V31303,,REMI,Wild Type,,Wild Type,,,,,,Wild Type,,Wild Type,,hinted_121304/rp121304_01_0001S.mov,hinted_121304_slug/rp121304p2_01.mov,rp121304_wavelet_jpeg/rp121304_01_w.jpg,,
121304_02,V31432,,REMI,Wild Type,,Wild Type,,,,,,Wild Type,,Wild Type,,hinted_121304/rp121304_02_0025S.mov,hinted_121304_slug/rp121304p2_02.mov,rp121304_wavelet_jpeg/rp121304_02_w.jpg,,
121304_03,V31378,,REMI,Wild Type,,Wild Type,,,,,,Wild Type,,Wild Type,,hinted_121304/rp121304_03_0001S.mov,hinted_121304_slug/rp121304p2_03.mov,rp121304_wavelet_jpeg/rp121304_03_w.jpg,,
121304_04,V31523,,REMI,Wild Type,,Wild Type,,,,,,Wild Type,,Wild Type,,hinted_121304/rp121304_04_0050S.mov,hinted_121304_slug/rp121304p2_04.mov,rp121304_wavelet_jpeg/rp121304_04_w.jpg,,
121304_05,V31480,,REMI,Wild Type,,Wild Type,,,,,,Aberrant,,Wild Type,,hinted_121304/rp121304_05_0025S.mov,hinted_121304_slug/rp121304p2_05.mov,rp121304_wavelet_jpeg/rp121304_05_w.jpg,minor ab morph FB,
121304_06,V31649,,REMI,Wild Type,,Wild Type,,,,,,Wild Type,,Wild Type,,hinted_121304/rp121304_06_0025S.mov,hinted_121304_slug/rp121304p2_06.mov,rp121304_wavelet_jpeg/rp121304_06_w.jpg,conf,
121304_07,V31573,,REMI,Wild Type,,,,,,,,Wild Type,,Wild Type,,hinted_121304/rp121304_07_0050S.mov,hinted_121304_slug/rp121304p2_07.mov,rp121304_wavelet_jpeg/rp121304_07_w.jpg,,
121304_08,V31045,,REMI,Wild Type,,Wild Type,,,,,,Wild Type,,Wild Type,,hinted_121304/rp121304_08_0050S.mov,hinted_121304_slug/rp121304p2_08.mov,rp121304_wavelet_jpeg/rp121304_08_w.jpg,,
121304_09,V11047,,REMI,Undeterminable,,Undeterminable,,,,,,Undeterminable,,Wild Type,,hinted_121304/rp121304_09_0475S.mov,hinted_121304_slug/rp121304p2_09.mov,rp121304_wavelet_jpeg/rp121304_09_w.jpg,polarized cell morph during axenic growth; low density,
121304_10,V31347,,REMI,Wild Type,,Wild Type,,,,,,Wild Type,,Wild Type,,hinted_121304/rp121304_10_0001S.mov,hinted_121304_slug/rp121304p2_10.mov,rp121304_wavelet_jpeg/rp121304_10_w.jpg,,
121304_11,V31315,,REMI,Wild Type,,Wild Type,,,,,,Wild Type,,Wild Type,,hinted_121304/rp121304_11_0001S.mov,hinted_121304_slug/rp121304p2_11.mov,rp121304_wavelet_jpeg/rp121304_11_w.jpg,,
121304_12,V31466,,REMI,Wild Type,,Wild Type,,,,,,Wild Type,,Wild Type,,hinted_121304/rp121304_12_0025S.mov,hinted_121304_slug/rp121304p2_12.mov,rp121304_wavelet_jpeg/rp121304_12_w.jpg,,
121304_13,V31381,,REMI,Wild Type,,Wild Type,,,,,,Wild Type,,Wild Type,,hinted_121304/rp121304_13_0025S.mov,hinted_121304_slug/rp121304p2_13.mov,rp121304_wavelet_jpeg/rp121304_13_w.jpg,,
121304_14,V31528,,REMI,Wild Type,,Wild Type,,,,,,Aberrant,,Wild Type,,hinted_121304/rp121304_14_0025S.mov,hinted_121304_slug/rp121304p2_14.mov,rp121304_wavelet_jpeg/rp121304_14_w.jpg,FBs very short stalk,
121304_15,V31503,,REMI,Wild Type,,Wild Type,,,,,,Wild Type,,Wild Type,,hinted_121304/rp121304_15_0025S.mov,hinted_121304_slug/rp121304p2_15.mov,rp121304_wavelet_jpeg/rp121304_15_w.jpg,,
121304_16,V31671,,REMI,Wild Type,,Wild Type,,,,,,Aberrant,,Wild Type,,hinted_121304/rp121304_16_0075S.mov,hinted_121304_slug/rp121304p2_16.mov,rp121304_wavelet_jpeg/rp121304_16_w.jpg,mucoroides-likel slug shred it self off while migrating; some long stalk FB with small spore mass susended in the middle,
121304_17,V31596,,REMI,Wild Type,,Wild Type,,,,,,Wild Type,,Wild Type,,hinted_121304/rp121304_17_0050S.mov,hinted_121304_slug/rp121304p2_17.mov,rp121304_wavelet_jpeg/rp121304_17_w.jpg,,
121304_18,V31080,,REMI,Wild Type,,Aberrant,,,,,,Aberrant,,Wild Type,,hinted_121304/rp121304_18_0050S.mov,hinted_121304_slug/rp121304p2_18.mov,rp121304_wavelet_jpeg/rp121304_18_w.jpg,some polarized cells during axenic growth; mostly dev arrest at mound stage; FBs with short stalk,
121304_19,V30962,,REMI,Wild Type,,Wild Type,,,,,,Wild Type,,Wild Type,,hinted_121304/rp121304_19_0075S.mov,hinted_121304_slug/rp121304p2_19.mov,rp121304_wavelet_jpeg/rp121304_19_w.jpg,,
121304_20,V31360,,REMI,Wild Type,,Wild Type,,,,,,Wild Type,,Wild Type,,hinted_121304/rp121304_20_0025S.mov,hinted_121304_slug/rp121304p2_20.mov,rp121304_wavelet_jpeg/rp121304_20_w.jpg,conf,
121304_21,V31318,,REMI,Wild Type,,Wild Type,,,,,,Wild Type,,Wild Type,,hinted_121304/rp121304_21_0001S.mov,hinted_121304_slug/rp121304p2_21.mov,rp121304_wavelet_jpeg/rp121304_21_w.jpg,conf,
121304_22,V31475,,REMI,Wild Type,,Wild Type,,,,,,Aberrant,,Wild Type,,hinted_121304/rp121304_22_0025S.mov,hinted_121304_slug/rp121304p2_22.mov,rp121304_wavelet_jpeg/rp121304_22_w.jpg,some mound arrest,
121304_23,V31386,,REMI,Wild Type,,Wild Type,,,,,,Wild Type,,Wild Type,,hinted_121304/rp121304_23_0050S.mov,hinted_121304_slug/rp121304p2_23.mov,rp121304_wavelet_jpeg/rp121304_23_w.jpg,,
121304_24,V31568,,REMI,Wild Type,,Wild Type,,,,,,Aberrant,,Wild Type,,hinted_121304/rp121304_24_0025S.mov,hinted_121304_slug/rp121304p2_24.mov,rp121304_wavelet_jpeg/rp121304_24_w.jpg,FB with very short stalk and glassy spore head,
121304_25,V31515,,REMI,,amplitude? Or density,Wild Type,,,,,,Wild Type,,Wild Type,,hinted_121304/rp121304_25_0025S.mov,hinted_121304_slug/rp121304p2_25.mov,rp121304_wavelet_jpeg/rp121304_25_w.jpg,conf,
121304_26,AX4 #2,(cryo),,Wild Type,,Wild Type,,,,,,Wild Type,,Wild Type,,hinted_121304/rp121304_26_0050S.mov,hinted_121304_slug/rp121304p2_26.mov,rp121304_wavelet_jpeg/rp121304_26_w.jpg,,
121304_27,V31639,,REMI,Aberrant,low amplitude after streaming,Aberrant,,,,,,Aberrant,,Wild Type,,hinted_121304/rp121304_27_0125S.mov,hinted_121304_slug/rp121304p2_27.mov,rp121304_wavelet_jpeg/rp121304_27_w.jpg,medium density; stalk-like structure protruding from mound mass,
121304_28,V31130,,REMI,Wild Type,,Wild Type,,,,,,Wild Type,,Wild Type,,hinted_121304/rp121304_28_0025S.mov,hinted_121304_slug/rp121304p2_28.mov,rp121304_wavelet_jpeg/rp121304_28_w.jpg,conf (minor),
121304_29,V30967,,REMI,Wild Type,,Wild Type,,,,,,Wild Type,,Wild Type,,hinted_121304/rp121304_29_0075S.mov,hinted_121304_slug/rp121304p2_29.mov,rp121304_wavelet_jpeg/rp121304_29_w.jpg,conf (minor),
121604_00,V31807,,REMI,Undeterminable,,Wild Type,,,,,,Wild Type,,Wild Type,,hinted_121604/rp121604_00_0050S.mov,hinted_121604_slug/rp121604p2_00.mov,rp121604_wavelet_jpeg/rp121604_00_w.jpg,some ab pol morph during axenic growth; medium density,
121604_01,V31742,,REMI,Wild Type,,Wild Type,,,,,,None,,Wild Type,,hinted_121604/rp121604_01_0001S.mov,hinted_121604_slug/rp121604p2_01.mov,rp121604_wavelet_jpeg/rp121604_01_w.jpg,slugger,
121604_02,V31861,,REMI,Aberrant,amplitude,Undeterminable,,,,,,Wild Type,,Wild Type,,hinted_121604/rp121604_02_0200S.mov,hinted_121604_slug/rp121604p2_02.mov,rp121604_wavelet_jpeg/rp121604_02_w.jpg,minor ab pol morph during axenic growth; medium density,
121604_03,V31817,,REMI,Undeterminable,turbulent,Undeterminable,,,,,,Wild Type,,Wild Type,,hinted_121604/rp121604_03_0001S.mov,hinted_121604_slug/rp121604p2_03.mov,rp121604_wavelet_jpeg/rp121604_03_w.jpg,,
121604_04,V31907,,REMI,Wild Type,,Wild Type,,,,,,Wild Type,,Wild Type,,hinted_121604/rp121604_04_0025S.mov,hinted_121604_slug/rp121604p2_04.mov,rp121604_wavelet_jpeg/rp121604_04_w.jpg,,
121604_05,V31891,,REMI,Undeterminable,,Wild Type,,,,,,Wild Type,,Wild Type,,hinted_121604/rp121604_05_0050S.mov,hinted_121604_slug/rp121604p2_05.mov,rp121604_wavelet_jpeg/rp121604_05_w.jpg,medium density,
121604_06,AX4 #2,,,Wild Type,,Wild Type,,,,,,Wild Type,,Wild Type,,hinted_121604/rp121604_06_0025S.mov,hinted_121604_slug/rp121604p2_06.mov,rp121604_wavelet_jpeg/rp121604_06_w.jpg,,
121604_07,V31970,,REMI,Aberrant,turbulent,Aberrant,,,,,,Wild Type,,Wild Type,,hinted_121604/rp121604_07_0001S.mov,hinted_121604_slug/rp121604p2_07.mov,rp121604_wavelet_jpeg/rp121604_07_w.jpg,medium density,
121604_08,V31819,,REMI,Wild Type,,Wild Type,,,,,,Aberrant,,Wild Type,,hinted_121604/rp121604_08_0001S.mov,hinted_121604_slug/rp121604p2_08.mov,rp121604_wavelet_jpeg/rp121604_08_w.jpg,large cell mass on agar; some normal FB,
121604_09,V31806,,REMI,Undeterminable,,Undeterminable,,,,,,Wild Type,,Wild Type,,hinted_121604/rp121604_09_0475S.mov,hinted_121604_slug/rp121604p2_09.mov,rp121604_wavelet_jpeg/rp121604_09_w.jpg,ab pol morph during axenic growth; low density; small FB,
121604_10,V31808,,REMI,Aberrant,late,Undeterminable,,,,,,Wild Type,,Wild Type,,hinted_121604/rp121604_10_0350S.mov,hinted_121604_slug/rp121604p2_10.mov,rp121604_wavelet_jpeg/rp121604_10_w.jpg,small ab morph cells; medium-low density; small FB,
121604_11,V31743,,REMI,Undeterminable,,Aberrant,,,,,,Aberrant,,Wild Type,,hinted_121604/rp121604_11_0001S.mov,hinted_121604_slug/rp121604p2_11.mov,rp121604_wavelet_jpeg/rp121604_11_w.jpg,mostly arrested at mound stage,
121604_12,V31874,,REMI,Aberrant,turbulent,Aberrant,,,,,,Aberrant,,Wild Type,,hinted_121604/rp121604_12_0001S.mov,hinted_121604_slug/rp121604p2_12.mov,rp121604_wavelet_jpeg/rp121604_12_w.jpg,stalk-like struc on agar; some spore head but rare,
121604_13,V31821,,REMI,Undeterminable,,Wild Type,,,,,,Wild Type,,Wild Type,,hinted_121604/rp121604_13_0075S.mov,hinted_121604_slug/rp121604p2_13.mov,rp121604_wavelet_jpeg/rp121604_13_w.jpg,medium-high density,
121604_14,V31916,,REMI,Aberrant,late,Undeterminable,,,,,,Undeterminable,,Aberrant,,hinted_121604/rp121604_14_0300S.mov,hinted_121604_slug/rp121604p2_14.mov,rp121604_wavelet_jpeg/rp121604_14_w.jpg,flat morph during axenic growth; medium density,
121604_15,V31895,,REMI,Undeterminable,,Aberrant,,,,,,Undeterminable,,Wild Type,,hinted_121604/rp121604_15_0200S.mov,hinted_121604_slug/rp121604p2_15.mov,rp121604_wavelet_jpeg/rp121604_15_w.jpg,some ab pol morph during axenic growth; low density,
121604_16,V31801,,REMI,Undeterminable,,Undeterminable,,,,,,Undeterminable,,Wild Type,,hinted_121604/rp121604_16_0475S.mov,hinted_121604_slug/rp121604p2_16.mov,rp121604_wavelet_jpeg/rp121604_16_w.jpg,ab pol morph during axenic growth; low density,
121604_17,V31982,,REMI,Aberrant,turbulent,Aberrant,,,,,,Wild Type,,Wild Type,,hinted_121604/rp121604_17_0100S.mov,hinted_121604_slug/rp121604p2_17.mov,rp121604_wavelet_jpeg/rp121604_17_w.jpg,FB size not uniform,
121604_18,V31824,,REMI,Wild Type,,Wild Type,,,,,,Wild Type,,Wild Type,,hinted_121604/rp121604_18_0100S.mov,hinted_121604_slug/rp121604p2_18.mov,rp121604_wavelet_jpeg/rp121604_18_w.jpg,medium-low density,
121604_19,V31808,replated,REMI,Undeterminable,,Undeterminable,,,,,,Wild Type,,Wild Type,,hinted_121604/rp121604_19_0475S.mov,hinted_121604_slug/rp121604p2_19.mov,rp121604_wavelet_jpeg/rp121604_19_w.jpg,ab pol morph during axenic growth; low density; small FB,
121604_20,V31811,,REMI,Wild Type,,Wild Type,,,,,,Wild Type,,Wild Type,,hinted_121604/rp121604_20_0001S.mov,hinted_121604_slug/rp121604p2_20.mov,rp121604_wavelet_jpeg/rp121604_20_w.jpg,,
121604_21,V31752,,REMI,Wild Type,,Wild Type,,,,,,Wild Type,,Wild Type,,hinted_121604/rp121604_21_0001S.mov,hinted_121604_slug/rp121604p2_21.mov,rp121604_wavelet_jpeg/rp121604_21_w.jpg,,
121604_22,V31887,,REMI,Undeterminable,,Undeterminable,,,,,,Wild Type,,Wild Type,,hinted_121604/rp121604_22_0200S.mov,hinted_121604_slug/rp121604p2_22.mov,rp121604_wavelet_jpeg/rp121604_22_w.jpg,medium density,
121604_23,V31858,,REMI,Undeterminable,,Undeterminable,,,,,,Wild Type,,Wild Type,,hinted_121604/rp121604_23_0100S.mov,hinted_121604_slug/rp121604p2_23.mov,rp121604_wavelet_jpeg/rp121604_23_w.jpg,some ab pol morph during axenic growth; medium density,
121604_24,V31933,,REMI,Wild Type,,Wild Type,,,,,,Wild Type,,Wild Type,,hinted_121604/rp121604_24_0001S.mov,hinted_121604_slug/rp121604p2_24.mov,rp121604_wavelet_jpeg/rp121604_24_w.jpg,,
121604_25,V31906,,REMI,Undeterminable,turbulent,Undeterminable,,,,,,Wild Type,,Wild Type,,hinted_121604/rp121604_25_0100S.mov,hinted_121604_slug/rp121604p2_25.mov,rp121604_wavelet_jpeg/rp121604_25_w.jpg,,
121604_26,V31802,,REMI,Undeterminable,,Undeterminable,,,,,,Undeterminable,,Wild Type,,hinted_121604/rp121604_26_0475S.mov,hinted_121604_slug/rp121604p2_26.mov,rp121604_wavelet_jpeg/rp121604_26_w.jpg,some ab pol morph during axenic growth; low density,
121604_27,V31989,,REMI,Undeterminable,,Undeterminable,,,,,,Undeterminable,,Wild Type,,hinted_121604/rp121604_27_0300S.mov,hinted_121604_slug/rp121604p2_27.mov,rp121604_wavelet_jpeg/rp121604_27_w.jpg,ab pol morph during axenic growth; low density,
121604_28,V31826,,REMI,Undeterminable,uneven,Wild Type,,,,,,Wild Type,,Wild Type,,hinted_121604/rp121604_28_0175S.mov,hinted_121604_slug/rp121604p2_28.mov,rp121604_wavelet_jpeg/rp121604_28_w.jpg,ab pol morph during axenic growth; med-low density,
121604_29,V31814,,REMI,Undeterminable,,Undeterminable,,,,,,Wild Type,,Wild Type,,hinted_121604/rp121604_29_0200S.mov,hinted_121604_slug/rp121604p2_29.mov,rp121604_wavelet_jpeg/rp121604_29_w.jpg,aberrant irregular morphology during axenic growth; med-low density,
122004_00,V31184,,REMI,Undeterminable,,Undeterminable,,,,,,Wild Type,,Wild Type,,hinted_122004/rp122004_00_0475S.mov,hinted_122004_slug/rp122004p2_00.mov,rp122004_wavelet_jpeg/rp122004_00_w.jpg,ab pol morph during axenic growth; med-low density,
122004_01,V31134,,REMI,Wild Type,,Wild Type,,,,Wild Type,,Wild Type,,Wild Type,,hinted_122004/rp122004_01_0001S.mov,hinted_122004_slug/rp122004p2_01.mov,rp122004_wavelet_jpeg/rp122004_01_w.jpg,some sporehead fell down,
122004_02,V31868,,REMI,Wild Type,,Wild Type,,,,Wild Type,,Wild Type,,Wild Type,,hinted_122004/rp122004_02_0025S.mov,hinted_122004_slug/rp122004p2_02.mov,rp122004_wavelet_jpeg/rp122004_02_w.jpg,,
122004_03,V31222,,REMI,Undeterminable,,Undeterminable,,,,Wild Type,,Wild Type,,Wild Type,,hinted_122004/rp122004_03_0100S.mov,hinted_122004_slug/rp122004p2_03.mov,rp122004_wavelet_jpeg/rp122004_03_w.jpg,ab pol morph during axenic growth; med-low density,
122004_04,V31890,,REMI,Wild Type,,Wild Type,,,,Wild Type,,Wild Type,,Wild Type,,hinted_122004/rp122004_04_0050S.mov,hinted_122004_slug/rp122004p2_04.mov,rp122004_wavelet_jpeg/rp122004_04_w.jpg,,
122004_05,V31880,,REMI,Undeterminable,,Wild Type,,,,Wild Type,,Wild Type,,Wild Type,,hinted_122004/rp122004_05_0200S.mov,hinted_122004_slug/rp122004p2_05.mov,rp122004_wavelet_jpeg/rp122004_05_w.jpg,ab pol morph during axenic growth; med-low density,
122004_06,V31913,,REMI,Undeterminable,,Wild Type,,,,Wild Type,,Wild Type,,Wild Type,,hinted_122004/rp122004_06_0200S.mov,hinted_122004_slug/rp122004p2_06.mov,rp122004_wavelet_jpeg/rp122004_06_w.jpg,ab pol morph during axenic growth; med-low density,
122004_07,V31903,,REMI,Aberrant,,Aberrant,,,,Wild Type,,Wild Type,,Wild Type,,hinted_122004/rp122004_07_0050S.mov,hinted_122004_slug/rp122004p2_07.mov,rp122004_wavelet_jpeg/rp122004_07_w.jpg,cell-cell contact during axenic growth non-uniform distribution (minor) some sporehead fell down,
122004_08,V31929,,REMI,Undeterminable,,Undeterminable,,,,Undeterminable,,Undeterminable,,Aberrant,,hinted_122004/rp122004_08_0475S.mov,hinted_122004_slug/rp122004p2_08.mov,rp122004_wavelet_jpeg/rp122004_08_w.jpg,poor growth small polarized cells,
122004_09,blank,,,,,,,,,,,,,Wild Type,,,hinted_122004_slug/rp122004p2_09.mov,rp122004_wavelet_jpeg/rp122004_09_w.jpg,,
122004_10,V31186,,REMI,Wild Type,,Wild Type,,,,Wild Type,,Wild Type,,Wild Type,,hinted_122004/rp122004_10_0025S.mov,hinted_122004_slug/rp122004p2_10.mov,rp122004_wavelet_jpeg/rp122004_10_w.jpg,minor slugger,
122004_11,blank,,,,,,,,,,,,,Wild Type,,,hinted_122004_slug/rp122004p2_11.mov,rp122004_wavelet_jpeg/rp122004_11_w.jpg,,
122004_12,V31878,,REMI,Undeterminable,,Wild Type,,,,Wild Type,,Wild Type,,Wild Type,,hinted_122004/rp122004_12_0200S.mov,hinted_122004_slug/rp122004p2_12.mov,rp122004_wavelet_jpeg/rp122004_12_w.jpg,ab pol morph during axenic growth; med density,
122004_13,V31827,,REMI,Undeterminable,,Undeterminable,,,,Undeterminable,,Wild Type,,Wild Type,,hinted_122004/rp122004_13_0475S.mov,hinted_122004_slug/rp122004p2_13.mov,rp122004_wavelet_jpeg/rp122004_13_w.jpg,ab pol morph during axenic growth; low density,
122004_14,V31901,,REMI,Aberrant,,Wild Type,,,,None,,Wild Type,,Wild Type,,hinted_122004/rp122004_14_0100S.mov,hinted_122004_slug/rp122004p2_14.mov,rp122004_wavelet_jpeg/rp122004_14_w.jpg,some ab pol morph during axenic growth; med density,
122004_15,V31883,,REMI,Undeterminable,,Undeterminable,,,,Wild Type,,Wild Type,,Wild Type,,hinted_122004/rp122004_15_0475S.mov,hinted_122004_slug/rp122004p2_15.mov,rp122004_wavelet_jpeg/rp122004_15_w.jpg,ab pol morph during axenic growth; med-low density,
122004_16,V31914,,REMI,Undeterminable,,Wild Type,,,,Wild Type,,Wild Type,,Wild Type,,hinted_122004/rp122004_16_0100S.mov,hinted_122004_slug/rp122004p2_16.mov,rp122004_wavelet_jpeg/rp122004_16_w.jpg,ab pol morph during axenic growth; med-low density,
122004_17,V31905,,REMI,Aberrant,,,,,,,,Wild Type,,Wild Type,,hinted_122004/rp122004_17_0001S.mov,hinted_122004_slug/rp122004p2_17.mov,rp122004_wavelet_jpeg/rp122004_17_w.jpg,some ab pol morph during axenic growth; med-high density; some sporehead fell down,
122004_18,V31931,,REMI,Undeterminable,,Undeterminable,,,,Undeterminable,,Undeterminable,,Wild Type,,hinted_122004/rp122004_18_0400S.mov,hinted_122004_slug/rp122004p2_18.mov,rp122004_wavelet_jpeg/rp122004_18_w.jpg,ab pol morph during axenic growth; low density,
122004_19,V31925,,REMI,Undeterminable,,Undeterminable,,,,Wild Type,,Wild Type,,Wild Type,,hinted_122004/rp122004_19_0325S.mov,hinted_122004_slug/rp122004p2_19.mov,rp122004_wavelet_jpeg/rp122004_19_w.jpg,ab pol morph during axenic growth; med-low density,
122004_20,V31205,,REMI,Aberrant,,Wild Type,,,,Wild Type,,Wild Type,,Wild Type,,hinted_122004/rp122004_20_0050S.mov,hinted_122004_slug/rp122004p2_20.mov,rp122004_wavelet_jpeg/rp122004_20_w.jpg,,
122004_21,V31179,,REMI,Undeterminable,,Undeterminable,,,,Wild Type,,Undeterminable,,Wild Type,,hinted_122004/rp122004_21_0100S.mov,hinted_122004_slug/rp122004p2_21.mov,rp122004_wavelet_jpeg/rp122004_21_w.jpg,ab pol morph during axenic growth; low density,
122004_22,V31879,,REMI,Undeterminable,,Undeterminable,,,,Wild Type,,Wild Type,,Wild Type,,hinted_122004/rp122004_22_0300S.mov,hinted_122004_slug/rp122004p2_22.mov,rp122004_wavelet_jpeg/rp122004_22_w.jpg,ab pol morph during axenic growth; med-low density,
122004_23,V31847,,REMI,Undeterminable,,Undeterminable,,,,Wild Type,,Wild Type,,Wild Type,,hinted_122004/rp122004_23_0200S.mov,hinted_122004_slug/rp122004p2_23.mov,rp122004_wavelet_jpeg/rp122004_23_w.jpg,ab pol morph during axenic growth; med-low density,
122004_24,V31902,,REMI,Aberrant,,Wild Type,,,,Wild Type,,Wild Type,,Wild Type,,hinted_122004/rp122004_24_0050S.mov,hinted_122004_slug/rp122004p2_24.mov,rp122004_wavelet_jpeg/rp122004_24_w.jpg,some ab pol morph during axenic growth; med density,
122004_25,V31885,,REMI,Undeterminable,,Undeterminable,,,,Wild Type,,Wild Type,,Wild Type,,hinted_122004/rp122004_25_0225S.mov,hinted_122004_slug/rp122004p2_25.mov,rp122004_wavelet_jpeg/rp122004_25_w.jpg,ab pol morph during axenic growth; med-low density,
122004_26,V31916,,REMI,Aberrant,late,Undeterminable,,,,Undeterminable,,Aberrant,,Aberrant,,hinted_122004/rp122004_26_0300S.mov,hinted_122004_slug/rp122004p2_26.mov,rp122004_wavelet_jpeg/rp122004_26_w.jpg,flat moroph during axenic growth; mound arrest,
122004_27,V31912,,REMI,Undeterminable,,Undeterminable,,,,Wild Type,,Wild Type,,Wild Type,,hinted_122004/rp122004_27_0200S.mov,hinted_122004_slug/rp122004p2_27.mov,rp122004_wavelet_jpeg/rp122004_27_w.jpg,ab pol morph during axenic growth; low density,
122004_28,V31932,,REMI,Undeterminable,,Wild Type,,,,Wild Type,,Wild Type,,Wild Type,,hinted_122004/rp122004_28_0200S.mov,hinted_122004_slug/rp122004p2_28.mov,rp122004_wavelet_jpeg/rp122004_28_w.jpg,ab pol morph during axenic growth; med-low density,
122004_29,V31928,,REMI,Undeterminable,,Undeterminable,,,,Undeterminable,,Undeterminable,,Wild Type,,hinted_122004/rp122004_29_0475S.mov,hinted_122004_slug/rp122004p2_29.mov,rp122004_wavelet_jpeg/rp122004_29_w.jpg,ab pol morph during axenic growth; low density,
122304_00,V31954,,REMI,Wild Type,,Wild Type,,,,Wild Type,,Wild Type,,Wild Type,,hinted_122304/rp122304_00_0025S.mov,hinted_122304_slug/rp122304p2_00.mov,rp122304_wavelet_jpeg/rp122304_00_w.jpg,some polarized cells during axenic growth; medium density,
122304_01,V31742,,REMI,Undeterminable,,Undeterminable,,,,Aberrant,,None,,Wild Type,,hinted_122304/rp122304_01_0450S.mov,hinted_122304_slug/rp122304p2_01.mov,rp122304_wavelet_jpeg/rp122304_01_w.jpg,some bacteria left;ab morph during axenic growth; med-low density; some slug-like struc,
122304_02,V31806,,REMI,Undeterminable,,Wild Type,,,,Wild Type,,Wild Type,,Wild Type,,hinted_122304/rp122304_02_0250S.mov,hinted_122304_slug/rp122304p2_02.mov,rp122304_wavelet_jpeg/rp122304_02_w.jpg,some bacteria left;ab morph during axenic growth; med-low density,
122304_03,V31961,,REMI,Undeterminable,,Wild Type,,,,Wild Type,,Wild Type,,Wild Type,,hinted_122304/rp122304_03_0175S.mov,hinted_122304_slug/rp122304p2_03.mov,rp122304_wavelet_jpeg/rp122304_03_w.jpg,polarized cell morph during axenic growth; med-low density,
122304_04,V31802,,REMI,Undeterminable,,Undeterminable,,,,Wild Type,,Wild Type,,Wild Type,,hinted_122304/rp122304_04_0200S.mov,hinted_122304_slug/rp122304p2_04.mov,rp122304_wavelet_jpeg/rp122304_04_w.jpg,polarized cell morph during axenic growth; med density,
122304_05,V31824,,REMI,Undeterminable,,Undeterminable,,,,Undeterminable,,Undeterminable,,Wild Type,,hinted_122304/rp122304_05_0475S.mov,hinted_122304_slug/rp122304p2_05.mov,rp122304_wavelet_jpeg/rp122304_05_w.jpg,polarized cell morph during axenic growth; low density,
122304_06,V31821,,REMI,Undeterminable,,Wild Type,,,,Wild Type,,Wild Type,,Wild Type,,hinted_122304/rp122304_06_0150S.mov,hinted_122304_slug/rp122304p2_06.mov,rp122304_wavelet_jpeg/rp122304_06_w.jpg,minor flat cell morph during axenic growth; medium density,
122304_07,V31895,,REMI,Undeterminable,,Wild Type,,,,Wild Type,,Aberrant,,Wild Type,,hinted_122304/rp122304_07_0200S.mov,hinted_122304_slug/rp122304p2_07.mov,rp122304_wavelet_jpeg/rp122304_07_w.jpg,polarized cell morph during axenic growth; med density; short stalk,
122304_08,V31916,,REMI,Undeterminable,,Undeterminable,,,,Undeterminable,,Wild Type,,Aberrant,,hinted_122304/rp122304_08_0450S.mov,hinted_122304_slug/rp122304p2_08.mov,rp122304_wavelet_jpeg/rp122304_08_w.jpg,severely flat aberrant (smooth edge) cell morph during axenic growth; low density,
122304_09,V31743,,REMI,Undeterminable,,Undeterminable,,,,Aberrant,,Aberrant,,Wild Type,,hinted_122304/rp122304_09_0175S.mov,hinted_122304_slug/rp122304p2_09.mov,rp122304_wavelet_jpeg/rp122304_09_w.jpg,some bacteria left; med density; FB has a long stalk and small spore mass,
122304_10,V31957,,REMI,Wild Type,,Wild Type,,,,Wild Type,,Wild Type,,Wild Type,,hinted_122304/rp122304_10_0050S.mov,hinted_122304_slug/rp122304p2_10.mov,rp122304_wavelet_jpeg/rp122304_10_w.jpg,polarized cell morph during axenic growth; med density,
122304_11,V31937,,REMI,Aberrant,,Aberrant,,,,Undeterminable,,Aberrant,,Wild Type,,hinted_122304/rp122304_11_0001S.mov,hinted_122304_slug/rp122304p2_11.mov,rp122304_wavelet_jpeg/rp122304_11_w.jpg,some polarized cells during axenic growth; conf; non-uniform FB size some mound-likd struc,
122304_12,V31808,,REMI,Undeterminable,,Wild Type,,,,Wild Type,,Wild Type,,Wild Type,,hinted_122304/rp122304_12_0200S.mov,hinted_122304_slug/rp122304p2_12.mov,rp122304_wavelet_jpeg/rp122304_12_w.jpg,polarized cell morph during axenic growth; med-low density,
122304_13,V31919,,REMI,Aberrant,"frequency, amplitude",Undeterminable,,,,Aberrant,,Aberrant,,Wild Type,,hinted_122304/rp122304_13_0200S.mov,hinted_122304_slug/rp122304p2_13.mov,rp122304_wavelet_jpeg/rp122304_13_w.jpg,polarized cell morph during axenic growth; med-low density; rigid slug less turning; trishanku-like spore mass suspended in the middle of a short stalk,
122304_14,V31989,,REMI,Wild Type,,Wild Type,,,,,,Wild Type,,Wild Type,,hinted_122304/rp122304_14_0075S.mov,hinted_122304_slug/rp122304p2_14.mov,rp122304_wavelet_jpeg/rp122304_14_w.jpg,some polarized cells during axenic growth; medium-low density,
122304_15,V31826,,REMI,Undeterminable,,Wild Type,,,,Wild Type,,Undeterminable,,Wild Type,,hinted_122304/rp122304_15_0150S.mov,hinted_122304_slug/rp122304p2_15.mov,rp122304_wavelet_jpeg/rp122304_15_w.jpg,polarized cell morph during axenic growth; med-low density; contamination,
122304_16,V31858,,REMI,Undeterminable,,Wild Type,,,,Wild Type,,Wild Type,,Wild Type,,hinted_122304/rp122304_16_0100S.mov,hinted_122304_slug/rp122304p2_16.mov,rp122304_wavelet_jpeg/rp122304_16_w.jpg,polarized cell morph during axenic growth; med density,
122304_17,V31861,,REMI,Undeterminable,,Wild Type,,,,Wild Type,,Wild Type,,Wild Type,,hinted_122304/rp122304_17_0150S.mov,hinted_122304_slug/rp122304p2_17.mov,rp122304_wavelet_jpeg/rp122304_17_w.jpg,polarized cell morph during axenic growth; med-low density,
122304_18,V31982,,REMI,Undeterminable,,Wild Type,,,,Wild Type,,Wild Type,,Wild Type,,hinted_122304/rp122304_18_0100S.mov,hinted_122304_slug/rp122304p2_18.mov,rp122304_wavelet_jpeg/rp122304_18_w.jpg,polarized cell morph during axenic growth; med-low density,
122304_19,V31874,,REMI,Aberrant,,Aberrant,,,,Aberrant,,Wild Type,,Wild Type,,hinted_122304/rp122304_19_0001S.mov,hinted_122304_slug/rp122304p2_19.mov,rp122304_wavelet_jpeg/rp122304_19_w.jpg,cells are uniformly small (minor),
122304_20,V31959,,REMI,Wild Type,,Wild Type,,,,Wild Type,,Wild Type,,Wild Type,,hinted_122304/rp122304_20_0050S.mov,hinted_122304_slug/rp122304p2_20.mov,rp122304_wavelet_jpeg/rp122304_20_w.jpg,severe early detachment during axenc growth,
122304_21,V31940,,REMI,Wild Type,,Wild Type,,,,Wild Type,,Wild Type,,Wild Type,,hinted_122304/rp122304_21_0001S.mov,hinted_122304_slug/rp122304p2_21.mov,rp122304_wavelet_jpeg/rp122304_21_w.jpg,conf,
122304_22,V31814,,REMI,Undeterminable,,Undeterminable,,,,Wild Type,,Wild Type,,Wild Type,,hinted_122304/rp122304_22_0200S.mov,hinted_122304_slug/rp122304p2_22.mov,rp122304_wavelet_jpeg/rp122304_22_w.jpg,polarized cell morph during axenic growth; low density,
122304_23,V31157,,REMI,Wild Type,,Wild Type,,,,Wild Type,,Wild Type,,Wild Type,,hinted_122304/rp122304_23_0050S.mov,hinted_122304_slug/rp122304p2_23.mov,rp122304_wavelet_jpeg/rp122304_23_w.jpg,minor conf,
122304_24,V31891,,REMI,Wild Type,,Wild Type,,,,Wild Type,,Wild Type,,Wild Type,,hinted_122304/rp122304_24_0075S.mov,hinted_122304_slug/rp122304p2_24.mov,rp122304_wavelet_jpeg/rp122304_24_w.jpg,cells could be a bit smaller; medium-high density,
122304_25,V31801,,REMI,Undeterminable,,Undeterminable,,,,Wild Type,,Wild Type,,Wild Type,,hinted_122304/rp122304_25_0150S.mov,hinted_122304_slug/rp122304p2_25.mov,rp122304_wavelet_jpeg/rp122304_25_w.jpg,polarized cell morph during axenic growth; low density,
122304_26,blank (V31807),,,,,,,,,,,Wild Type,,Wild Type,,,,,,
122304_27,V31887,,REMI,Wild Type,,Wild Type,,,,Wild Type,,Wild Type,,Wild Type,,hinted_122304/rp122304_27_0100S.mov,hinted_122304_slug/rp122304p2_27.mov,rp122304_wavelet_jpeg/rp122304_27_w.jpg,flat aberrant cells a bit large,
122304_28,V31970,,REMI,Aberrant,amplitude,Wild Type,,,,Wild Type,,Wild Type,,Wild Type,,hinted_122304/rp122304_28_0050S.mov,hinted_122304_slug/rp122304p2_28.mov,rp122304_wavelet_jpeg/rp122304_28_w.jpg,,
122304_29,V31817,,REMI,Wild Type,,Wild Type,,,,Wild Type,,Aberrant,,Wild Type,,hinted_122304/rp122304_29_0050S.mov,hinted_122304_slug/rp122304p2_29.mov,rp122304_wavelet_jpeg/rp122304_29_w.jpg,cell-cell distribution is non-uniform during axenic growth; cells are not polarized though; some dev arrest at mound stage,
122804_00,V11077,,REMI,Undeterminable,,Undeterminable,,,,,,Aberrant,,Wild Type,,hinted_122804/rp122804_00_0200S.mov,hinted_122804_slug/rp122804p2_00.mov,,polarized cell morph during axenic growth; med-low density; FB with short stalk,
122804_01,V11053,,REMI,Wild Type,,Wild Type,,,,Wild Type,,Wild Type,,Wild Type,,hinted_122804/rp122804_01_0025S.mov,hinted_122804_slug/rp122804p2_01.mov,,,
122804_02,V11139,,REMI,Aberrant,,Wild Type,,,,Wild Type,,Wild Type,,Wild Type,,hinted_122804/rp122804_02_0175S.mov,hinted_122804_slug/rp122804p2_02.mov,,,
122804_03,V11131,,REMI,Wild Type,,Wild Type,,,,Wild Type,,Wild Type,,Wild Type,,hinted_122804/rp122804_03_0050S.mov,hinted_122804_slug/rp122804p2_03.mov,,,
122804_04,V31058,,REMI,Wild Type,,Wild Type,,,,Wild Type,,Wild Type,,Wild Type,,hinted_122804/rp122804_04_0050S.mov,hinted_122804_slug/rp122804p2_04.mov,,,
122804_05,V31043,,REMI,Undeterminable,,Undeterminable,,,,,,Undeterminable,,Wild Type,,hinted_122804/rp122804_05_0175S.mov,hinted_122804_slug/rp122804p2_05.mov,,med-low density; some bacteria left,
122804_06,V30280,,REMI,Wild Type,,Wild Type,,,,,,Wild Type,,Wild Type,,hinted_122804/rp122804_06_0050S.mov,hinted_122804_slug/rp122804p2_06.mov,,,
122804_07,V30265,,REMI,Wild Type,,Wild Type,,,,,,Wild Type,,Wild Type,,hinted_122804/rp122804_07_0025S.mov,hinted_122804_slug/rp122804p2_07.mov,,,
122804_08,V30290,,REMI,Wild Type,,Wild Type,,,,,,Wild Type,,Wild Type,,hinted_122804/rp122804_08_0050S.mov,hinted_122804_slug/rp122804p2_08.mov,,,
122804_09,V30286,,REMI,Wild Type,amplitude?,Wild Type,,,,,,Wild Type,,Wild Type,,hinted_122804/rp122804_09_0025S.mov,hinted_122804_slug/rp122804p2_09.mov,,conf,
122804_10,V11105,,REMI,Aberrant,large territory,Aberrant,,,,Wild Type,,Wild Type,,Wild Type,,hinted_122804/rp122804_10_0050S.mov,hinted_122804_slug/rp122804p2_10.mov,,,
122804_11,V11055,,REMI,Undeterminable,,Undeterminable,,,,,,Aberrant,,Aberrant,,hinted_122804/rp122804_11_0050S.mov,hinted_122804_slug/rp122804p2_11.mov,,flat polarized cell morph (minor) during axenic growth; med-high density; FB with short stalk,
122804_12,V31025,,REMI,Wild Type,,Wild Type,,,,Wild Type,,Aberrant,,Wild Type,,hinted_122804/rp122804_12_0025S.mov,hinted_122804_slug/rp122804p2_12.mov,,FB with short stalk,
122804_13,V11134,,REMI,Aberrant,frequency,Undeterminable,,,,,,Aberrant,,Wild Type,,hinted_122804/rp122804_13_0200S.mov,hinted_122804_slug/rp122804p2_13.mov,,medium-high density; agg-?,
122804_14,V31090,,REMI,Wild Type,,Wild Type,,,,Wild Type,,Wild Type,,Wild Type,,hinted_122804/rp122804_14_0025S.mov,hinted_122804_slug/rp122804p2_14.mov,,conf,
122804_15,V31052,,REMI,Wild Type,,Wild Type,,,,Wild Type,,Wild Type,,Wild Type,,hinted_122804/rp122804_15_0025S.mov,hinted_122804_slug/rp122804p2_15.mov,,,
122804_16,V30281,,REMI,Wild Type,,Wild Type,,,,,,Wild Type,,Wild Type,,hinted_122804/rp122804_16_0025S.mov,hinted_122804_slug/rp122804p2_16.mov,,,
122804_17,V30271,,REMI,Wild Type,,Wild Type,,,,,,Wild Type,,Wild Type,,hinted_122804/rp122804_17_0025S.mov,hinted_122804_slug/rp122804p2_17.mov,,,
122804_18,V30296,,REMI,Wild Type,,Wild Type,,,,,,Wild Type,,Wild Type,,hinted_122804/rp122804_18_0025S.mov,hinted_122804_slug/rp122804p2_18.mov,,,
122804_19,V30287,,REMI,Wild Type,,Wild Type,,,,,,Wild Type,,Wild Type,,hinted_122804/rp122804_19_0050S.mov,hinted_122804_slug/rp122804p2_19.mov,,,
122804_20,V11128,,REMI,Undeterminable,late,Undeterminable,,,,Wild Type,,Undeterminable,,Aberrant,,hinted_122804/rp122804_20_0100S.mov,hinted_122804_slug/rp122804p2_20.mov,,uniformly small cells; small FB,
122804_21,V11069,,REMI,Wild Type,,Wild Type,,,,Wild Type,,Wild Type,,Wild Type,,hinted_122804/rp122804_21_0001S.mov,hinted_122804_slug/rp122804p2_21.mov,,,
122804_22,V31026,,REMI,Undeterminable,,Undeterminable,,,,,,Undeterminable,,Wild Type,,hinted_122804/rp122804_22_0100S.mov,hinted_122804_slug/rp122804p2_22.mov,,polarized cell morph during axenic growth; low density,
122804_23,V11136,,REMI,Wild Type,,Wild Type,,,,Wild Type,,Wild Type,,Wild Type,,hinted_122804/rp122804_23_0025S.mov,hinted_122804_slug/rp122804p2_23.mov,,,
122804_24,V31105,,REMI,Wild Type,,Wild Type,,,,,,Aberrant,,Wild Type,,hinted_122804/rp122804_24_0001S.mov,hinted_122804_slug/rp122804p2_24.mov,,stalk-like struc on agar and some spore head but few,
122804_25,V31056,,REMI,Wild Type,,Aberrant,,,,,,Wild Type,,Wild Type,,hinted_122804/rp122804_25_0075S.mov,hinted_122804_slug/rp122804p2_25.mov,,some large cells,
122804_26,V30283,,REMI,Wild Type,,Wild Type,,,,,,Wild Type,,Wild Type,,hinted_122804/rp122804_26_0050S.mov,hinted_122804_slug/rp122804p2_26.mov,,,
122804_27,V30274,,REMI,Wild Type,,Wild Type,,,,,,Wild Type,,Wild Type,,hinted_122804/rp122804_27_0025S.mov,hinted_122804_slug/rp122804p2_27.mov,,,
122804_28,AX4 #2,,REMI,Wild Type,,Wild Type,,,,Wild Type,,Wild Type,,Wild Type,,hinted_122804/rp122804_28_0075S.mov,hinted_122804_slug/rp122804p2_28.mov,,minor conf,
122804_29,V30288,,REMI,Wild Type,,Wild Type,,,,,,Wild Type,,Wild Type,,hinted_122804/rp122804_29_0075S.mov,hinted_122804_slug/rp122804p2_29.mov,,conf,
010305_00,V33004,,REMI,Undeterminable,,Undeterminable,,,,,,Wild Type,,Aberrant,,hinted_010305/rp010305_00_0150S.mov,hinted_010305_slug/rp010305p2_00.mov,rp010305_wavelet_jpeg/rp010305_00_w.jpg,polarized cell morph during axenic growth; med-low density,
010305_01,V33001,,REMI,Undeterminable,,Undeterminable,,,,,,Aberrant,,Wild Type,,hinted_010305/rp010305_01_0001S.mov,hinted_010305_slug/rp010305p2_01.mov,rp010305_wavelet_jpeg/rp010305_01_w.jpg,conf; stalk-like zig-zag struc on agar some spore mass,
010305_02,V33010,,REMI,Wild Type,,Wild Type,,,,Wild Type,,Wild Type,,Wild Type,,hinted_010305/rp010305_02_0001S.mov,hinted_010305_slug/rp010305p2_02.mov,rp010305_wavelet_jpeg/rp010305_02_w.jpg,,
010305_03,V33007,,REMI,Undeterminable,,Undeterminable,,,,,,Wild Type,,Aberrant,,hinted_010305/rp010305_03_0001S.mov,hinted_010305_slug/rp010305p2_03.mov,rp010305_wavelet_jpeg/rp010305_03_w.jpg,polarized cell morph during axenic growth; med-low density,
010305_04,V33016,,REMI,Wild Type,,Wild Type,,,,Wild Type,,Wild Type,,Wild Type,,hinted_010305/rp010305_04_0050S.mov,hinted_010305_slug/rp010305p2_04.mov,rp010305_wavelet_jpeg/rp010305_04_w.jpg,,
010305_05,V33013,,REMI,Wild Type,,Wild Type,,,,Wild Type,,Wild Type,,Wild Type,,hinted_010305/rp010305_05_0025S.mov,hinted_010305_slug/rp010305p2_05.mov,rp010305_wavelet_jpeg/rp010305_05_w.jpg,,
010305_06,V33022,,REMI,Undeterminable,,Undeterminable,,,,,,Wild Type,,Wild Type,,hinted_010305/rp010305_06_0100S.mov,hinted_010305_slug/rp010305p2_06.mov,rp010305_wavelet_jpeg/rp010305_06_w.jpg,,
010305_07,V33019,,REMI,Wild Type,,Wild Type,,,,Wild Type,,Wild Type,,Wild Type,,hinted_010305/rp010305_07_0025S.mov,hinted_010305_slug/rp010305p2_07.mov,rp010305_wavelet_jpeg/rp010305_07_w.jpg,conf,
010305_08,V33028,,REMI,Wild Type,,Wild Type,,,,Wild Type,,Wild Type,,Wild Type,,hinted_010305/rp010305_08_0100S.mov,hinted_010305_slug/rp010305p2_08.mov,rp010305_wavelet_jpeg/rp010305_08_w.jpg,,
010305_09,V33025,,REMI,Undeterminable,,Undeterminable,,,,,,Undeterminable,,Aberrant,,hinted_010305/rp010305_09_0475S.mov,hinted_010305_slug/rp010305p2_09.mov,rp010305_wavelet_jpeg/rp010305_09_w.jpg,"poor axenic growth; small cells' low density; small FB",
010305_10,V33005,,REMI,Wild Type,,Wild Type,,,,Wild Type,,Wild Type,,Wild Type,,hinted_010305/rp010305_10_0050S.mov,hinted_010305_slug/rp010305p2_10.mov,rp010305_wavelet_jpeg/rp010305_10_w.jpg,conf,
010305_11,V33002,,REMI,Wild Type,,Wild Type,,,,Wild Type,,Wild Type,,Wild Type,,hinted_010305/rp010305_11_0001S.mov,hinted_010305_slug/rp010305p2_11.mov,rp010305_wavelet_jpeg/rp010305_11_w.jpg,some polarized cell morph during axenic growth; med density,
010305_12,V33011,,REMI,Undeterminable,,Undeterminable,,,,,,Wild Type,,Aberrant,,hinted_010305/rp010305_12_0001S.mov,hinted_010305_slug/rp010305p2_12.mov,rp010305_wavelet_jpeg/rp010305_12_w.jpg,polarized cell morph during axenic growth; med-low density,
010305_13,V33008,,REMI,Undeterminable,,Undeterminable,,,,,,Wild Type,,Wild Type,,hinted_010305/rp010305_13_0125S.mov,hinted_010305_slug/rp010305p2_13.mov,rp010305_wavelet_jpeg/rp010305_13_w.jpg,,
010305_14,V33017,,REMI,Aberrant,,Aberrant,,,,,,Aberrant,,Wild Type,,hinted_010305/rp010305_14_0075S.mov,hinted_010305_slug/rp010305p2_14.mov,rp010305_wavelet_jpeg/rp010305_14_w.jpg,"some cells didn't aggregate short stalk and stalk-like struc on agar",
010305_15,V33014,,REMI,Wild Type,,Wild Type,,,,Wild Type,,Wild Type,,Wild Type,,hinted_010305/rp010305_15_0075S.mov,hinted_010305_slug/rp010305p2_15.mov,rp010305_wavelet_jpeg/rp010305_15_w.jpg,slugger?,
010305_16,V33023,,REMI,Aberrant,,Aberrant,,,,,,Aberrant,,Wild Type,,hinted_010305/rp010305_16_0100S.mov,hinted_010305_slug/rp010305p2_16.mov,rp010305_wavelet_jpeg/rp010305_16_w.jpg,non-uniform FB size some mound arrest,
010305_17,V33020,,REMI,Wild Type,,Wild Type,,,,,,Aberrant,,Wild Type,,hinted_010305/rp010305_17_0025S.mov,hinted_010305_slug/rp010305p2_17.mov,rp010305_wavelet_jpeg/rp010305_17_w.jpg,glassy spore mass but almost no stalk except some cellular deposit on agar,
010305_18,V33029,,REMI,Undeterminable,,Undeterminable,,,,,,Undeterminable,,Wild Type,,hinted_010305/rp010305_18_0475S.mov,hinted_010305_slug/rp010305p2_18.mov,rp010305_wavelet_jpeg/rp010305_18_w.jpg,some large cells,
010305_19,V33026,,REMI,Undeterminable,,Undeterminable,,,,,,,,Wild Type,,hinted_010305/rp010305_19_0300S.mov,hinted_010305_slug/rp010305p2_19.mov,rp010305_wavelet_jpeg/rp010305_19_w.jpg,medium density,
010305_20,V33006,,REMI,Undeterminable,,Undeterminable,,,,,,Wild Type,,Wild Type,,hinted_010305/rp010305_20_0100S.mov,hinted_010305_slug/rp010305p2_20.mov,rp010305_wavelet_jpeg/rp010305_20_w.jpg,conf,
010305_21,V33003,,REMI,Undeterminable,,Undeterminable,,,,,,Wild Type,,Aberrant,,hinted_010305/rp010305_21_0100S.mov,hinted_010305_slug/rp010305p2_21.mov,rp010305_wavelet_jpeg/rp010305_21_w.jpg,polarized cell morph during axenic growth; low density,
010305_22,V33012,,REMI,Aberrant,,Aberrant,,,,,,Wild Type,,Wild Type,,hinted_010305/rp010305_22_0275S.mov,hinted_010305_slug/rp010305p2_22.mov,rp010305_wavelet_jpeg/rp010305_22_w.jpg,,
010305_23,V33009,,REMI,Aberrant,,Aberrant,,,,,,None,,Aberrant,,hinted_010305/rp010305_23_0225S.mov,hinted_010305_slug/rp010305p2_23.mov,rp010305_wavelet_jpeg/rp010305_23_w.jpg,some very large cells during axenic growth; dev arrest at mound,
010305_24,V33018,,REMI,Wild Type,,Wild Type,,,,Wild Type,,Wild Type,,Wild Type,,hinted_010305/rp010305_24_0025S.mov,hinted_010305_slug/rp010305p2_24.mov,rp010305_wavelet_jpeg/rp010305_24_w.jpg,,
010305_25,V33015,,REMI,Wild Type,,Wild Type,,,,Wild Type,,Wild Type,,Aberrant,,hinted_010305/rp010305_25_0050S.mov,hinted_010305_slug/rp010305p2_25.mov,rp010305_wavelet_jpeg/rp010305_25_w.jpg,cells are uniformly large during axenic growth,
010305_26,V33024,,REMI,Wild Type,,Wild Type,,,,Wild Type,,Aberrant,,Wild Type,,hinted_010305/rp010305_26_0125S.mov,hinted_010305_slug/rp010305p2_26.mov,rp010305_wavelet_jpeg/rp010305_26_w.jpg,trishanku-like spore mass suspended in the middle of a stalk,
010305_27,V33021,,REMI,Undeterminable,,Undeterminable,,,,,,Aberrant,,Aberrant,,hinted_010305/rp010305_27_0100S.mov,hinted_010305_slug/rp010305p2_27.mov,rp010305_wavelet_jpeg/rp010305_27_w.jpg,cells are uniformly small during axenic growth; med-low density; thin stalk,
010305_28,V33030,,REMI,Undeterminable,,Undeterminable,,,,,,Aberrant,,Wild Type,,hinted_010305/rp010305_28_0225S.mov,hinted_010305_slug/rp010305p2_28.mov,rp010305_wavelet_jpeg/rp010305_28_w.jpg,med-low density; almost no spore mass stalk-like depost,
010305_29,V33027,,REMI,Undeterminable,,Undeterminable,,,,,,Wild Type,,Wild Type,,hinted_010305/rp010305_29_0001S.mov,hinted_010305_slug/rp010305p2_29.mov,rp010305_wavelet_jpeg/rp010305_29_w.jpg,medium density; many FB extending horizontally,
010605_00,V33034,,REMI,Wild Type,,Wild Type,,,,Wild Type,,Wild Type,,Wild Type,,hinted_010605/rp010605_00_0075S.mov,hinted_010605_slug/rp010605p2_00.mov,rp010605_wavelet_jpeg/rp010605_00_w.jpg,conf,
010605_01,V33031,,REMI,Wild Type,,Wild Type,,,,Wild Type,,Wild Type,,Wild Type,,hinted_010605/rp010605_01_0050S.mov,hinted_010605_slug/rp010605p2_01.mov,rp010605_wavelet_jpeg/rp010605_01_w.jpg,conf,
010605_02,V33040,,REMI,Undeterminable,,Undeterminable,,,,,,Wild Type,,Aberrant,,hinted_010605/rp010605_02_0475S.mov,hinted_010605_slug/rp010605p2_02.mov,rp010605_wavelet_jpeg/rp010605_02_w.jpg,ab pol low; small FB,
010605_03,V33037,,REMI,Aberrant,,Wild Type,,,,Wild Type,,Wild Type,,Aberrant,,hinted_010605/rp010605_03_0100S.mov,hinted_010605_slug/rp010605p2_03.mov,rp010605_wavelet_jpeg/rp010605_03_w.jpg,medium large; med-high density; small FB,
010605_04,V33046,,REMI,Wild Type,,Wild Type,,,,Wild Type,,Wild Type,,Wild Type,,hinted_010605/rp010605_04_0075S.mov,hinted_010605_slug/rp010605p2_04.mov,rp010605_wavelet_jpeg/rp010605_04_w.jpg,,
010605_05,V33043,,REMI,Undeterminable,,Undeterminable,,,,,,Undeterminable,,Aberrant,,hinted_010605/rp010605_05_0475S.mov,hinted_010605_slug/rp010605p2_05.mov,rp010605_wavelet_jpeg/rp010605_05_w.jpg,ab pol low,
010605_06,V33052,,REMI,Undeterminable,,Undeterminable,,,,,,Wild Type,,Aberrant,,hinted_010605/rp010605_06_0200S.mov,hinted_010605_slug/rp010605p2_06.mov,rp010605_wavelet_jpeg/rp010605_06_w.jpg,cells are uniformly large,
010605_07,V33049,,REMI,Aberrant,,Wild Type,,,,,,Aberrant,,Wild Type,,hinted_010605/rp010605_07_0001S.mov,hinted_010605_slug/rp010605p2_07.mov,rp010605_wavelet_jpeg/rp010605_07_w.jpg,conf; stalk-like struc on agar almost no spore mass,
010605_08,V33058,,REMI,Wild Type,,Wild Type,,,,Wild Type,,Wild Type,,Wild Type,,hinted_010605/rp010605_08_0050S.mov,hinted_010605_slug/rp010605p2_08.mov,rp010605_wavelet_jpeg/rp010605_08_w.jpg,small FB,
010605_09,V33055,,REMI,Aberrant,,Wild Type,,,,Wild Type,,Wild Type,,Wild Type,,hinted_010605/rp010605_09_0025S.mov,hinted_010605_slug/rp010605p2_09.mov,rp010605_wavelet_jpeg/rp010605_09_w.jpg,,
010605_10,V33035,,REMI,Undeterminable,,Wild Type,,,,,,Undeterminable,,Wild Type,,hinted_010605/rp010605_10_0150S.mov,hinted_010605_slug/rp010605p2_10.mov,rp010605_wavelet_jpeg/rp010605_10_w.jpg,some polarized cells and bacteria contamination;med-low density,
010605_11,V33032,,REMI,Undeterminable,,Wild Type,,,,Wild Type,,Wild Type,,Wild Type,,hinted_010605/rp010605_11_0100S.mov,hinted_010605_slug/rp010605p2_11.mov,rp010605_wavelet_jpeg/rp010605_11_w.jpg,,
010605_12,V33041,,REMI,Undeterminable,,Undeterminable,,,,,,Undeterminable,,Wild Type,,hinted_010605/rp010605_12_0200S.mov,hinted_010605_slug/rp010605p2_12.mov,rp010605_wavelet_jpeg/rp010605_12_w.jpg,ab pol med-low; small FB,
010605_13,V33038,,REMI,Undeterminable,,Undeterminable,,,,,,Undeterminable,,Aberrant,,hinted_010605/rp010605_13_0150S.mov,hinted_010605_slug/rp010605p2_13.mov,rp010605_wavelet_jpeg/rp010605_13_w.jpg,ab pol med-low; FB with short stalk,
010605_14,V33047,,REMI,Aberrant,late; developmental,Wild Type,,,,Wild Type,,Wild Type,,Wild Type,,hinted_010605/rp010605_14_0175S.mov,hinted_010605_slug/rp010605p2_14.mov,rp010605_wavelet_jpeg/rp010605_14_w.jpg,some large cells,
010605_15,V33044,,REMI,Undeterminable,,Undeterminable,,,,,,Wild Type,,Aberrant,,hinted_010605/rp010605_15_0475S.mov,hinted_010605_slug/rp010605p2_15.mov,rp010605_wavelet_jpeg/rp010605_15_w.jpg,ab pol low,
010605_16,V33053,,REMI,Wild Type,,Wild Type,,,,Wild Type,,Wild Type,,Wild Type,,hinted_010605/rp010605_16_0075S.mov,hinted_010605_slug/rp010605p2_16.mov,rp010605_wavelet_jpeg/rp010605_16_w.jpg,,
010605_17,V33050,,REMI,Undeterminable,,Undeterminable,,,,,,Wild Type,,Wild Type,,hinted_010605/rp010605_17_0350S.mov,hinted_010605_slug/rp010605p2_17.mov,rp010605_wavelet_jpeg/rp010605_17_w.jpg,medium-low density; small FB,
010605_18,V33059,,REMI,Aberrant,,Aberrant,,,,,,Wild Type,,Wild Type,,hinted_010605/rp010605_18_0050S.mov,hinted_010605_slug/rp010605p2_18.mov,rp010605_wavelet_jpeg/rp010605_18_w.jpg,,
010605_19,V33056,,REMI,Wild Type,,Wild Type,,,,,,Aberrant,,Wild Type,,hinted_010605/rp010605_19_0050S.mov,hinted_010605_slug/rp010605p2_19.mov,rp010605_wavelet_jpeg/rp010605_19_w.jpg,non-uniform in size (minor),
010605_20,V33036,,REMI,Undeterminable,,Wild Type,,,,Wild Type,,Wild Type,,Wild Type,,hinted_010605/rp010605_20_0050S.mov,hinted_010605_slug/rp010605p2_20.mov,rp010605_wavelet_jpeg/rp010605_20_w.jpg,medium density,
010605_21,V33033,,REMI,Wild Type,,Wild Type,,,,,,Aberrant,,Wild Type,,hinted_010605/rp010605_21_0050S.mov,hinted_010605_slug/rp010605p2_21.mov,rp010605_wavelet_jpeg/rp010605_21_w.jpg,some large cells; short stalk-like struc on agar; almost no spore mass,
010605_22,V33042,,REMI,Wild Type,,Wild Type,,,,Wild Type,,Wild Type,,Wild Type,,hinted_010605/rp010605_22_0050S.mov,hinted_010605_slug/rp010605p2_22.mov,rp010605_wavelet_jpeg/rp010605_22_w.jpg,some large cells,
010605_23,V33039,,REMI,Undeterminable,,Wild Type,,,,,,Wild Type,,Wild Type,,hinted_010605/rp010605_23_0200S.mov,hinted_010605_slug/rp010605p2_23.mov,rp010605_wavelet_jpeg/rp010605_23_w.jpg,some polarized; med-low density; small FB,
010605_24,V33048,,REMI,Wild Type,late,Wild Type,,,,,,Wild Type,,Aberrant,,hinted_010605/rp010605_24_0100S.mov,hinted_010605_slug/rp010605p2_24.mov,rp010605_wavelet_jpeg/rp010605_24_w.jpg,cells are uniformly large; medium density,
010605_25,V33045,,REMI,Wild Type,,Wild Type,,,,Wild Type,,Wild Type,,Wild Type,,hinted_010605/rp010605_25_0075S.mov,hinted_010605_slug/rp010605p2_25.mov,rp010605_wavelet_jpeg/rp010605_25_w.jpg,,
010605_26,V33054,,REMI,Wild Type,,Wild Type,,,,Wild Type,,Wild Type,,Wild Type,,hinted_010605/rp010605_26_0075S.mov,hinted_010605_slug/rp010605p2_26.mov,rp010605_wavelet_jpeg/rp010605_26_w.jpg,,
010605_27,V33051,,REMI,Wild Type,late,Wild Type,,,,Wild Type,,Wild Type,,Wild Type,,hinted_010605/rp010605_27_0125S.mov,hinted_010605_slug/rp010605p2_27.mov,rp010605_wavelet_jpeg/rp010605_27_w.jpg,med-high density,
010605_28,V33060,,REMI,Wild Type,late,Wild Type,,,,Wild Type,,Wild Type,,Wild Type,,hinted_010605/rp010605_28_0100S.mov,hinted_010605_slug/rp010605p2_28.mov,rp010605_wavelet_jpeg/rp010605_28_w.jpg,,
010605_29,V33057,,REMI,Wild Type,late,Wild Type,,,,,,Aberrant,,Wild Type,,hinted_010605/rp010605_29_0150S.mov,hinted_010605_slug/rp010605p2_29.mov,rp010605_wavelet_jpeg/rp010605_29_w.jpg,med density; stalk on agar short stalk,
011005_00,V33064,,REMI,Wild Type,,Wild Type,,,,,,Wild Type,,Wild Type,,hinted_011005/rp011005_00_0025S.mov,hinted_011005_slug/rp011005p2_00.mov,rp011005_wavelet_jpeg/rp011005_00_w.jpg,conf; some large cells,
011005_01,V33061,,REMI,Undeterminable,,Aberrant,,,,,,Aberrant,,Wild Type,,hinted_011005/rp011005_01_0400S.mov,hinted_011005_slug/rp011005p2_01.mov,rp011005_wavelet_jpeg/rp011005_01_w.jpg,zig-zag stalk-like struc on agar,
011005_02,V33070,,REMI,Wild Type,,Wild Type,,,,Wild Type,,Wild Type,,Wild Type,,hinted_011005/rp011005_02_0025S.mov,hinted_011005_slug/rp011005p2_02.mov,rp011005_wavelet_jpeg/rp011005_02_w.jpg,minor conf,
011005_03,V33067,,REMI,Wild Type,,Wild Type,,,,Wild Type,,Wild Type,,Wild Type,,hinted_011005/rp011005_03_0001S.mov,hinted_011005_slug/rp011005p2_03.mov,rp011005_wavelet_jpeg/rp011005_03_w.jpg,conf,
011005_04,V33076,,REMI,Wild Type,,Wild Type,,,,Wild Type,,Wild Type,,Wild Type,,hinted_011005/rp011005_04_0025S.mov,hinted_011005_slug/rp011005p2_04.mov,rp011005_wavelet_jpeg/rp011005_04_w.jpg,conf,
011005_05,V33073,,REMI,Undeterminable,,Undeterminable,,,,,,Wild Type,,Aberrant,,hinted_011005/rp011005_05_0300S.mov,hinted_011005_slug/rp011005p2_05.mov,rp011005_wavelet_jpeg/rp011005_05_w.jpg,polarized cell morph; low density,
011005_06,V33082,,REMI,Wild Type,,Wild Type,,,,Wild Type,,Wild Type,,Wild Type,,hinted_011005/rp011005_06_0025S.mov,hinted_011005_slug/rp011005p2_06.mov,rp011005_wavelet_jpeg/rp011005_06_w.jpg,conf,
011005_07,V33079,,REMI,Undeterminable,,Undeterminable,,,,,,Wild Type,,Aberrant,,hinted_011005/rp011005_07_0350S.mov,hinted_011005_slug/rp011005p2_07.mov,rp011005_wavelet_jpeg/rp011005_07_w.jpg,polarized cell morph; med-low density,
011005_08,V33088,,REMI,Undeterminable,,Undeterminable,,,,,,Undeterminable,,Aberrant,,hinted_011005/rp011005_08_0400S.mov,hinted_011005_slug/rp011005p2_08.mov,rp011005_wavelet_jpeg/rp011005_08_w.jpg,polarized cell morph; med-low density,
011005_09,V33085,,REMI,Wild Type,,Wild Type,,,,Wild Type,,Wild Type,,Aberrant,,hinted_011005/rp011005_09_0075S.mov,hinted_011005_slug/rp011005p2_09.mov,rp011005_wavelet_jpeg/rp011005_09_w.jpg,cells are uniformly large,
011005_10,V33065,,REMI,Undeterminable,,Undeterminable,,,,,,Wild Type,,Aberrant,,hinted_011005/rp011005_10_0125S.mov,hinted_011005_slug/rp011005p2_10.mov,rp011005_wavelet_jpeg/rp011005_10_w.jpg,polarized cell morph; med-low density,
011005_11,V33062,,REMI,Wild Type,,Wild Type,,,,Wild Type,,Wild Type,,Wild Type,,hinted_011005/rp011005_11_0001S.mov,hinted_011005_slug/rp011005p2_11.mov,rp011005_wavelet_jpeg/rp011005_11_w.jpg,conf,
011005_12,V33071,,REMI,Wild Type,,Wild Type,,,,Wild Type,,Wild Type,,Wild Type,,hinted_011005/rp011005_12_0025S.mov,hinted_011005_slug/rp011005p2_12.mov,rp011005_wavelet_jpeg/rp011005_12_w.jpg,conf,
011005_13,V33068,,REMI,Undeterminable,,,,,,Aberrant,,Wild Type,,Aberrant,,hinted_011005/rp011005_13_0475S.mov,hinted_011005_slug/rp011005p2_13.mov,rp011005_wavelet_jpeg/rp011005_13_w.jpg,polarized cell morph; low density; slugger?,
011005_14,V33077,,REMI,Wild Type,,Wild Type,,,,Wild Type,,Wild Type,,Wild Type,,hinted_011005/rp011005_14_0001S.mov,hinted_011005_slug/rp011005p2_14.mov,rp011005_wavelet_jpeg/rp011005_14_w.jpg,conf,
011005_15,V33074,,REMI,Wild Type,,Wild Type,,,,Wild Type,,Wild Type,,Wild Type,,hinted_011005/rp011005_15_0050S.mov,hinted_011005_slug/rp011005p2_15.mov,rp011005_wavelet_jpeg/rp011005_15_w.jpg,medium density,
011005_16,V33083,,REMI,Undeterminable,,Undeterminable,,,,,,Aberrant,,Wild Type,,hinted_011005/rp011005_16_0050S.mov,hinted_011005_slug/rp011005p2_16.mov,rp011005_wavelet_jpeg/rp011005_16_w.jpg,conf; many mound arrested,
011005_17,V33080,,REMI,Aberrant,,Wild Type,,,,Wild Type,,Wild Type,,Wild Type,,hinted_011005/rp011005_17_0225S.mov,hinted_011005_slug/rp011005p2_17.mov,rp011005_wavelet_jpeg/rp011005_17_w.jpg,polarized cell morph; med-low density,
011005_18,V33089,,REMI,Undeterminable,,Wild Type,,,,Wild Type,,Wild Type,,Aberrant,,hinted_011005/rp011005_18_0250S.mov,hinted_011005_slug/rp011005p2_18.mov,rp011005_wavelet_jpeg/rp011005_18_w.jpg,aberrant flat cell morph;med-low density,
011005_19,V33086,,REMI,Undeterminable,,Undeterminable,,,,,,Undeterminable,,Aberrant,,hinted_011005/rp011005_19_0200S.mov,hinted_011005_slug/rp011005p2_19.mov,rp011005_wavelet_jpeg/rp011005_19_w.jpg,small pol cells; poor growth; low density,
011005_20,V33066,,REMI,Wild Type,,Wild Type,,,,Wild Type,,Wild Type,,Wild Type,,hinted_011005/rp011005_20_0025S.mov,hinted_011005_slug/rp011005p2_20.mov,rp011005_wavelet_jpeg/rp011005_20_w.jpg,conf,
011005_21,V33063,,REMI,Aberrant,,Wild Type,,,,,,Wild Type,,Wild Type,,hinted_011005/rp011005_21_0001S.mov,hinted_011005_slug/rp011005p2_21.mov,rp011005_wavelet_jpeg/rp011005_21_w.jpg,medium density,
011005_22,V33072,,REMI,Undeterminable,,Aberrant,,,,,,Wild Type,,Aberrant,,hinted_011005/rp011005_22_0225S.mov,hinted_011005_slug/rp011005p2_22.mov,rp011005_wavelet_jpeg/rp011005_22_w.jpg,polarized cell morph; med-low density; bacteria contamination,
011005_23,V33069,,REMI,Wild Type,async,Wild Type,,,,,,Wild Type,,Aberrant,,hinted_011005/rp011005_23_0150S.mov,hinted_011005_slug/rp011005p2_23.mov,rp011005_wavelet_jpeg/rp011005_23_w.jpg,conf; cells are large,
011005_24,V33078,,REMI,Undeterminable,,Wild Type,,,,,,Wild Type,,Aberrant,,hinted_011005/rp011005_24_0200S.mov,hinted_011005_slug/rp011005p2_24.mov,rp011005_wavelet_jpeg/rp011005_24_w.jpg,polarized cell morph; med-low density,
011005_25,V33075,,REMI,Wild Type,,Wild Type,,,,Wild Type,,Wild Type,,Wild Type,,hinted_011005/rp011005_25_0050S.mov,hinted_011005_slug/rp011005p2_25.mov,rp011005_wavelet_jpeg/rp011005_25_w.jpg,some polarized; some large cells; medium density,
011005_26,V33084,,REMI,Wild Type,,Wild Type,,,,Wild Type,,Wild Type,,Wild Type,,hinted_011005/rp011005_26_0075S.mov,hinted_011005_slug/rp011005p2_26.mov,rp011005_wavelet_jpeg/rp011005_26_w.jpg,small pol cells; med-low density,
011005_27,V33081,,REMI,Wild Type,,Wild Type,,,,Wild Type,,Wild Type,,Wild Type,,hinted_011005/rp011005_27_0050S.mov,hinted_011005_slug/rp011005p2_27.mov,rp011005_wavelet_jpeg/rp011005_27_w.jpg,conf; slugger?,
011005_28,V33090,,REMI,Undeterminable,,Undeterminable,,,,,,Undeterminable,,Aberrant,,hinted_011005/rp011005_28_0450S.mov,hinted_011005_slug/rp011005p2_28.mov,rp011005_wavelet_jpeg/rp011005_28_w.jpg,polarized cell morph; low density,
011005_29,V33087,,REMI,Wild Type,,Wild Type,,,,Wild Type,,Wild Type,,Aberrant,,hinted_011005/rp011005_29_0100S.mov,hinted_011005_slug/rp011005p2_29.mov,rp011005_wavelet_jpeg/rp011005_29_w.jpg,small pol cells; med-low density,
011305_00,V33094,,REMI,Wild Type,,Wild Type,,,,Wild Type,,Wild Type,,Wild Type,,hinted_011305/rp011305_00_0025S.mov,hinted_011305_slug/rp011305p2_00.mov,rp011305_wavelet_jpeg/rp011305_00_w.jpg,conf,
011305_01,V33091,,REMI,Undeterminable,,Wild Type,,,,Wild Type,,Wild Type,,Aberrant,,hinted_011305/rp011305_01_0150S.mov,hinted_011305_slug/rp011305p2_01.mov,rp011305_wavelet_jpeg/rp011305_01_w.jpg,pol cell morph; medium-low density,
011305_02,V33100,,REMI,Wild Type,,Wild Type,,,,Wild Type,,Wild Type,,Wild Type,,hinted_011305/rp011305_02_0001S.mov,hinted_011305_slug/rp011305p2_02.mov,rp011305_wavelet_jpeg/rp011305_02_w.jpg,,
011305_03,V33097,,REMI,Wild Type,,Wild Type,,,,Wild Type,,Wild Type,,Wild Type,,hinted_011305/rp011305_03_0050S.mov,hinted_011305_slug/rp011305p2_03.mov,rp011305_wavelet_jpeg/rp011305_03_w.jpg,cells are uniformly semi-large,
011305_04,V33106,,REMI,Wild Type,,Wild Type,,,,Wild Type,,Wild Type,,Wild Type,,hinted_011305/rp011305_04_0001S.mov,hinted_011305_slug/rp011305p2_04.mov,rp011305_wavelet_jpeg/rp011305_04_w.jpg,,
011305_05,V33103,,REMI,Wild Type,,Wild Type,,,,Wild Type,,Wild Type,,Wild Type,,hinted_011305/rp011305_05_0001S.mov,hinted_011305_slug/rp011305p2_05.mov,rp011305_wavelet_jpeg/rp011305_05_w.jpg,conf,
011305_06,V33112,,REMI,Wild Type,,Wild Type,,,,Wild Type,,Wild Type,,Wild Type,,hinted_011305/rp011305_06_0001S.mov,hinted_011305_slug/rp011305p2_06.mov,rp011305_wavelet_jpeg/rp011305_06_w.jpg,conf,
011305_07,V33109,,REMI,Wild Type,,Wild Type,,,,Wild Type,,Wild Type,,Aberrant,,hinted_011305/rp011305_07_0050S.mov,hinted_011305_slug/rp011305p2_07.mov,rp011305_wavelet_jpeg/rp011305_07_w.jpg,pol cell morph; medium density,
011305_08,V33118,,REMI,Wild Type,,Wild Type,,,,Wild Type,,Wild Type,,Wild Type,,hinted_011305/rp011305_08_0001S.mov,hinted_011305_slug/rp011305p2_08.mov,rp011305_wavelet_jpeg/rp011305_08_w.jpg,conf,
011305_09,V33115,,REMI,Undeterminable,,Wild Type,,,,Wild Type,,Wild Type,,Aberrant,,hinted_011305/rp011305_09_0200S.mov,hinted_011305_slug/rp011305p2_09.mov,rp011305_wavelet_jpeg/rp011305_09_w.jpg,pol cell morph; medium-low density,
011305_10,V33095,,REMI,Wild Type,,Wild Type,,,,Wild Type,,Wild Type,,Wild Type,,hinted_011305/rp011305_10_0001S.mov,hinted_011305_slug/rp011305p2_10.mov,rp011305_wavelet_jpeg/rp011305_10_w.jpg,conf,
011305_11,V33092,,REMI,Undeterminable,,Undeterminable,,,,Wild Type,,Wild Type,,Aberrant,,hinted_011305/rp011305_11_0001S.mov,hinted_011305_slug/rp011305p2_11.mov,rp011305_wavelet_jpeg/rp011305_11_w.jpg,pol cell morph; medium-low density,
011305_12,V33101,,REMI,Wild Type,,Wild Type,,,,Wild Type,,Wild Type,,Aberrant,,hinted_011305/rp011305_12_0025S.mov,hinted_011305_slug/rp011305p2_12.mov,rp011305_wavelet_jpeg/rp011305_12_w.jpg,conf; cells are uniformly semi-large,
011305_13,V33098,,REMI,Wild Type,,Wild Type,,,,Wild Type,,Wild Type,,Wild Type,,hinted_011305/rp011305_13_0025S.mov,hinted_011305_slug/rp011305p2_13.mov,rp011305_wavelet_jpeg/rp011305_13_w.jpg,conf,
011305_14,V33107,,REMI,Wild Type,,Wild Type,,,,Wild Type,,Wild Type,,Wild Type,,hinted_011305/rp011305_14_0025S.mov,hinted_011305_slug/rp011305p2_14.mov,rp011305_wavelet_jpeg/rp011305_14_w.jpg,conf,
011305_15,V33104,,REMI,Wild Type,,Wild Type,,,,Wild Type,,Wild Type,,Wild Type,,hinted_011305/rp011305_15_0025S.mov,hinted_011305_slug/rp011305p2_15.mov,rp011305_wavelet_jpeg/rp011305_15_w.jpg,conf,
011305_16,V33113,,REMI,Wild Type,large territory,Wild Type,,,,Wild Type,,Wild Type,,Wild Type,,hinted_011305/rp011305_16_0025S.mov,hinted_011305_slug/rp011305p2_16.mov,rp011305_wavelet_jpeg/rp011305_16_w.jpg,severely conf,
011305_17,V33110,,REMI,Undeterminable,,Undeterminable,,,,Wild Type,,Wild Type,,Aberrant,,hinted_011305/rp011305_17_0025S.mov,hinted_011305_slug/rp011305p2_17.mov,rp011305_wavelet_jpeg/rp011305_17_w.jpg,many flat cells during axenic growth; medium-high density,
011305_18,V33119,,REMI,Undeterminable,,Undeterminable,,,,Wild Type,,Wild Type,,Aberrant,,hinted_011305/rp011305_18_0200S.mov,hinted_011305_slug/rp011305p2_18.mov,rp011305_wavelet_jpeg/rp011305_18_w.jpg,pol cell morph; low density,
011305_19,V33116,,REMI,Wild Type,,Wild Type,,,,Wild Type,,Wild Type,,Wild Type,,hinted_011305/rp011305_19_0001S.mov,hinted_011305_slug/rp011305p2_19.mov,rp011305_wavelet_jpeg/rp011305_19_w.jpg,,
011305_20,V33096,,REMI,Wild Type,bulk oscill,Wild Type,,Aberrant,,Wild Type,,Aberrant,,Wild Type,,hinted_011305/rp011305_20_0001S.mov,hinted_011305_slug/rp011305p2_20.mov,rp011305_wavelet_jpeg/rp011305_20_w.jpg,conf; some mound arrest,
011305_21,V33093,,REMI,Wild Type,,Wild Type,,,,Wild Type,,Wild Type,,Wild Type,,hinted_011305/rp011305_21_0001S.mov,hinted_011305_slug/rp011305p2_21.mov,rp011305_wavelet_jpeg/rp011305_21_w.jpg,conf,
011305_22,V33102,,REMI,Wild Type,,Wild Type,,,,Wild Type,,Wild Type,,Wild Type,,hinted_011305/rp011305_22_0001S.mov,hinted_011305_slug/rp011305p2_22.mov,rp011305_wavelet_jpeg/rp011305_22_w.jpg,some polarized,
011305_23,V33099,,REMI,Undeterminable,,Undeterminable,,,,Aberrant,,Aberrant,,Wild Type,,hinted_011305/rp011305_23_0001S.mov,hinted_011305_slug/rp011305p2_23.mov,rp011305_wavelet_jpeg/rp011305_23_w.jpg,conf; many mound arrest,
011305_24,V33108,,REMI,Wild Type,large territory,Wild Type,,,,Aberrant,,Wild Type,,Wild Type,,hinted_011305/rp011305_24_0100S.mov,hinted_011305_slug/rp011305p2_24.mov,rp011305_wavelet_jpeg/rp011305_24_w.jpg,conf; long-tail left behind,
011305_25,V33105,,REMI,Wild Type,,Wild Type,,,,Wild Type,,Wild Type,,Wild Type,,hinted_011305/rp011305_25_0025S.mov,hinted_011305_slug/rp011305p2_25.mov,rp011305_wavelet_jpeg/rp011305_25_w.jpg,,
011305_26,V33114,,REMI,Wild Type,,Wild Type,,,,Wild Type,,Wild Type,,Wild Type,,hinted_011305/rp011305_26_0050S.mov,hinted_011305_slug/rp011305p2_26.mov,rp011305_wavelet_jpeg/rp011305_26_w.jpg,conf; short stalk (minor),
011305_27,V33111,,REMI,Undeterminable,,Undeterminable,,,,Wild Type,,Wild Type,,Aberrant,,hinted_011305/rp011305_27_0050S.mov,hinted_011305_slug/rp011305p2_27.mov,rp011305_wavelet_jpeg/rp011305_27_w.jpg,pol cell morph; low density,
011305_28,V33120,,REMI,Undeterminable,,Wild Type,,,,Wild Type,,Wild Type,,Aberrant,,hinted_011305/rp011305_28_0050S.mov,hinted_011305_slug/rp011305p2_28.mov,rp011305_wavelet_jpeg/rp011305_28_w.jpg,medium-density early detachment,
011305_29,V33117,,REMI,Undeterminable,,Wild Type,,,,Wild Type,,Wild Type,,Aberrant,,hinted_011305/rp011305_29_0100S.mov,hinted_011305_slug/rp011305p2_29.mov,rp011305_wavelet_jpeg/rp011305_29_w.jpg,pol cell morph; medium-low density,
011705_00,V30229,,REMI,Wild Type,,Wild Type,,,,,,Wild Type,,Wild Type,,hinted_011705/rp011705_00_0001S.mov,hinted_011705_slug/rp011705p2_00.mov,rp011705_wavelet_jpeg/rp011705_00_w.jpg,conf,
011705_01,V30213,,REMI,Wild Type,,Wild Type,,,,,,Wild Type,,Wild Type,,hinted_011705/rp011705_01_0025S.mov,hinted_011705_slug/rp011705p2_01.mov,rp011705_wavelet_jpeg/rp011705_01_w.jpg,conf,
011705_02,V30262,,REMI,Wild Type,,Wild Type,,,,,,Wild Type,,Wild Type,,hinted_011705/rp011705_02_0025S.mov,hinted_011705_slug/rp011705p2_02.mov,rp011705_wavelet_jpeg/rp011705_02_w.jpg,conf,
011705_03,V30245,,REMI,Aberrant,minor amplitude and stream breakup,Aberrant,,,,,,Wild Type,,Wild Type,,hinted_011705/rp011705_03_0025S.mov,hinted_011705_slug/rp011705p2_03.mov,rp011705_wavelet_jpeg/rp011705_03_w.jpg,conf; early stream breakup leading to small FBs,
011705_04,V30276,,REMI,Wild Type,,Wild Type,,,,,,Wild Type,,Wild Type,,hinted_011705/rp011705_04_0001S.mov,hinted_011705_slug/rp011705p2_04.mov,rp011705_wavelet_jpeg/rp011705_04_w.jpg,,
011705_05,V30267,,REMI,Wild Type,,Wild Type,,,,,,Wild Type,,Wild Type,,hinted_011705/rp011705_05_0025S.mov,hinted_011705_slug/rp011705p2_05.mov,rp011705_wavelet_jpeg/rp011705_05_w.jpg,conf,
011705_06,V30293,,REMI,Wild Type,,Wild Type,,,,,,Wild Type,,Wild Type,,hinted_011705/rp011705_06_0025S.mov,hinted_011705_slug/rp011705p2_06.mov,rp011705_wavelet_jpeg/rp011705_06_w.jpg,,
011705_07,V30284,,REMI,Wild Type,,Wild Type,,,,,,Wild Type,,Wild Type,,hinted_011705/rp011705_07_0025S.mov,hinted_011705_slug/rp011705p2_07.mov,rp011705_wavelet_jpeg/rp011705_07_w.jpg,conf,
011705_08,V30794,,REMI,Wild Type,late,Wild Type,,,,,,Wild Type,,Wild Type,,hinted_011705/rp011705_08_0125S.mov,hinted_011705_slug/rp011705p2_08.mov,rp011705_wavelet_jpeg/rp011705_08_w.jpg,bacteria contamination,
011705_09,V30740,,REMI,Wild Type,,Wild Type,,,,,,Wild Type,,Wild Type,,hinted_011705/rp011705_09_0001S.mov,hinted_011705_slug/rp011705p2_09.mov,rp011705_wavelet_jpeg/rp011705_09_w.jpg,conf,
011705_10,V30231,,REMI,Wild Type,,Wild Type,,,,,,Wild Type,,Wild Type,,hinted_011705/rp011705_10_0001S.mov,hinted_011705_slug/rp011705p2_10.mov,rp011705_wavelet_jpeg/rp011705_10_w.jpg,conf,
011705_11,V30222,,REMI,Wild Type,,Wild Type,,,,,,Wild Type,,Wild Type,,hinted_011705/rp011705_11_0001S.mov,hinted_011705_slug/rp011705p2_11.mov,rp011705_wavelet_jpeg/rp011705_11_w.jpg,conf,
011705_12,V30264,,REMI,Wild Type,,Wild Type,,,,,,Wild Type,,Wild Type,,hinted_011705/rp011705_12_0001S.mov,hinted_011705_slug/rp011705p2_12.mov,rp011705_wavelet_jpeg/rp011705_12_w.jpg,conf,
011705_13,V30246,,REMI,Wild Type,,Wild Type,,,,,,Wild Type,,Wild Type,,hinted_011705/rp011705_13_0001S.mov,hinted_011705_slug/rp011705p2_13.mov,rp011705_wavelet_jpeg/rp011705_13_w.jpg,conf,
011705_14,V30278,,REMI,Wild Type,,Wild Type,,,,,,Wild Type,,Wild Type,,hinted_011705/rp011705_14_0001S.mov,hinted_011705_slug/rp011705p2_14.mov,rp011705_wavelet_jpeg/rp011705_14_w.jpg,conf,
011705_15,V30270,,REMI,Wild Type,,Wild Type,,,,,,Wild Type,,Wild Type,,hinted_011705/rp011705_15_0001S.mov,hinted_011705_slug/rp011705p2_15.mov,rp011705_wavelet_jpeg/rp011705_15_w.jpg,conf,
011705_16,V30296,,REMI,Wild Type,,Wild Type,,,,,,Wild Type,,Wild Type,,hinted_011705/rp011705_16_0001S.mov,hinted_011705_slug/rp011705p2_16.mov,rp011705_wavelet_jpeg/rp011705_16_w.jpg,conf,
011705_17,V30285,,REMI,Wild Type,,Wild Type,,,,,,Wild Type,,Wild Type,,hinted_011705/rp011705_17_0025S.mov,hinted_011705_slug/rp011705p2_17.mov,rp011705_wavelet_jpeg/rp011705_17_w.jpg,conf,
011705_18,blank,,,,,,,,,,,,,Wild Type,,,,rp011705_wavelet_jpeg/rp011705_18_w.jpg,,
011705_19,V30750,,REMI,Wild Type,,Wild Type,,,,,,Wild Type,,Wild Type,,hinted_011705/rp011705_19_0025S.mov,hinted_011705_slug/rp011705p2_19.mov,rp011705_wavelet_jpeg/rp011705_19_w.jpg,conf,
011705_20,V30241,,REMI,Wild Type,,Wild Type,,,,,,Wild Type,,Wild Type,,hinted_011705/rp011705_20_0001S.mov,hinted_011705_slug/rp011705p2_20.mov,rp011705_wavelet_jpeg/rp011705_20_w.jpg,conf,
011705_21,V30226,,REMI,Wild Type,,Wild Type,,,,,,Wild Type,,Wild Type,,hinted_011705/rp011705_21_0001S.mov,hinted_011705_slug/rp011705p2_21.mov,rp011705_wavelet_jpeg/rp011705_21_w.jpg,conf,
011705_22,V30266,,REMI,Wild Type,,Wild Type,,,,,,Wild Type,,Wild Type,,hinted_011705/rp011705_22_0025S.mov,hinted_011705_slug/rp011705p2_22.mov,rp011705_wavelet_jpeg/rp011705_22_w.jpg,conf,
011705_23,V30261,,REMI,Wild Type,,Wild Type,,,,None,,Aberrant,,Wild Type,,hinted_011705/rp011705_23_0001S.mov,hinted_011705_slug/rp011705p2_23.mov,rp011705_wavelet_jpeg/rp011705_23_w.jpg,conf; only a few spore mass mostly linear stalk extended on agar,
011705_24,V30282,,REMI,Wild Type,,Wild Type,,,,,,Wild Type,,Wild Type,,hinted_011705/rp011705_24_0001S.mov,hinted_011705_slug/rp011705p2_24.mov,rp011705_wavelet_jpeg/rp011705_24_w.jpg,,
011705_25,V30272,,REMI,Wild Type,,Wild Type,,,,,,Wild Type,,Wild Type,,hinted_011705/rp011705_25_0001S.mov,hinted_011705_slug/rp011705p2_25.mov,rp011705_wavelet_jpeg/rp011705_25_w.jpg,,
011705_26,V30724,,REMI,Wild Type,,Wild Type,,,,,,Wild Type,,Wild Type,,hinted_011705/rp011705_26_0025S.mov,hinted_011705_slug/rp011705p2_26.mov,rp011705_wavelet_jpeg/rp011705_26_w.jpg,,
011705_27,V30288,,REMI,Wild Type,,Wild Type,,,,,,Wild Type,,Wild Type,,hinted_011705/rp011705_27_0050S.mov,hinted_011705_slug/rp011705p2_27.mov,rp011705_wavelet_jpeg/rp011705_27_w.jpg,conf,
011705_28,blank,,,,,,,,,,,,,Wild Type,,,,rp011705_wavelet_jpeg/rp011705_28_w.jpg,,
011705_29,V30789,,REMI,Wild Type,,Wild Type,,,,,,Wild Type,,Wild Type,,hinted_011705/rp011705_29_0050S.mov,hinted_011705_slug/rp011705p2_29.mov,rp011705_wavelet_jpeg/rp011705_29_w.jpg,conf,
012005_00,V30128,,REMI,Wild Type,,Wild Type,,,,,,Wild Type,,Wild Type,,hinted_012005/rp012005_00_0001S.mov,hinted_012005_slug/rp012005p2_00.mov,rp012005_wavelet_jpeg/rp012005_00_w.jpg,conf,
012005_01,V30101,,REMI,Wild Type,turbulent,Wild Type,,,,,,Aberrant,,Wild Type,,hinted_012005/rp012005_01_0001S.mov,hinted_012005_slug/rp012005p2_01.mov,rp012005_wavelet_jpeg/rp012005_01_w.jpg,FBs with short stalk,
012005_02,V30191,,REMI,Wild Type,,Wild Type,,,,,,Wild Type,,Wild Type,,hinted_012005/rp012005_02_0001S.mov,hinted_012005_slug/rp012005p2_02.mov,rp012005_wavelet_jpeg/rp012005_02_w.jpg,,
012005_03,V30180,,REMI,Wild Type,,Wild Type,,,,,,Wild Type,,Wild Type,,hinted_012005/rp012005_03_0001S.mov,hinted_012005_slug/rp012005p2_03.mov,rp012005_wavelet_jpeg/rp012005_03_w.jpg,,
012005_04,V30350,,REMI,Wild Type,large territory,Wild Type,,,,,,Aberrant,,Wild Type,,hinted_012005/rp012005_04_0001S.mov,hinted_012005_slug/rp012005p2_04.mov,rp012005_wavelet_jpeg/rp012005_04_w.jpg,clustered small FBs due to breakup,
012005_05,V30333,,REMI,Wild Type,,Wild Type,,,,,,Wild Type,,Wild Type,,hinted_012005/rp012005_05_0001S.mov,hinted_012005_slug/rp012005p2_05.mov,rp012005_wavelet_jpeg/rp012005_05_w.jpg,,
012005_06,V30387,,REMI,Wild Type,,Wild Type,,,,,,Wild Type,,Wild Type,,hinted_012005/rp012005_06_0025S.mov,hinted_012005_slug/rp012005p2_06.mov,rp012005_wavelet_jpeg/rp012005_06_w.jpg,conf,
012005_07,V30368,,REMI,Wild Type,,Wild Type,,,,,,Wild Type,,Wild Type,,hinted_012005/rp012005_07_0001S.mov,hinted_012005_slug/rp012005p2_07.mov,rp012005_wavelet_jpeg/rp012005_07_w.jpg,,
012005_08,V30879,,REMI,Wild Type,,Wild Type,,,,,,Wild Type,,Wild Type,,hinted_012005/rp012005_08_0075S.mov,hinted_012005_slug/rp012005p2_08.mov,rp012005_wavelet_jpeg/rp012005_08_w.jpg,,
012005_09,V30869,,REMI,Wild Type,,Wild Type,,,,,,Wild Type,,Wild Type,,hinted_012005/rp012005_09_0001S.mov,hinted_012005_slug/rp012005p2_09.mov,rp012005_wavelet_jpeg/rp012005_09_w.jpg,,
012005_10,V30165,,REMI,Wild Type,large territory,Wild Type,,,,,,Wild Type,,Wild Type,,hinted_012005/rp012005_10_0050S.mov,hinted_012005_slug/rp012005p2_10.mov,rp012005_wavelet_jpeg/rp012005_10_w.jpg,conf,
012005_11,V30110,,REMI,Wild Type,,Wild Type,,,,,,Wild Type,,Wild Type,,hinted_012005/rp012005_11_0025S.mov,hinted_012005_slug/rp012005p2_11.mov,rp012005_wavelet_jpeg/rp012005_11_w.jpg,,
012005_12,V30303,,REMI,Aberrant,amplitude,Wild Type,,,,,,Wild Type,,Wild Type,,hinted_012005/rp012005_12_0025S.mov,hinted_012005_slug/rp012005p2_12.mov,rp012005_wavelet_jpeg/rp012005_12_w.jpg,conf,
012005_13,V30188,,REMI,Wild Type,,Wild Type,,,,,,Wild Type,,Wild Type,,hinted_012005/rp012005_13_0025S.mov,hinted_012005_slug/rp012005p2_13.mov,rp012005_wavelet_jpeg/rp012005_13_w.jpg,conf,
012005_14,V30353,,REMI,Wild Type,,Wild Type,,,,,,Wild Type,,Wild Type,,hinted_012005/rp012005_14_0025S.mov,hinted_012005_slug/rp012005p2_14.mov,rp012005_wavelet_jpeg/rp012005_14_w.jpg,conf,
012005_15,V30341,,REMI,Wild Type,,Wild Type,,,,,,Wild Type,,Wild Type,,hinted_012005/rp012005_15_0001S.mov,hinted_012005_slug/rp012005p2_15.mov,rp012005_wavelet_jpeg/rp012005_15_w.jpg,,
012005_16,V30393,,REMI,Wild Type,,Wild Type,,,,,,Wild Type,,Wild Type,,hinted_012005/rp012005_16_0025S.mov,hinted_012005_slug/rp012005p2_16.mov,rp012005_wavelet_jpeg/rp012005_16_w.jpg,,
012005_17,V30371,,REMI,Wild Type,,Wild Type,,,,,,Aberrant,,Wild Type,,hinted_012005/rp012005_17_0001S.mov,hinted_012005_slug/rp012005p2_17.mov,rp012005_wavelet_jpeg/rp012005_17_w.jpg,conf; small aberrant FB without slug migration ; some aberrant mound like terminal morph,
012005_18,V30887,,REMI,Wild Type,,Wild Type,,,,,,Wild Type,,Wild Type,,hinted_012005/rp012005_18_0001S.mov,hinted_012005_slug/rp012005p2_18.mov,rp012005_wavelet_jpeg/rp012005_18_w.jpg,conf,
012005_19,V30870,,REMI,Wild Type,,Wild Type,,,,,,Wild Type,,Wild Type,,hinted_012005/rp012005_19_0001S.mov,hinted_012005_slug/rp012005p2_19.mov,rp012005_wavelet_jpeg/rp012005_19_w.jpg,,
012005_20,V30171,,REMI,Aberrant,amplitude,Wild Type,,,,,,Wild Type,,Wild Type,,hinted_012005/rp012005_20_0050S.mov,hinted_012005_slug/rp012005p2_20.mov,rp012005_wavelet_jpeg/rp012005_20_w.jpg,medium-high density,
012005_21,V30126,,REMI,None,,None,,,,,,None,,Wild Type,,hinted_012005/rp012005_21_0200S.mov,hinted_012005_slug/rp012005p2_21.mov,rp012005_wavelet_jpeg/rp012005_21_w.jpg,medium density,
012005_22,V30319,,REMI,Wild Type,,Wild Type,,,,,,Wild Type,,Wild Type,,hinted_012005/rp012005_22_0001S.mov,hinted_012005_slug/rp012005p2_22.mov,rp012005_wavelet_jpeg/rp012005_22_w.jpg,conf,
012005_23,V30189,,REMI,Wild Type,,Wild Type,,,,,,Wild Type,,Wild Type,,hinted_012005/rp012005_23_0001S.mov,hinted_012005_slug/rp012005p2_23.mov,rp012005_wavelet_jpeg/rp012005_23_w.jpg,conf,
012005_24,V30366,,REMI,Wild Type,,Wild Type,,,,,,Wild Type,,Wild Type,,hinted_012005/rp012005_24_0001S.mov,hinted_012005_slug/rp012005p2_24.mov,rp012005_wavelet_jpeg/rp012005_24_w.jpg,conf,
012005_25,V30348,,REMI,Wild Type,,Wild Type,,,,,,Wild Type,,Wild Type,,hinted_012005/rp012005_25_0001S.mov,hinted_012005_slug/rp012005p2_25.mov,rp012005_wavelet_jpeg/rp012005_25_w.jpg,conf,
012005_26,V30835,,REMI,Wild Type,,Wild Type,,,,,,Wild Type,,Wild Type,,hinted_012005/rp012005_26_0001S.mov,hinted_012005_slug/rp012005p2_26.mov,rp012005_wavelet_jpeg/rp012005_26_w.jpg,,
012005_27,V30378,,REMI,Aberrant,amplitude; extended signaling,Aberrant,,,,,,Aberrant,,Wild Type,,hinted_012005/rp012005_27_0100S.mov,hinted_012005_slug/rp012005p2_27.mov,rp012005_wavelet_jpeg/rp012005_27_w.jpg,conf; thin stalky FB; part of stalk on agar,
012005_28,AX4 (#293),,,Wild Type,,Wild Type,,,,,,Wild Type,,Wild Type,,hinted_012005/rp012005_28_0001S.mov,hinted_012005_slug/rp012005p2_28.mov,rp012005_wavelet_jpeg/rp012005_28_w.jpg,conf,
012005_29,V30876,,REMI,Wild Type,,Wild Type,,,,,,Wild Type,,Wild Type,,hinted_012005/rp012005_29_0001S.mov,hinted_012005_slug/rp012005p2_29.mov,rp012005_wavelet_jpeg/rp012005_29_w.jpg,,
012405_00,V30513,,REMI,Wild Type,,Wild Type,,,,,,Wild Type,,Wild Type,,hinted_012405/rp012405_00_0001S.mov,hinted_012405_slug/rp012405p2_00.mov,rp012405_wavelet_jpeg/rp012405_00_w.jpg,conf,
012405_01,V30427,,REMI,Aberrant,short duration,Wild Type,,,,,,Aberrant,,Wild Type,,hinted_012405/rp012405_01_0001S.mov,hinted_012405_slug/rp012405p2_01.mov,rp012405_wavelet_jpeg/rp012405_01_w.jpg,conf; FBs have almost no spores,
012405_02,V30561,,REMI,Wild Type,,Wild Type,,,,,,Wild Type,,Wild Type,,hinted_012405/rp012405_02_0025S.mov,hinted_012405_slug/rp012405p2_02.mov,rp012405_wavelet_jpeg/rp012405_02_w.jpg,conf,
012405_03,V30524,,REMI,Aberrant,high frequency,Wild Type,,,,,,None,,Wild Type,,hinted_012405/rp012405_03_0001S.mov,hinted_012405_slug/rp012405p2_03.mov,rp012405_wavelet_jpeg/rp012405_03_w.jpg,conf; stalk-like? Arrested at slug; no spore head,
012405_04,V30623,,REMI,Wild Type,,Wild Type,,,,,,Aberrant,,Wild Type,,hinted_012405/rp012405_04_0001S.mov,hinted_012405_slug/rp012405p2_04.mov,rp012405_wavelet_jpeg/rp012405_04_w.jpg,some dev arrest at mound,
012405_05,V30604,,REMI,Aberrant,amplitude (spikeness); early breakup,Aberrant,,,,,,Aberrant,,Wild Type,,hinted_012405/rp012405_05_0050S.mov,hinted_012405_slug/rp012405p2_05.mov,rp012405_wavelet_jpeg/rp012405_05_w.jpg,extremely small FBs,
012405_06,V30921,,REMI,Wild Type,,Wild Type,,,,,,Aberrant,,Wild Type,,hinted_012405/rp012405_06_0100S.mov,hinted_012405_slug/rp012405p2_06.mov,rp012405_wavelet_jpeg/rp012405_06_w.jpg,bacteria contamination; FBs with short stalk,
012405_07,V30688,,REMI,Wild Type,,Wild Type,,,,,,Aberrant,,Wild Type,,hinted_012405/rp012405_07_0025S.mov,hinted_012405_slug/rp012405p2_07.mov,rp012405_wavelet_jpeg/rp012405_07_w.jpg,conf; some FBs with large spore head,
012405_08,AX4 (#293),plate 1,,Wild Type,,Wild Type,,,,,,Wild Type,,Wild Type,,hinted_012405/rp012405_08_0050S.mov,hinted_012405_slug/rp012405p2_08.mov,rp012405_wavelet_jpeg/rp012405_08_w.jpg,conf,
012405_09,V31105,,REMI,Wild Type,,Aberrant,,,,,,Aberrant,,Wild Type,,hinted_012405/rp012405_09_0001S.mov,hinted_012405_slug/rp012405p2_09.mov,rp012405_wavelet_jpeg/rp012405_09_w.jpg,some large cells; zig-zag stalk-like struc on agar; no spore,
012405_10,V30518,,REMI,Aberrant,,Aberrant,,,,,,Aberrant,,Wild Type,,hinted_012405/rp012405_10_0025S.mov,hinted_012405_slug/rp012405p2_10.mov,rp012405_wavelet_jpeg/rp012405_10_w.jpg,conf; FBs with short stalk,
012405_11,V30432,,REMI,Wild Type,,Wild Type,,,,,,Wild Type,,Wild Type,,hinted_012405/rp012405_11_0001S.mov,hinted_012405_slug/rp012405p2_11.mov,rp012405_wavelet_jpeg/rp012405_11_w.jpg,conf,
012405_12,V30578,,REMI,Wild Type,,Wild Type,,,,,,Aberrant,,Wild Type,,hinted_012405/rp012405_12_0050S.mov,hinted_012405_slug/rp012405p2_12.mov,rp012405_wavelet_jpeg/rp012405_12_w.jpg,conf; stalk-like struc; almost not sori,
012405_13,V30530,,REMI,Undeterminable,,Wild Type,,,,,,Aberrant,,Aberrant,,hinted_012405/rp012405_13_0075S.mov,hinted_012405_slug/rp012405p2_13.mov,rp012405_wavelet_jpeg/rp012405_13_w.jpg,some flat and large cells; small FBs,
012405_14,AX4 (#293),plate 1 (replac,,Wild Type,,Wild Type,,,,,,Wild Type,,Wild Type,,hinted_012405/rp012405_14_0025S.mov,hinted_012405_slug/rp012405p2_14.mov,rp012405_wavelet_jpeg/rp012405_14_w.jpg,,
012405_15,V30606,,REMI,Wild Type,,Wild Type,,,,,,Aberrant,,Wild Type,,hinted_012405/rp012405_15_0025S.mov,hinted_012405_slug/rp012405p2_15.mov,rp012405_wavelet_jpeg/rp012405_15_w.jpg,large sori (minor),
012405_16,V30923,,REMI,Wild Type,,Wild Type,,,,,,Wild Type,,Wild Type,,hinted_012405/rp012405_16_0025S.mov,hinted_012405_slug/rp012405p2_16.mov,rp012405_wavelet_jpeg/rp012405_16_w.jpg,conf,
012405_17,V30912,,REMI,Aberrant,late,Wild Type,,,,,,Wild Type,,Wild Type,,hinted_012405/rp012405_17_0225S.mov,hinted_012405_slug/rp012405p2_17.mov,rp012405_wavelet_jpeg/rp012405_17_w.jpg,bacteria contamination,
012405_18,AX4 (#293),plate 1,,Wild Type,,Wild Type,,,,,,Wild Type,,Wild Type,,hinted_012405/rp012405_18_0050S.mov,hinted_012405_slug/rp012405p2_18.mov,rp012405_wavelet_jpeg/rp012405_18_w.jpg,conf,
012405_19,AX4 (#293),plate 2,,Wild Type,oscillatory,Wild Type,,,,,,Wild Type,,Wild Type,,hinted_012405/rp012405_19_0001S.mov,hinted_012405_slug/rp012405p2_19.mov,rp012405_wavelet_jpeg/rp012405_19_w.jpg,medium density,
012405_20,V30522,,REMI,Wild Type,,Wild Type,,,,,,Wild Type,,Wild Type,,hinted_012405/rp012405_20_0001S.mov,hinted_012405_slug/rp012405p2_20.mov,rp012405_wavelet_jpeg/rp012405_20_w.jpg,conf,
012405_21,V30446,,REMI,Wild Type,,Wild Type,,,,,,Wild Type,,Wild Type,,hinted_012405/rp012405_21_0001S.mov,hinted_012405_slug/rp012405p2_21.mov,rp012405_wavelet_jpeg/rp012405_21_w.jpg,conf,
012405_22,V30596,,REMI,Wild Type,,Wild Type,,,,,,Wild Type,,Wild Type,,hinted_012405/rp012405_22_0001S.mov,hinted_012405_slug/rp012405p2_22.mov,rp012405_wavelet_jpeg/rp012405_22_w.jpg,,
012405_23,V30547,,REMI,Wild Type,,Wild Type,,,,,,Wild Type,,Wild Type,,hinted_012405/rp012405_23_0001S.mov,hinted_012405_slug/rp012405p2_23.mov,rp012405_wavelet_jpeg/rp012405_23_w.jpg,conf,
012405_24,V30673,,REMI,Aberrant,targets?,Aberrant,,,,,,Aberrant,,Wild Type,,hinted_012405/rp012405_24_0001S.mov,hinted_012405_slug/rp012405p2_24.mov,rp012405_wavelet_jpeg/rp012405_24_w.jpg,many mound dev arrest; FBs have a thin stalk,
012405_25,V30620,,REMI,Wild Type,,Wild Type,,,,,,Wild Type,,Wild Type,,hinted_012405/rp012405_25_0001S.mov,hinted_012405_slug/rp012405p2_25.mov,rp012405_wavelet_jpeg/rp012405_25_w.jpg,,
012405_26,V30934,,REMI,Aberrant,low amplitude; low frequency,Wild Type,,,,,,Wild Type,,Wild Type,,hinted_012405/rp012405_26_0050S.mov,hinted_012405_slug/rp012405p2_26.mov,rp012405_wavelet_jpeg/rp012405_26_w.jpg,conf,
012405_27,V30918,,REMI,Wild Type,,Wild Type,,,,,,Wild Type,,Wild Type,,hinted_012405/rp012405_27_0025S.mov,hinted_012405_slug/rp012405p2_27.mov,rp012405_wavelet_jpeg/rp012405_27_w.jpg,,
012405_28,AX4 (#293),plate 1,,Wild Type,,Wild Type,,,,,,Wild Type,,Wild Type,,hinted_012405/rp012405_28_0025S.mov,hinted_012405_slug/rp012405p2_28.mov,rp012405_wavelet_jpeg/rp012405_28_w.jpg,conf,
012405_29,AX4 (#293),plate 2,,Wild Type,oscillatory,Wild Type,,,,,,Wild Type,,Wild Type,,hinted_012405/rp012405_29_0001S.mov,hinted_012405_slug/rp012405p2_29.mov,rp012405_wavelet_jpeg/rp012405_29_w.jpg,medium-low density,
013005_00,V30133,,REMI,Wild Type,,Wild Type,,,,,,Wild Type,,Wild Type,,hinted_013005/rp013005_00_0001S.mov,hinted_013005_slug/rp013005p2_00.mov,rp013005_wavelet_jpeg/rp013005_00_w.jpg,conf,
013005_01,V30141,,REMI,Wild Type,,Wild Type,,,,,,Wild Type,,Wild Type,,hinted_013005/rp013005_01_0050S.mov,hinted_013005_slug/rp013005p2_01.mov,rp013005_wavelet_jpeg/rp013005_01_w.jpg,conf,
013005_02,V30275,,REMI,Wild Type,,Wild Type,,,,,,Wild Type,,Wild Type,,hinted_013005/rp013005_02_0001S.mov,hinted_013005_slug/rp013005p2_02.mov,rp013005_wavelet_jpeg/rp013005_02_w.jpg,conf,
013005_03,V30232,,REMI,Wild Type,,Wild Type,,,,,,Wild Type,,Wild Type,,hinted_013005/rp013005_03_0001S.mov,hinted_013005_slug/rp013005p2_03.mov,rp013005_wavelet_jpeg/rp013005_03_w.jpg,conf,
013005_04,V30287,,REMI,Wild Type,,Wild Type,,,,,,Wild Type,,Wild Type,,hinted_013005/rp013005_04_0025S.mov,hinted_013005_slug/rp013005p2_04.mov,rp013005_wavelet_jpeg/rp013005_04_w.jpg,conf,
013005_05,V30281,,REMI,Wild Type,,Wild Type,,,,,,Wild Type,,Wild Type,,hinted_013005/rp013005_05_0001S.mov,hinted_013005_slug/rp013005p2_05.mov,rp013005_wavelet_jpeg/rp013005_05_w.jpg,conf,
013005_06,V30309,,REMI,Wild Type,,Wild Type,,,,,,Wild Type,,Wild Type,,hinted_013005/rp013005_06_0001S.mov,hinted_013005_slug/rp013005p2_06.mov,rp013005_wavelet_jpeg/rp013005_06_w.jpg,conf,
013005_07,V30292,,REMI,Wild Type,,Wild Type,,,,,,Wild Type,,Wild Type,,hinted_013005/rp013005_07_0001S.mov,hinted_013005_slug/rp013005p2_07.mov,rp013005_wavelet_jpeg/rp013005_07_w.jpg,conf,
013005_08,V30388,,REMI,Wild Type,,Wild Type,,,,,,Wild Type,,Wild Type,,hinted_013005/rp013005_08_0025S.mov,hinted_013005_slug/rp013005p2_08.mov,rp013005_wavelet_jpeg/rp013005_08_w.jpg,conf,
013005_09,V30355,,REMI,Wild Type,,Wild Type,,,,,,Wild Type,,Wild Type,,hinted_013005/rp013005_09_0025S.mov,hinted_013005_slug/rp013005p2_09.mov,rp013005_wavelet_jpeg/rp013005_09_w.jpg,severely conf,
013005_10,V30139,,REMI,Wild Type,,Wild Type,,,,,,Wild Type,,Wild Type,,hinted_013005/rp013005_10_0001S.mov,hinted_013005_slug/rp013005p2_10.mov,rp013005_wavelet_jpeg/rp013005_10_w.jpg,severely conf,
013005_11,V30136,,REMI,Wild Type,,Wild Type,,,,,,Wild Type,,Wild Type,,hinted_013005/rp013005_11_0001S.mov,hinted_013005_slug/rp013005p2_11.mov,rp013005_wavelet_jpeg/rp013005_11_w.jpg,conf,
013005_12,V30279,,REMI,Wild Type,,Wild Type,,,,,,Wild Type,,Wild Type,,hinted_013005/rp013005_12_0001S.mov,hinted_013005_slug/rp013005p2_12.mov,rp013005_wavelet_jpeg/rp013005_12_w.jpg,conf,
013005_13,V30271,,REMI,Wild Type,,Wild Type,,,,,,Wild Type,,Wild Type,,hinted_013005/rp013005_13_0001S.mov,hinted_013005_slug/rp013005p2_13.mov,rp013005_wavelet_jpeg/rp013005_13_w.jpg,conf,
013005_14,V30289,,REMI,Wild Type,,Wild Type,,,,,,Wild Type,,Wild Type,,hinted_013005/rp013005_14_0001S.mov,hinted_013005_slug/rp013005p2_14.mov,rp013005_wavelet_jpeg/rp013005_14_w.jpg,conf,
013005_15,V30283,,REMI,Wild Type,,Wild Type,,,,,,Wild Type,,Wild Type,,hinted_013005/rp013005_15_0001S.mov,hinted_013005_slug/rp013005p2_15.mov,rp013005_wavelet_jpeg/rp013005_15_w.jpg,conf,
013005_16,V30328,,REMI,Wild Type,,Wild Type,,,,,,Wild Type,,Wild Type,,hinted_013005/rp013005_16_0001S.mov,hinted_013005_slug/rp013005p2_16.mov,rp013005_wavelet_jpeg/rp013005_16_w.jpg,conf,
013005_17,V30301,,REMI,Wild Type,,Wild Type,,,,,,Wild Type,,Wild Type,,hinted_013005/rp013005_17_0001S.mov,hinted_013005_slug/rp013005p2_17.mov,rp013005_wavelet_jpeg/rp013005_17_w.jpg,conf,
013005_18,V30389,,REMI,Wild Type,,Wild Type,,,,,,Wild Type,,Wild Type,,hinted_013005/rp013005_18_0025S.mov,hinted_013005_slug/rp013005p2_18.mov,rp013005_wavelet_jpeg/rp013005_18_w.jpg,conf,
013005_19,V30372,,REMI,Wild Type,,Wild Type,,,,,,Wild Type,,Wild Type,,hinted_013005/rp013005_19_0025S.mov,hinted_013005_slug/rp013005p2_19.mov,rp013005_wavelet_jpeg/rp013005_19_w.jpg,conf,
013005_20,V30190,,REMI,Wild Type,,Wild Type,,,,,,Wild Type,,Wild Type,,hinted_013005/rp013005_20_0001S.mov,hinted_013005_slug/rp013005p2_20.mov,rp013005_wavelet_jpeg/rp013005_20_w.jpg,conf,
013005_21,V30137,,REMI,Wild Type,,Wild Type,,,,,,Wild Type,,Wild Type,,hinted_013005/rp013005_21_0001S.mov,hinted_013005_slug/rp013005p2_21.mov,rp013005_wavelet_jpeg/rp013005_21_w.jpg,conf,
013005_22,V30280,,REMI,Wild Type,,Wild Type,,,,,,Wild Type,,Wild Type,,hinted_013005/rp013005_22_0001S.mov,hinted_013005_slug/rp013005p2_22.mov,rp013005_wavelet_jpeg/rp013005_22_w.jpg,conf,
013005_23,V30274,,REMI,Wild Type,,Wild Type,,,,,,Wild Type,,Wild Type,,hinted_013005/rp013005_23_0001S.mov,hinted_013005_slug/rp013005p2_23.mov,rp013005_wavelet_jpeg/rp013005_23_w.jpg,conf,
013005_24,V30290,,REMI,Wild Type,,Wild Type,,,,,,Wild Type,,Wild Type,,hinted_013005/rp013005_24_0025S.mov,hinted_013005_slug/rp013005p2_24.mov,rp013005_wavelet_jpeg/rp013005_24_w.jpg,severely conf,
013005_25,V30286,,REMI,Wild Type,,Wild Type,,,,,,Wild Type,,Wild Type,,hinted_013005/rp013005_25_0001S.mov,hinted_013005_slug/rp013005p2_25.mov,rp013005_wavelet_jpeg/rp013005_25_w.jpg,,
013005_26,V30329,,REMI,Wild Type,,Wild Type,,,,,,Wild Type,,Wild Type,,hinted_013005/rp013005_26_0001S.mov,hinted_013005_slug/rp013005p2_26.mov,rp013005_wavelet_jpeg/rp013005_26_w.jpg,conf,
013005_27,V30308,,REMI,Wild Type,,Wild Type,,,,,,Wild Type,,Wild Type,,hinted_013005/rp013005_27_0001S.mov,hinted_013005_slug/rp013005p2_27.mov,rp013005_wavelet_jpeg/rp013005_27_w.jpg,funji contamination,
013005_28,blank,,,,,,,,,,,,,Wild Type,,,,rp013005_wavelet_jpeg/rp013005_28_w.jpg,,
013005_29,V30373,,REMI,Wild Type,,Wild Type,,,,,,Wild Type,,Wild Type,,hinted_013005/rp013005_29_0001S.mov,hinted_013005_slug/rp013005p2_29.mov,rp013005_wavelet_jpeg/rp013005_29_w.jpg,conf,
020305_00,V30466,,REMI,Wild Type,,Wild Type,,,,,,Wild Type,,Wild Type,,hinted_020305/rp020305_00_0025S.mov,hinted_020305_slug/rp020305p2_00.mov,rp020305_wavelet_jpeg/rp020305_00_w.jpg,conf,
020305_01,V30433,,REMI,Wild Type,,Wild Type,,,,,,Wild Type,,Wild Type,,hinted_020305/rp020305_01_0001S.mov,hinted_020305_slug/rp020305p2_01.mov,rp020305_wavelet_jpeg/rp020305_01_w.jpg,conf,
020305_02,V30666,,REMI,Wild Type,,Wild Type,,,,,,Wild Type,,Wild Type,,hinted_020305/rp020305_02_0001S.mov,hinted_020305_slug/rp020305p2_02.mov,rp020305_wavelet_jpeg/rp020305_02_w.jpg,conf,
020305_03,V30553,,REMI,Wild Type,,Wild Type,,,,,,Wild Type,,Wild Type,,hinted_020305/rp020305_03_0025S.mov,hinted_020305_slug/rp020305p2_03.mov,rp020305_wavelet_jpeg/rp020305_03_w.jpg,medium density,
020305_04,V30766,,REMI,Wild Type,,Wild Type,,,,,,Wild Type,,Wild Type,,hinted_020305/rp020305_04_0001S.mov,hinted_020305_slug/rp020305p2_04.mov,rp020305_wavelet_jpeg/rp020305_04_w.jpg,conf,
020305_05,V30758,,REMI,Wild Type,,Wild Type,,,,,,Wild Type,,Wild Type,,hinted_020305/rp020305_05_0001S.mov,hinted_020305_slug/rp020305p2_05.mov,rp020305_wavelet_jpeg/rp020305_05_w.jpg,conf,
020305_06,V30807,,REMI,Wild Type,,Wild Type,,,,,,Wild Type,,Wild Type,,hinted_020305/rp020305_06_0001S.mov,hinted_020305_slug/rp020305p2_06.mov,rp020305_wavelet_jpeg/rp020305_06_w.jpg,conf,
020305_07,V30793,,REMI,Wild Type,,Wild Type,,,,,,Wild Type,,Wild Type,,hinted_020305/rp020305_07_0001S.mov,hinted_020305_slug/rp020305p2_07.mov,rp020305_wavelet_jpeg/rp020305_07_w.jpg,,
020305_08,V30853,,REMI,Wild Type,,Wild Type,,,,,,Wild Type,,Wild Type,,hinted_020305/rp020305_08_0001S.mov,hinted_020305_slug/rp020305p2_08.mov,rp020305_wavelet_jpeg/rp020305_08_w.jpg,conf,
020305_09,V30819,,REMI,Wild Type,,Wild Type,,,,,,Wild Type,,Wild Type,,hinted_020305/rp020305_09_0025S.mov,hinted_020305_slug/rp020305p2_09.mov,rp020305_wavelet_jpeg/rp020305_09_w.jpg,conf,
020305_10,V30472,,REMI,Aberrant,noisy background; slightly extended duration; early breakup,Aberrant,,,,,,Aberrant,,Wild Type,,hinted_020305/rp020305_10_0025S.mov,hinted_020305_slug/rp020305p2_10.mov,rp020305_wavelet_jpeg/rp020305_10_w.jpg,conf; small FB with glassy spore head,
020305_11,V30448,,REMI,Wild Type,,Wild Type,,,,,,Wild Type,,Wild Type,,hinted_020305/rp020305_11_0001S.mov,hinted_020305_slug/rp020305p2_11.mov,rp020305_wavelet_jpeg/rp020305_11_w.jpg,conf,
020305_12,V30682,,REMI,Wild Type,,Wild Type,,,,,,Wild Type,,Wild Type,,hinted_020305/rp020305_12_0001S.mov,hinted_020305_slug/rp020305p2_12.mov,rp020305_wavelet_jpeg/rp020305_12_w.jpg,conf,
020305_13,V30558,,REMI,Wild Type,,Wild Type,,,,,,Wild Type,,Wild Type,,hinted_020305/rp020305_13_0001S.mov,hinted_020305_slug/rp020305p2_13.mov,rp020305_wavelet_jpeg/rp020305_13_w.jpg,conf,
020305_14,V30768,,REMI,Wild Type,,Wild Type,,,,,,Wild Type,,Wild Type,,hinted_020305/rp020305_14_0001S.mov,hinted_020305_slug/rp020305p2_14.mov,rp020305_wavelet_jpeg/rp020305_14_w.jpg,conf,
020305_15,V30759,,REMI,Wild Type,,Wild Type,,,,,,Wild Type,,Wild Type,,hinted_020305/rp020305_15_0025S.mov,hinted_020305_slug/rp020305p2_15.mov,rp020305_wavelet_jpeg/rp020305_15_w.jpg,medium density; some large cells during axenic growth; small FB,
020305_16,V30808,,REMI,Wild Type,,Wild Type,,,,,,Wild Type,,Wild Type,,hinted_020305/rp020305_16_0025S.mov,hinted_020305_slug/rp020305p2_16.mov,rp020305_wavelet_jpeg/rp020305_16_w.jpg,conf,
020305_17,V30802,,REMI,Wild Type,,Wild Type,,,,,,Wild Type,,Wild Type,,hinted_020305/rp020305_17_0025S.mov,hinted_020305_slug/rp020305p2_17.mov,rp020305_wavelet_jpeg/rp020305_17_w.jpg,conf,
020305_18,V30863,,REMI,Wild Type,,Wild Type,,,,,,Wild Type,,Wild Type,,hinted_020305/rp020305_18_0001S.mov,hinted_020305_slug/rp020305p2_18.mov,rp020305_wavelet_jpeg/rp020305_18_w.jpg,conf,
020305_19,V30846,,REMI,Wild Type,,Wild Type,,,,,,Wild Type,,Wild Type,,hinted_020305/rp020305_19_0025S.mov,hinted_020305_slug/rp020305p2_19.mov,rp020305_wavelet_jpeg/rp020305_19_w.jpg,conf,
020305_20,V30532,,REMI,Aberrant,cells lost during plating?,None,,,,,,None,,Wild Type,,hinted_020305/rp020305_20_0100S.mov,hinted_020305_slug/rp020305p2_20.mov,rp020305_wavelet_jpeg/rp020305_20_w.jpg,conf,
020305_21,V30455,,REMI,Wild Type,,Wild Type,,,,,,Wild Type,,Wild Type,,hinted_020305/rp020305_21_0001S.mov,hinted_020305_slug/rp020305p2_21.mov,rp020305_wavelet_jpeg/rp020305_21_w.jpg,conf,
020305_22,V30708,,REMI,Aberrant,weak signal,Aberrant,,,,,,Aberrant,,Wild Type,,hinted_020305/rp020305_22_0100S.mov,hinted_020305_slug/rp020305p2_22.mov,rp020305_wavelet_jpeg/rp020305_22_w.jpg,medium density; some large cells during axenic growth,
020305_23,V30582,,REMI,Wild Type,,Wild Type,,,,,,Wild Type,,Wild Type,,hinted_020305/rp020305_23_0001S.mov,hinted_020305_slug/rp020305p2_23.mov,rp020305_wavelet_jpeg/rp020305_23_w.jpg,conf,
020305_24,V30771,,REMI,Wild Type,,Wild Type,,,,,,Wild Type,,Wild Type,,hinted_020305/rp020305_24_0001S.mov,hinted_020305_slug/rp020305p2_24.mov,rp020305_wavelet_jpeg/rp020305_24_w.jpg,medium density; some large cells during axenic growth,
020305_25,V30763,,REMI,Wild Type,,Wild Type,,,,,,Aberrant,,Wild Type,,hinted_020305/rp020305_25_0001S.mov,hinted_020305_slug/rp020305p2_25.mov,rp020305_wavelet_jpeg/rp020305_25_w.jpg,,
020305_26,V30814,,REMI,Wild Type,,Wild Type,,,,,,Wild Type,,Wild Type,,hinted_020305/rp020305_26_0025S.mov,hinted_020305_slug/rp020305p2_26.mov,rp020305_wavelet_jpeg/rp020305_26_w.jpg,conf,
020305_27,V30804,,REMI,Wild Type,,Wild Type,,,,,,Wild Type,,Wild Type,,hinted_020305/rp020305_27_0001S.mov,hinted_020305_slug/rp020305p2_27.mov,rp020305_wavelet_jpeg/rp020305_27_w.jpg,,
020305_28,V30873,,REMI,Wild Type,,Wild Type,,,,,,Wild Type,,Wild Type,,hinted_020305/rp020305_28_0001S.mov,hinted_020305_slug/rp020305p2_28.mov,rp020305_wavelet_jpeg/rp020305_28_w.jpg,conf,
020305_29,V30852,,REMI,Wild Type,streaming delayed?,Wild Type,,,,,,Wild Type,,Wild Type,,hinted_020305/rp020305_29_0050S.mov,hinted_020305_slug/rp020305p2_29.mov,rp020305_wavelet_jpeg/rp020305_29_w.jpg,conf,
020705_00,V30895,,REMI,Wild Type,,Wild Type,,,,,,Wild Type,,Wild Type,,hinted_020705/rp020705_00_0001S.mov,hinted_020705_slug/rp020705p2_00.mov,rp020705_wavelet_jpeg/rp020705_00_w.jpg,conf,
020705_01,V30882,,REMI,Wild Type,,Wild Type,,,,,,Wild Type,,Wild Type,,hinted_020705/rp020705_01_0001S.mov,hinted_020705_slug/rp020705p2_01.mov,rp020705_wavelet_jpeg/rp020705_01_w.jpg,conf,
020705_02,V30930,,REMI,Wild Type,,Wild Type,,,,Wild Type,,Wild Type,,Wild Type,,hinted_020705/rp020705_02_0001S.mov,hinted_020705_slug/rp020705p2_02.mov,rp020705_wavelet_jpeg/rp020705_02_w.jpg,conf,
020705_03,V30925,,REMI,Wild Type,,Wild Type,,,,Wild Type,,Wild Type,,Wild Type,,hinted_020705/rp020705_03_0001S.mov,hinted_020705_slug/rp020705p2_03.mov,rp020705_wavelet_jpeg/rp020705_03_w.jpg,conf,
020705_04,V10113,,REMI,Aberrant,late; sporadic,None,,,,None,,None,,Aberrant,,hinted_020705/rp020705_04_0475S.mov,hinted_020705_slug/rp020705p2_04.mov,rp020705_wavelet_jpeg/rp020705_04_w.jpg,cells look uniformly small during axenic growth,
020705_05,V10107,,REMI,Wild Type,,Wild Type,,,,None,,None,,Wild Type,,hinted_020705/rp020705_05_0001S.mov,hinted_020705_slug/rp020705p2_05.mov,rp020705_wavelet_jpeg/rp020705_05_w.jpg,conf; developmental arrest at mound stage,
020705_06,V10123,,REMI,Wild Type,large territory,Wild Type,,,,Aberrant,,Aberrant,,Wild Type,,hinted_020705/rp020705_06_0050S.mov,hinted_020705_slug/rp020705p2_06.mov,rp020705_wavelet_jpeg/rp020705_06_w.jpg,"medium-high density; small FBs clustered ",
020705_07,V10116,,REMI,Aberrant,high frequency,Wild Type,,Aberrant,disintegrating,,,None,,Wild Type,,hinted_020705/rp020705_07_0050S.mov,hinted_020705_slug/rp020705p2_07.mov,rp020705_wavelet_jpeg/rp020705_07_w.jpg,medium density; spore mass-like globular mound struc,
020705_08,V10141,,REMI,Aberrant,amplitude; late,Wild Type,,,,Wild Type,,None,,Wild Type,,hinted_020705/rp020705_08_0100S.mov,hinted_020705_slug/rp020705p2_08.mov,rp020705_wavelet_jpeg/rp020705_08_w.jpg,conf; arrested globular slug,
020705_09,V10129,,REMI,Wild Type,,Wild Type,,,,Wild Type,,Wild Type,,Wild Type,,hinted_020705/rp020705_09_0050S.mov,hinted_020705_slug/rp020705p2_09.mov,rp020705_wavelet_jpeg/rp020705_09_w.jpg,conf,
020705_10,V30903,,REMI,Wild Type,,Wild Type,,,,,,Wild Type,,Wild Type,,hinted_020705/rp020705_10_0001S.mov,hinted_020705_slug/rp020705p2_10.mov,rp020705_wavelet_jpeg/rp020705_10_w.jpg,conf,
020705_11,V30890,,REMI,Wild Type,,Wild Type,,,,,,Wild Type,,Wild Type,,hinted_020705/rp020705_11_0001S.mov,hinted_020705_slug/rp020705p2_11.mov,rp020705_wavelet_jpeg/rp020705_11_w.jpg,conf,
020705_12,V30932,,REMI,Wild Type,,Wild Type,,,,Wild Type,,Wild Type,,Wild Type,,hinted_020705/rp020705_12_0001S.mov,hinted_020705_slug/rp020705p2_12.mov,rp020705_wavelet_jpeg/rp020705_12_w.jpg,conf,
020705_13,V30926,,REMI,Wild Type,,Wild Type,,,,Wild Type,,Wild Type,,Wild Type,,hinted_020705/rp020705_13_0001S.mov,hinted_020705_slug/rp020705p2_13.mov,rp020705_wavelet_jpeg/rp020705_13_w.jpg,conf,
020705_14,V10114,,REMI,Aberrant,amplitude,Wild Type,,,,Wild Type,,Wild Type,,Wild Type,,hinted_020705/rp020705_14_0001S.mov,hinted_020705_slug/rp020705p2_14.mov,rp020705_wavelet_jpeg/rp020705_14_w.jpg,severe conf,
020705_15,V10108,,REMI,Undeterminable,,Undeterminable,,,,,,Undeterminable,,Aberrant,,hinted_020705/rp020705_15_0475S.mov,hinted_020705_slug/rp020705p2_15.mov,rp020705_wavelet_jpeg/rp020705_15_w.jpg,flat aberrant cell morph during axenic growth,
020705_16,V10126,,REMI,Aberrant,amplitude,Undeterminable,,,,,,Aberrant,,Wild Type,,hinted_020705/rp020705_16_0100S.mov,hinted_020705_slug/rp020705p2_16.mov,rp020705_wavelet_jpeg/rp020705_16_w.jpg,medium density; stalk-like struc on agar,
020705_17,V10117,,REMI,Wild Type,,Wild Type,,,,Wild Type,,None,,Wild Type,,hinted_020705/rp020705_17_0001S.mov,hinted_020705_slug/rp020705p2_17.mov,rp020705_wavelet_jpeg/rp020705_17_w.jpg,conf; developmental arrest at slug stage,
020705_18,blank (V10144),,,,,,,,,,,,,Wild Type,,,,rp020705_wavelet_jpeg/rp020705_18_w.jpg,,
020705_19,V10136,,REMI,Aberrant,amplitude,Wild Type,,,,Aberrant,,Aberrant,,Wild Type,,hinted_020705/rp020705_19_0001S.mov,hinted_020705_slug/rp020705p2_19.mov,rp020705_wavelet_jpeg/rp020705_19_w.jpg,conf; stalk-like long trail struc on agar otherwise normal FB,
020705_20,V30907,,REMI,Wild Type,,Wild Type,,,,Wild Type,,Wild Type,,Wild Type,,hinted_020705/rp020705_20_0001S.mov,hinted_020705_slug/rp020705p2_20.mov,rp020705_wavelet_jpeg/rp020705_20_w.jpg,conf,
020705_21,V30891,,REMI,Wild Type,,Wild Type,,,,,,Wild Type,,Wild Type,,hinted_020705/rp020705_21_0001S.mov,hinted_020705_slug/rp020705p2_21.mov,rp020705_wavelet_jpeg/rp020705_21_w.jpg,conf,
020705_22,V30944,,REMI,Wild Type,noisy background,Wild Type,,,,Wild Type,,Wild Type,,Wild Type,,hinted_020705/rp020705_22_0025S.mov,hinted_020705_slug/rp020705p2_22.mov,rp020705_wavelet_jpeg/rp020705_22_w.jpg,conf,
020705_23,V30927,,REMI,Wild Type,,Wild Type,,,,Wild Type,,Wild Type,,Wild Type,,hinted_020705/rp020705_23_0001S.mov,hinted_020705_slug/rp020705p2_23.mov,rp020705_wavelet_jpeg/rp020705_23_w.jpg,conf,
020705_24,V10115,,REMI,Wild Type,,Wild Type,,,,Aberrant,,None,,Wild Type,,hinted_020705/rp020705_24_0050S.mov,hinted_020705_slug/rp020705p2_24.mov,rp020705_wavelet_jpeg/rp020705_24_w.jpg,conf; developmental arrest at slug stage,
020705_25,V10112,,REMI,Wild Type,,Wild Type,,,,,,Aberrant,,Wild Type,,hinted_020705/rp020705_25_0025S.mov,hinted_020705_slug/rp020705p2_25.mov,rp020705_wavelet_jpeg/rp020705_25_w.jpg,medium-high density; zig-zag stalk-like struc on agar,
020705_26,V10127,,REMI,Aberrant,local pulsing,None,,,,None,,Undeterminable,,Aberrant,,hinted_020705/rp020705_26_0475S.mov,hinted_020705_slug/rp020705p2_26.mov,rp020705_wavelet_jpeg/rp020705_26_w.jpg,aberrant polarized cell morph during axenic growth; low density,
020705_27,V10119,,REMI,Wild Type,,Wild Type,,,,Wild Type,,Wild Type,,Wild Type,,hinted_020705/rp020705_27_0001S.mov,hinted_020705_slug/rp020705p2_27.mov,rp020705_wavelet_jpeg/rp020705_27_w.jpg,conf,
020705_28,V10125,,REMI,Undeterminable,,Undeterminable,,,,Aberrant,,Wild Type,,Wild Type,,hinted_020705/rp020705_28_0350S.mov,hinted_020705_slug/rp020705p2_28.mov,rp020705_wavelet_jpeg/rp020705_28_w.jpg,medium-density; non-uniform distribution on plate during axenic growth; elongated slug,
020705_29,V10137,,REMI,Aberrant,low amplitude,Wild Type,,,,None,,Aberrant,,Wild Type,,hinted_020705/rp020705_29_0050S.mov,hinted_020705_slug/rp020705p2_29.mov,rp020705_wavelet_jpeg/rp020705_29_w.jpg,severe conf; some stalk-like protrusion from a mound structure,
021005_00,V10150,,REMI,Wild Type,,Wild Type,,,,Wild Type,,Wild Type,,Wild Type,,hinted_021005/rp021005_00_0050S.mov,hinted_021005_slug/rp021005p2_00.mov,rp021005_wavelet_jpeg/rp021005_00_w.jpg,conf,
021005_01,V10144," (replaci",REMI,Wild Type,,Wild Type,,,,None,,None,,Wild Type,,hinted_021005/rp021005_01_0001S.mov,hinted_021005_slug/rp021005p2_01.mov,rp021005_wavelet_jpeg/rp021005_01_w.jpg,medium density; developmental arrest at mound stage,
021005_02,V10164,,REMI,Wild Type,,Wild Type,,,,Aberrant,,Aberrant,,Aberrant,,hinted_021005/rp021005_02_0001S.mov,hinted_021005_slug/rp021005p2_02.mov,rp021005_wavelet_jpeg/rp021005_02_w.jpg,conf; cells look uniformly large during axenic growth; slug shredding off tail,
021005_03,V10158,,REMI,Wild Type,,Wild Type,,,,Wild Type,,Wild Type,,Wild Type,,hinted_021005/rp021005_03_0025S.mov,hinted_021005_slug/rp021005p2_03.mov,rp021005_wavelet_jpeg/rp021005_03_w.jpg,conf; bacterial contamination; non-uniform FB size likely due to bacteria contamination,
021005_04,V10174,,REMI,Aberrant,amplitude,Wild Type,,,,Wild Type,,Aberrant,,Aberrant,,hinted_021005/rp021005_04_0075S.mov,hinted_021005_slug/rp021005p2_04.mov,rp021005_wavelet_jpeg/rp021005_04_w.jpg,cells look uniformly large during axenic growth; long trail-like stalk on agar,
021005_05,V10167,,REMI,Wild Type,,Wild Type,,,,Wild Type,,Wild Type,,Wild Type,,hinted_021005/rp021005_05_0001S.mov,hinted_021005_slug/rp021005p2_05.mov,rp021005_wavelet_jpeg/rp021005_05_w.jpg,,
021005_06,V10191,,REMI,Wild Type,,Wild Type,,,,Wild Type,,Aberrant,,Wild Type,,hinted_021005/rp021005_06_0001S.mov,hinted_021005_slug/rp021005p2_06.mov,rp021005_wavelet_jpeg/rp021005_06_w.jpg,conf; slug shredding off tail stalk-like; bacteria contamination,
021005_07,V10185,,REMI,Undeterminable,,Undeterminable,,,,,,Aberrant,,Aberrant,,hinted_021005/rp021005_07_0001S.mov,hinted_021005_slug/rp021005p2_07.mov,rp021005_wavelet_jpeg/rp021005_07_w.jpg,ab morph during axenic growth; med-low density; thin stalk-like struc on agar,
021005_08,V10199,,REMI,Aberrant,frequency,Aberrant,,,,,,Undeterminable,,Wild Type,,hinted_021005/rp021005_08_0200S.mov,hinted_021005_slug/rp021005p2_08.mov,rp021005_wavelet_jpeg/rp021005_08_w.jpg,conf; cells are somewhat flat during axenic growth,
021005_09,V10195,,REMI,Aberrant,amplitude; early breakup,Aberrant,,,,Aberrant,,Aberrant,,Wild Type,,hinted_021005/rp021005_09_0075S.mov,hinted_021005_slug/rp021005p2_09.mov,rp021005_wavelet_jpeg/rp021005_09_w.jpg,conf; small FBs short stalk with no spore,
021005_10,V10155,,REMI,Aberrant,rdeA-like,Aberrant,,,,None,,Aberrant,,Wild Type,,hinted_021005/rp021005_10_0001S.mov,hinted_021005_slug/rp021005p2_10.mov,rp021005_wavelet_jpeg/rp021005_10_w.jpg,conf; many mound arrest,
021005_11,V10146,,REMI,Undeterminable,,Undeterminable,,,,,,Undeterminable,,Aberrant,,,hinted_021005_slug/rp021005p2_11.mov,rp021005_wavelet_jpeg/rp021005_11_w.jpg,cells are detached from plates during axenic growth,
021005_12,V10165,,REMI,Aberrant,rapid dev?,Aberrant,,,,None,,Aberrant,,Wild Type,,hinted_021005/rp021005_12_0001S.mov,hinted_021005_slug/rp021005p2_12.mov,rp021005_wavelet_jpeg/rp021005_12_w.jpg,mound-like terminal structure,
021005_13,V10159,,REMI,Wild Type,ring mound,Wild Type,,Aberrant,,,,None,,Wild Type,,hinted_021005/rp021005_13_0025S.mov,hinted_021005_slug/rp021005p2_13.mov,rp021005_wavelet_jpeg/rp021005_13_w.jpg,conf; developmental arrest at slug stage,
021005_14,V10175,,REMI,Wild Type,,Wild Type,,,,Wild Type,,Wild Type,,Wild Type,,hinted_021005/rp021005_14_0001S.mov,hinted_021005_slug/rp021005p2_14.mov,rp021005_wavelet_jpeg/rp021005_14_w.jpg,conf; cells look large (minor) during axenic growth,
021005_15,V10168,,REMI,Wild Type,,Wild Type,,,,Wild Type,,Wild Type,,Wild Type,,hinted_021005/rp021005_15_0001S.mov,hinted_021005_slug/rp021005p2_15.mov,rp021005_wavelet_jpeg/rp021005_15_w.jpg,conf,
021005_16,V10192,,REMI,Aberrant,,Aberrant,,,,None,,None,,Wild Type,,hinted_021005/rp021005_16_0100S.mov,hinted_021005_slug/rp021005p2_16.mov,rp021005_wavelet_jpeg/rp021005_16_w.jpg,developmental arrest at streaming to mound stage,
021005_17,V10186,,REMI,Wild Type,,Wild Type,,,,Wild Type,,Aberrant,,Wild Type,,hinted_021005/rp021005_17_0001S.mov,hinted_021005_slug/rp021005p2_17.mov,rp021005_wavelet_jpeg/rp021005_17_w.jpg,severe conf; non-uniform FB size; cellular deposit on agar (dead vacuolated?),
021005_18,V10200,,REMI,Aberrant,amplitude,Wild Type,,,,Aberrant,,Aberrant,,Aberrant,,hinted_021005/rp021005_18_0001S.mov,hinted_021005_slug/rp021005p2_18.mov,rp021005_wavelet_jpeg/rp021005_18_w.jpg,polarized morph during axenic growth; stalk-like struc on agar; some spores,
021005_19,V10197,,REMI,Wild Type,,,,,,Aberrant,,Aberrant,,Wild Type,,hinted_021005/rp021005_19_0025S.mov,hinted_021005_slug/rp021005p2_19.mov,rp021005_wavelet_jpeg/rp021005_19_w.jpg,stalk only terminal structure slug-like,
021005_20,V10157,,REMI,Wild Type,slightly early aggregation before waves die out,Aberrant,,,,,,Aberrant,,Wild Type,,hinted_021005/rp021005_20_0001S.mov,hinted_021005_slug/rp021005p2_20.mov,rp021005_wavelet_jpeg/rp021005_20_w.jpg,conf; zig-zag stalk-like struc on agar,
021005_21,V10147,,REMI,Aberrant,,Aberrant,,,,Aberrant,,Aberrant,,Wild Type,,hinted_021005/rp021005_21_0200S.mov,hinted_021005_slug/rp021005p2_21.mov,rp021005_wavelet_jpeg/rp021005_21_w.jpg,stalk-like struc on agar,
021005_22,V10166,,REMI,Aberrant,rapid dev?,Aberrant,,,,,,Aberrant,,Wild Type,,hinted_021005/rp021005_22_0001S.mov,hinted_021005_slug/rp021005p2_22.mov,rp021005_wavelet_jpeg/rp021005_22_w.jpg,conf; many mound arrest,
021005_23,V10161,,REMI,Undeterminable,,Undeterminable,,,,,,Aberrant,,Wild Type,,hinted_021005/rp021005_23_0001S.mov,hinted_021005_slug/rp021005p2_23.mov,rp021005_wavelet_jpeg/rp021005_23_w.jpg,conf; some mound arrest,
021005_24,V10179,,REMI,Wild Type,late (minor),Wild Type,,,,Wild Type,,Wild Type,,Wild Type,,hinted_021005/rp021005_24_0001S.mov,hinted_021005_slug/rp021005p2_24.mov,rp021005_wavelet_jpeg/rp021005_24_w.jpg,severely conf,
021005_25,V10170,,REMI,Aberrant,,Wild Type,,,,Aberrant,,Aberrant,,Wild Type,,hinted_021005/rp021005_25_0025S.mov,hinted_021005_slug/rp021005p2_25.mov,rp021005_wavelet_jpeg/rp021005_25_w.jpg,zig-zag stalk-like struc on agar,
021005_26,V10194,,REMI,Wild Type,large territory,Wild Type,,,,Wild Type,,Aberrant,,Wild Type,,hinted_021005/rp021005_26_0025S.mov,hinted_021005_slug/rp021005p2_26.mov,rp021005_wavelet_jpeg/rp021005_26_w.jpg,short stalk,
021005_27,blank (V10190),,,,,,,,,,,,,Wild Type,,,hinted_021005_slug/rp021005p2_27.mov,rp021005_wavelet_jpeg/rp021005_27_w.jpg,,
021005_28,V10201,,REMI,Undeterminable,,Wild Type,,,,,,Aberrant,,Aberrant,,hinted_021005/rp021005_28_0001S.mov,hinted_021005_slug/rp021005p2_28.mov,rp021005_wavelet_jpeg/rp021005_28_w.jpg,many large multi-nuclei cells; slug-like aberrant FB some spore mass like struc suspended in the middle of a stalk,
021005_29,V10198,,REMI,Aberrant,,Aberrant,,,,,,Aberrant,,Wild Type,,hinted_021005/rp021005_29_0001S.mov,hinted_021005_slug/rp021005p2_29.mov,rp021005_wavelet_jpeg/rp021005_29_w.jpg,conf; developmental arrest at mound stage,
021705_00,V10206,,REMI,Aberrant,,Wild Type,,,,,,Wild Type,,Wild Type,,hinted_021705/rp021705_00_0075S.mov,hinted_021705_slug/rp021705p2_00.mov,rp021705_wavelet_jpeg/rp021705_00_w.jpg,conf,
021705_01,V10203,,REMI,Undeterminable,,Undeterminable,,,,,,Aberrant,,Aberrant,,hinted_021705/rp021705_01_0100S.mov,hinted_021705_slug/rp021705p2_01.mov,rp021705_wavelet_jpeg/rp021705_01_w.jpg,streaming under axenic medium; medium-low density; stalk-like deposit almost no FBs,
021705_02,V10212,,REMI,Undeterminable,,Wild Type,,,,,,Aberrant,,Aberrant,,hinted_021705/rp021705_02_0125S.mov,hinted_021705_slug/rp021705p2_02.mov,rp021705_wavelet_jpeg/rp021705_02_w.jpg,flat cell morph; medium-low denisty; stalk-like struc mound arrest,
021705_03,V10209,,REMI,Wild Type,,Wild Type,,Aberrant,,,,None,,Wild Type,,hinted_021705/rp021705_03_0001S.mov,hinted_021705_slug/rp021705p2_03.mov,rp021705_wavelet_jpeg/rp021705_03_w.jpg,slug-like no FB,
021705_04,V10218,,REMI,Undeterminable,,Undeterminable,,,,,,Wild Type,,Aberrant,,hinted_021705/rp021705_04_0100S.mov,hinted_021705_slug/rp021705p2_04.mov,rp021705_wavelet_jpeg/rp021705_04_w.jpg,aberran polarized cell morph during axenic growth; medium density; trishanku,
021705_05,V10215,,REMI,Wild Type,,Wild Type,,,,,,Wild Type,,Wild Type,,hinted_021705/rp021705_05_0001S.mov,hinted_021705_slug/rp021705p2_05.mov,rp021705_wavelet_jpeg/rp021705_05_w.jpg,severely conf,
021705_06,V10225,,REMI,Aberrant,amplitude (density effect?),Wild Type,,,,,,Aberrant,,Wild Type,,hinted_021705/rp021705_06_0025S.mov,hinted_021705_slug/rp021705p2_06.mov,rp021705_wavelet_jpeg/rp021705_06_w.jpg,small FB almost no spores stalky and clustered,
021705_07,V10222,,REMI,Wild Type,,Wild Type,,,,,,Wild Type,,Wild Type,,hinted_021705/rp021705_07_0025S.mov,hinted_021705_slug/rp021705p2_07.mov,rp021705_wavelet_jpeg/rp021705_07_w.jpg,medium density; FBs slightly stalky,
021705_08,V10231,,REMI,Wild Type,,Wild Type,,,,,,Wild Type,,Wild Type,,hinted_021705/rp021705_08_0025S.mov,hinted_021705_slug/rp021705p2_08.mov,rp021705_wavelet_jpeg/rp021705_08_w.jpg,severely conf,
021705_09,V10228,,REMI,Aberrant,amplitude,Aberrant,,,,,,Aberrant,,Aberrant,,hinted_021705/rp021705_09_0025S.mov,hinted_021705_slug/rp021705p2_09.mov,rp021705_wavelet_jpeg/rp021705_09_w.jpg,cells are slightly uniformly large; no stalk but spore mass like struc,
021705_10,V10207,,REMI,Undeterminable,low density,Wild Type,,,,,,None,,Aberrant,,hinted_021705/rp021705_10_0100S.mov,hinted_021705_slug/rp021705p2_10.mov,rp021705_wavelet_jpeg/rp021705_10_w.jpg,cells are slightly uniformly large; arrested at mound,
021705_11,V10204,,REMI,Aberrant,rapid dev,Aberrant,,,,,,Aberrant,,Wild Type,,hinted_021705/rp021705_11_0001S.mov,hinted_021705_slug/rp021705p2_11.mov,rp021705_wavelet_jpeg/rp021705_11_w.jpg,many arrested at mound,
021705_12,V10213,,REMI,Aberrant,,Wild Type,,,,,,Wild Type,,Wild Type,,hinted_021705/rp021705_12_0001S.mov,hinted_021705_slug/rp021705p2_12.mov,rp021705_wavelet_jpeg/rp021705_12_w.jpg,,
021705_13,blank (V10210),,,,,,,,,,,,,Wild Type,,,hinted_021705_slug/rp021705p2_13.mov,rp021705_wavelet_jpeg/rp021705_13_w.jpg,,
021705_14,V10220,,REMI,Wild Type,,Wild Type,,,,,,Aberrant,,Wild Type,,hinted_021705/rp021705_14_0001S.mov,hinted_021705_slug/rp021705p2_14.mov,rp021705_wavelet_jpeg/rp021705_14_w.jpg,some mound arrest; slugger?,
021705_15,V10216,,REMI,Undeterminable,,Undeterminable,,,,,,Undeterminable,,Aberrant,,hinted_021705/rp021705_15_0001S.mov,hinted_021705_slug/rp021705p2_15.mov,rp021705_wavelet_jpeg/rp021705_15_w.jpg,cells are slightly uniformly large; FB non-uniform size,
021705_16,V10226,,REMI,Wild Type,,Wild Type,,Aberrant,,,,Aberrant,,Wild Type,,hinted_021705/rp021705_16_0025S.mov,hinted_021705_slug/rp021705p2_16.mov,rp021705_wavelet_jpeg/rp021705_16_w.jpg,medium-low density; early detachment during axenic growth; slug-like no FB,
021705_17,V10223,,REMI,Aberrant,amplitude; early breakup,Aberrant,,,,,,Wild Type,,Wild Type,,hinted_021705/rp021705_17_0025S.mov,hinted_021705_slug/rp021705p2_17.mov,rp021705_wavelet_jpeg/rp021705_17_w.jpg,conf; small FBs,
021705_18,V10233,,REMI,None,,None,,,,,,Undeterminable,,Wild Type,,hinted_021705/rp021705_18_0050S.mov,hinted_021705_slug/rp021705p2_18.mov,rp021705_wavelet_jpeg/rp021705_18_w.jpg,conf,
021705_19,V10229,,REMI,Wild Type,,Wild Type,,Aberrant,,,,None,,Wild Type,,hinted_021705/rp021705_19_0025S.mov,hinted_021705_slug/rp021705p2_19.mov,rp021705_wavelet_jpeg/rp021705_19_w.jpg,conf; slugger; arrested at slug,
021705_20,V10208,,REMI,Undeterminable,,Undeterminable,,,,,,Wild Type,,Aberrant,,hinted_021705/rp021705_20_0100S.mov,hinted_021705_slug/rp021705p2_20.mov,rp021705_wavelet_jpeg/rp021705_20_w.jpg,ab pol morph during axenic growth; medium denisty,
021705_21,V10205,,REMI,Undeterminable,,Undeterminable,,,,,,Aberrant,,Wild Type,,hinted_021705/rp021705_21_0125S.mov,hinted_021705_slug/rp021705p2_21.mov,rp021705_wavelet_jpeg/rp021705_21_w.jpg,stalk-slug like struc,
021705_22,V10214,,REMI,Aberrant,synchronized,Undeterminable,,,,,,Aberrant,,Wild Type,,hinted_021705/rp021705_22_0050S.mov,hinted_021705_slug/rp021705p2_22.mov,rp021705_wavelet_jpeg/rp021705_22_w.jpg,conf; zig-zag stalk-like struc on agar,
021705_23,V10211,,REMI,Aberrant,early breakup,Aberrant,,,,,,Aberrant,,Wild Type,,hinted_021705/rp021705_23_0025S.mov,hinted_021705_slug/rp021705p2_23.mov,rp021705_wavelet_jpeg/rp021705_23_w.jpg,conf; small FBs,
021705_24,V10221,,REMI,Aberrant,amplitude,Wild Type,,,,,,Aberrant,,Wild Type,,hinted_021705/rp021705_24_0001S.mov,hinted_021705_slug/rp021705p2_24.mov,rp021705_wavelet_jpeg/rp021705_24_w.jpg,snaky stalk-(slug) like struc on agar,
021705_25,V10217,,REMI,Aberrant,,Wild Type,,,,,,Aberrant,,Wild Type,,hinted_021705/rp021705_25_0001S.mov,hinted_021705_slug/rp021705p2_25.mov,rp021705_wavelet_jpeg/rp021705_25_w.jpg,conf; large portion of stalk on agar before being lifted,
021705_26,V10227,,REMI,None,,None,,,,,,None,,Wild Type,,hinted_021705/rp021705_26_0050S.mov,hinted_021705_slug/rp021705p2_26.mov,rp021705_wavelet_jpeg/rp021705_26_w.jpg,some flat cells during axenic growth; conf,
021705_27,V10224,,REMI,Aberrant,,Undeterminable,,,,,,Wild Type,,Wild Type,,hinted_021705/rp021705_27_0050S.mov,hinted_021705_slug/rp021705p2_27.mov,rp021705_wavelet_jpeg/rp021705_27_w.jpg,medium density,
021705_28,V10234,,REMI,Aberrant,amplitude; early breakup,Aberrant,,,,,,Aberrant,,Wild Type,,hinted_021705/rp021705_28_0001S.mov,hinted_021705_slug/rp021705p2_28.mov,rp021705_wavelet_jpeg/rp021705_28_w.jpg,conf; no stalk but globular mass,
021705_29,V10230,,REMI,Wild Type,,Wild Type,,Aberrant,,,,Wild Type,,Wild Type,,hinted_021705/rp021705_29_0025S.mov,hinted_021705_slug/rp021705p2_29.mov,rp021705_wavelet_jpeg/rp021705_29_w.jpg,large sori?,
022105_00,V10239,,REMI,Wild Type,,Wild Type,,,,,,Aberrant,,Wild Type,,hinted_022105/rp022105_00_0025S.mov,hinted_022105_slug/rp022105p2_00.mov,rp022105_wavelet_jpeg/rp022105_00_w.jpg,conf; some with large sori,
022105_01,V10235,,REMI,Undeterminable,,Undeterminable,,,,,,Aberrant,,Aberrant,,hinted_022105/rp022105_01_0025S.mov,hinted_022105_slug/rp022105p2_01.mov,rp022105_wavelet_jpeg/rp022105_01_w.jpg,ab morph; med-low density; small stalky FB,
022105_02,V10245,,REMI,Aberrant,,None,,,,,,Undeterminable,,Wild Type,,hinted_022105/rp022105_02_0025S.mov,hinted_022105_slug/rp022105p2_02.mov,rp022105_wavelet_jpeg/rp022105_02_w.jpg,,
022105_03,V10242,,REMI,Wild Type,,Wild Type,,,,None,,None,,Wild Type,,hinted_022105/rp022105_03_0025S.mov,hinted_022105_slug/rp022105p2_03.mov,rp022105_wavelet_jpeg/rp022105_03_w.jpg,conf; mound  arrest,
022105_04,V10251,,REMI,Undeterminable,,Undeterminable,,,,,,Aberrant,,Aberrant,,hinted_022105/rp022105_04_0001S.mov,hinted_022105_slug/rp022105p2_04.mov,rp022105_wavelet_jpeg/rp022105_04_w.jpg,uniformly large during axenic growth; small ab Fb with almost no sori,
022105_05,V10248,,REMI,Wild Type,,Wild Type,,,,Wild Type,,Wild Type,,Wild Type,,hinted_022105/rp022105_05_0050S.mov,hinted_022105_slug/rp022105p2_05.mov,rp022105_wavelet_jpeg/rp022105_05_w.jpg,medium density; thin stalk?,
022105_06,V10257,,REMI,Aberrant,,Aberrant,,,,,,Wild Type,,Wild Type,,hinted_022105/rp022105_06_0150S.mov,hinted_022105_slug/rp022105p2_06.mov,rp022105_wavelet_jpeg/rp022105_06_w.jpg,bacterial contamination; Fb size non-uniform,
022105_07,V10254,,REMI,Wild Type,,Wild Type,,,,Wild Type,,Wild Type,,Wild Type,,hinted_022105/rp022105_07_0025S.mov,hinted_022105_slug/rp022105p2_07.mov,rp022105_wavelet_jpeg/rp022105_07_w.jpg,slugger?,
022105_08,V10263,,REMI,Wild Type,,Wild Type,,,,Wild Type,,Aberrant,,Wild Type,,hinted_022105/rp022105_08_0050S.mov,hinted_022105_slug/rp022105p2_08.mov,rp022105_wavelet_jpeg/rp022105_08_w.jpg,conf; FBs with small sporehead,
022105_09,V10260,,REMI,Wild Type,,Wild Type,,,,Wild Type,,Aberrant,,Wild Type,,hinted_022105/rp022105_09_0001S.mov,hinted_022105_slug/rp022105p2_09.mov,rp022105_wavelet_jpeg/rp022105_09_w.jpg,conf; ab slug-like terminal structure,
022105_10,V10240,,REMI,Wild Type,,Wild Type,,,,Wild Type,,Aberrant,,Wild Type,,hinted_022105/rp022105_10_0025S.mov,hinted_022105_slug/rp022105p2_10.mov,rp022105_wavelet_jpeg/rp022105_10_w.jpg,conf; some mound arrest some wt FB,
022105_11,V10236,,REMI,Undeterminable,,Undeterminable,,,,,,Wild Type,,Wild Type,,hinted_022105/rp022105_11_0200S.mov,hinted_022105_slug/rp022105p2_11.mov,rp022105_wavelet_jpeg/rp022105_11_w.jpg,conf,
022105_12,V10246,,REMI,Aberrant,,Aberrant,,,,,,Wild Type,,Wild Type,,hinted_022105/rp022105_12_0325S.mov,hinted_022105_slug/rp022105p2_12.mov,rp022105_wavelet_jpeg/rp022105_12_w.jpg,conf; small FB,
022105_13,V10243,,REMI,Aberrant,amplitude,Wild Type,,,,,,Aberrant,,Wild Type,,hinted_022105/rp022105_13_0001S.mov,hinted_022105_slug/rp022105p2_13.mov,rp022105_wavelet_jpeg/rp022105_13_w.jpg,conf; stalk-like struc some with small spore head,
022105_14,V10252,,REMI,Wild Type,,Wild Type,,,,None,,None,,Wild Type,,hinted_022105/rp022105_14_0075S.mov,hinted_022105_slug/rp022105p2_14.mov,rp022105_wavelet_jpeg/rp022105_14_w.jpg,mound arrest,
022105_15,V10249,,REMI,Undeterminable,,Undeterminable,,,,Undeterminable,,Undeterminable,,Aberrant,,,hinted_022105_slug/rp022105p2_15.mov,rp022105_wavelet_jpeg/rp022105_15_w.jpg,cells are non-uniformly small,
022105_16,V10258,,REMI,Aberrant,turbulent,Aberrant,,,,,,None,,Wild Type,,hinted_022105/rp022105_16_0001S.mov,hinted_022105_slug/rp022105p2_16.mov,rp022105_wavelet_jpeg/rp022105_16_w.jpg,mound arrest,
022105_17,V10255,,REMI,Aberrant,amplitude,Aberrant,,,,,,Wild Type,,Wild Type,,hinted_022105/rp022105_17_0200S.mov,hinted_022105_slug/rp022105p2_17.mov,rp022105_wavelet_jpeg/rp022105_17_w.jpg,,
022105_18,V10264,,REMI,Aberrant,large territory,Aberrant,[Null],,[Null],None,[Null],None,,Wild Type,,hinted_022105/rp022105_18_0125S.mov,hinted_022105_slug/rp022105p2_18.mov,rp022105_wavelet_jpeg/rp022105_18_w.jpg,medium-low density; arrested streaming to mound stage,
022105_19,V10261,,REMI,Wild Type,,Wild Type,,,,None,,None,,Wild Type,,hinted_022105/rp022105_19_0100S.mov,hinted_022105_slug/rp022105p2_19.mov,rp022105_wavelet_jpeg/rp022105_19_w.jpg,medium-low density; mound arrest,
022105_20,V10241,,REMI,Wild Type,,Wild Type,,,,Wild Type,,Aberrant,,Wild Type,,hinted_022105/rp022105_20_0050S.mov,hinted_022105_slug/rp022105p2_20.mov,rp022105_wavelet_jpeg/rp022105_20_w.jpg,conf; slug arrest; some stalk-like protrusion,
022105_21,V10238,,REMI,Wild Type,,Wild Type,,,,Wild Type,,Aberrant,,Wild Type,,hinted_022105/rp022105_21_0075S.mov,hinted_022105_slug/rp022105p2_21.mov,rp022105_wavelet_jpeg/rp022105_21_w.jpg,conf; sporehead suspended in the middle of a stalk,
022105_22,V10247,,REMI,Aberrant,weak,Aberrant,,,,None,,Aberrant,,Wild Type,,hinted_022105/rp022105_22_0001S.mov,hinted_022105_slug/rp022105p2_22.mov,rp022105_wavelet_jpeg/rp022105_22_w.jpg,conf; mound arrest; some stalk-like protrusion,
022105_23,V10244,,REMI,Wild Type,,Wild Type,,,,Aberrant,,Aberrant,,Wild Type,,hinted_022105/rp022105_23_0050S.mov,hinted_022105_slug/rp022105p2_23.mov,rp022105_wavelet_jpeg/rp022105_23_w.jpg,conf; zig-zag stalk-like struc; almost no spore head,
022105_24,V10253,,REMI,Aberrant,,Aberrant,,,,,,Aberrant,,Wild Type,,hinted_022105/rp022105_24_0275S.mov,hinted_022105_slug/rp022105p2_24.mov,rp022105_wavelet_jpeg/rp022105_24_w.jpg,stalk-like slug terminal struc; no sori,
022105_25,V10250,,REMI,Undeterminable,,Wild Type,,,,None,,Aberrant,,Wild Type,,hinted_022105/rp022105_25_0125S.mov,hinted_022105_slug/rp022105p2_25.mov,rp022105_wavelet_jpeg/rp022105_25_w.jpg,some look multi-nuclei during axenic growth; mound arrest,
022105_26,V10259,,REMI,Wild Type,,Aberrant,,,,Wild Type,,Wild Type,,Wild Type,,hinted_022105/rp022105_26_0075S.mov,hinted_022105_slug/rp022105p2_26.mov,rp022105_wavelet_jpeg/rp022105_26_w.jpg,some FBs with short stalk?,
022105_27,V10256,,REMI,Wild Type,early breakup,Aberrant,,,,None,,Aberrant,,Wild Type,,hinted_022105/rp022105_27_0025S.mov,hinted_022105_slug/rp022105p2_27.mov,rp022105_wavelet_jpeg/rp022105_27_w.jpg,small and stalky,
022105_28,V10265,,REMI,Aberrant,amplitude,Wild Type,,,,Wild Type,,Aberrant,,Aberrant,,hinted_022105/rp022105_28_0150S.mov,hinted_022105_slug/rp022105p2_28.mov,rp022105_wavelet_jpeg/rp022105_28_w.jpg,uniformly small during axenic growth; small trishanku,
022105_29,V10262,,REMI,Wild Type,,Wild Type,,,,Wild Type,,Wild Type,,Wild Type,,hinted_022105/rp022105_29_0050S.mov,hinted_022105_slug/rp022105p2_29.mov,rp022105_wavelet_jpeg/rp022105_29_w.jpg,conf,
032105_00,V35004,,REMI,Undeterminable,,Undeterminable,,,,,,Wild Type,,Undeterminable,,hinted_032105/rp032105_00_0200S.mov,hinted_032105_slug/rp032105p2_00.mov,rp032105_wavelet_jpeg/rp032105_00_w.jpg,cells picked from 10C recovery plate,
032105_01,V35001,,REMI,Wild Type,,Undeterminable,,,,,,Wild Type,,Undeterminable,,hinted_032105/rp032105_01_0100S.mov,hinted_032105_slug/rp032105p2_01.mov,rp032105_wavelet_jpeg/rp032105_01_w.jpg,cells picked from 10C recovery plate,
032105_02,V35010,,REMI,Undeterminable,,Undeterminable,,,,,,Wild Type,,Undeterminable,,hinted_032105/rp032105_02_0025S.mov,hinted_032105_slug/rp032105p2_02.mov,rp032105_wavelet_jpeg/rp032105_02_w.jpg,cells picked from 10C recovery plate,
032105_03,V35007,,REMI,Wild Type,,Undeterminable,,,,,,Wild Type,,Undeterminable,,hinted_032105/rp032105_03_0075S.mov,hinted_032105_slug/rp032105p2_03.mov,rp032105_wavelet_jpeg/rp032105_03_w.jpg,cells picked from 10C recovery plate,
032105_04,V35016,,REMI,Wild Type,,Wild Type,,,,,,Wild Type,,Undeterminable,,hinted_032105/rp032105_04_0075S.mov,hinted_032105_slug/rp032105p2_04.mov,rp032105_wavelet_jpeg/rp032105_04_w.jpg,cells picked from 10C recovery plate,
032105_05,V35013,,REMI,Undeterminable,,Undeterminable,,,,,,Wild Type,,Undeterminable,,hinted_032105/rp032105_05_0100S.mov,hinted_032105_slug/rp032105p2_05.mov,rp032105_wavelet_jpeg/rp032105_05_w.jpg,cells picked from 10C recovery plate,
032105_06,V35022,,REMI,Undeterminable,,Wild Type,,,,,,Wild Type,,Undeterminable,,hinted_032105/rp032105_06_0125S.mov,hinted_032105_slug/rp032105p2_06.mov,rp032105_wavelet_jpeg/rp032105_06_w.jpg,cells picked from 10C recovery plate,
032105_07,V35019,,REMI,Undeterminable,,Wild Type,,,,,,Wild Type,,Undeterminable,,hinted_032105/rp032105_07_0125S.mov,hinted_032105_slug/rp032105p2_07.mov,rp032105_wavelet_jpeg/rp032105_07_w.jpg,cells picked from 10C recovery plate,
032105_08,V35028,,REMI,Undeterminable,,Wild Type,,,,,,Wild Type,,Undeterminable,,hinted_032105/rp032105_08_0225S.mov,hinted_032105_slug/rp032105p2_08.mov,rp032105_wavelet_jpeg/rp032105_08_w.jpg,cells picked from 10C recovery plate,
032105_09,V35025,,REMI,Wild Type,,Wild Type,,,,,,Wild Type,,Undeterminable,,hinted_032105/rp032105_09_0175S.mov,hinted_032105_slug/rp032105p2_09.mov,rp032105_wavelet_jpeg/rp032105_09_w.jpg,cells picked from 10C recovery plate,
032105_10,V35005,,REMI,Wild Type,,Wild Type,,,,,,Wild Type,,Undeterminable,,hinted_032105/rp032105_10_0100S.mov,hinted_032105_slug/rp032105p2_10.mov,rp032105_wavelet_jpeg/rp032105_10_w.jpg,cells picked from 10C recovery plate,
032105_11,V35002,,REMI,Undeterminable,,Wild Type,,,,,,Wild Type,,Undeterminable,,hinted_032105/rp032105_11_0100S.mov,hinted_032105_slug/rp032105p2_11.mov,rp032105_wavelet_jpeg/rp032105_11_w.jpg,cells picked from 10C recovery plate,
032105_12,V35011,,REMI,Undeterminable,,Wild Type,,,,,,Wild Type,,Undeterminable,,hinted_032105/rp032105_12_0200S.mov,hinted_032105_slug/rp032105p2_12.mov,rp032105_wavelet_jpeg/rp032105_12_w.jpg,cells picked from 10C recovery plate,
032105_13,V35008,,REMI,Undeterminable,,Undeterminable,,,,,,Wild Type,,Undeterminable,,hinted_032105/rp032105_13_0100S.mov,hinted_032105_slug/rp032105p2_13.mov,rp032105_wavelet_jpeg/rp032105_13_w.jpg,cells picked from 10C recovery plate,
032105_14,V35017,,REMI,Undeterminable,,Wild Type,,,,,,Wild Type,,Undeterminable,,hinted_032105/rp032105_14_0025S.mov,hinted_032105_slug/rp032105p2_14.mov,rp032105_wavelet_jpeg/rp032105_14_w.jpg,cells picked from 10C recovery plate,
032105_15,V35014,,REMI,Undeterminable,,Wild Type,,,,,,Wild Type,,Undeterminable,,hinted_032105/rp032105_15_0100S.mov,hinted_032105_slug/rp032105p2_15.mov,rp032105_wavelet_jpeg/rp032105_15_w.jpg,cells picked from 10C recovery plate,
032105_16,V35023,,REMI,Undeterminable,,Undeterminable,,,,,,Wild Type,,Undeterminable,,hinted_032105/rp032105_16_0400S.mov,hinted_032105_slug/rp032105p2_16.mov,rp032105_wavelet_jpeg/rp032105_16_w.jpg,cells picked from 10C recovery plate,
032105_17,V35020,,REMI,Undeterminable,,Undeterminable,,,,,,Wild Type,,Undeterminable,,hinted_032105/rp032105_17_0100S.mov,hinted_032105_slug/rp032105p2_17.mov,rp032105_wavelet_jpeg/rp032105_17_w.jpg,cells picked from 10C recovery plate,
032105_18,V35029,,REMI,Undeterminable,,Wild Type,,,,,,Wild Type,,Undeterminable,,hinted_032105/rp032105_18_0175S.mov,hinted_032105_slug/rp032105p2_18.mov,rp032105_wavelet_jpeg/rp032105_18_w.jpg,cells picked from 10C recovery plate,
032105_19,V35026,,REMI,Undeterminable,,Wild Type,,,,,,Wild Type,,Undeterminable,,hinted_032105/rp032105_19_0100S.mov,hinted_032105_slug/rp032105p2_19.mov,rp032105_wavelet_jpeg/rp032105_19_w.jpg,cells picked from 10C recovery plate,
032105_20,V35006,,REMI,Wild Type,,Wild Type,,,,,,Wild Type,,Undeterminable,,hinted_032105/rp032105_20_0001S.mov,hinted_032105_slug/rp032105p2_20.mov,rp032105_wavelet_jpeg/rp032105_20_w.jpg,cells picked from 10C recovery plate,
032105_21,V35002,,REMI,Undeterminable,,Undeterminable,,,,,,Wild Type,,Undeterminable,,hinted_032105/rp032105_21_0150S.mov,hinted_032105_slug/rp032105p2_21.mov,rp032105_wavelet_jpeg/rp032105_21_w.jpg,cells picked from 10C recovery plate,
032105_22,V35012,,REMI,Undeterminable,,Undeterminable,,,,,,Wild Type,,Undeterminable,,hinted_032105/rp032105_22_0175S.mov,hinted_032105_slug/rp032105p2_22.mov,rp032105_wavelet_jpeg/rp032105_22_w.jpg,cells picked from 10C recovery plate,
032105_23,V35009,,REMI,Undeterminable,,Wild Type,,,,,,Wild Type,,Undeterminable,,hinted_032105/rp032105_23_0025S.mov,hinted_032105_slug/rp032105p2_23.mov,rp032105_wavelet_jpeg/rp032105_23_w.jpg,cells picked from 10C recovery plate,
032105_24,V35018,,REMI,Undeterminable,,Undeterminable,,,,,,Wild Type,,Undeterminable,,hinted_032105/rp032105_24_0150S.mov,hinted_032105_slug/rp032105p2_24.mov,rp032105_wavelet_jpeg/rp032105_24_w.jpg,cells picked from 10C recovery plate,
032105_25,V35015,,REMI,Undeterminable,,Undeterminable,,,,,,Wild Type,,Undeterminable,,hinted_032105/rp032105_25_0050S.mov,hinted_032105_slug/rp032105p2_25.mov,rp032105_wavelet_jpeg/rp032105_25_w.jpg,cells picked from 10C recovery plate,
032105_26,V35024,,REMI,Wild Type,,Undeterminable,,,,,,Wild Type,,Undeterminable,,hinted_032105/rp032105_26_0050S.mov,hinted_032105_slug/rp032105p2_26.mov,rp032105_wavelet_jpeg/rp032105_26_w.jpg,cells picked from 10C recovery plate,
032105_27,V35021,,REMI,Undeterminable,,Undeterminable,,,,,,Wild Type,,Undeterminable,,hinted_032105/rp032105_27_0175S.mov,hinted_032105_slug/rp032105p2_27.mov,rp032105_wavelet_jpeg/rp032105_27_w.jpg,cells picked from 10C recovery plate,
032105_28,V35030,,REMI,Undeterminable,,Undeterminable,,,,,,Wild Type,,Undeterminable,,hinted_032105/rp032105_28_0001S.mov,hinted_032105_slug/rp032105p2_28.mov,rp032105_wavelet_jpeg/rp032105_28_w.jpg,cells picked from 10C recovery plate,
032105_29,V35027,,REMI,Wild Type,,Wild Type,,,,,,Wild Type,,Undeterminable,,hinted_032105/rp032105_29_0050S.mov,hinted_032105_slug/rp032105p2_29.mov,rp032105_wavelet_jpeg/rp032105_29_w.jpg,cells picked from 10C recovery plate,
032405_00,V10238,,REMI,Wild Type,,Wild Type,,,,Wild Type,,Aberrant,,Wild Type,,hinted_032405/rp032405_00_0001S.mov,hinted_032405_slug/rp032405p2_00.mov,rp032405_wavelet_jpeg/rp032405_00_w.jpg,"conf; small FB; bacteria contamination ",
032405_01,V10203,,REMI,Undeterminable,,Undeterminable,,,,Undeterminable,,Undeterminable,,Undeterminable,,,hinted_032405_slug/rp032405p2_01.mov,rp032405_wavelet_jpeg/rp032405_01_w.jpg,aggregation during axenic growth,
032405_02,V10256,,REMI,Wild Type,early breakup,Aberrant,,,,None,,Aberrant,,Wild Type,,hinted_032405/rp032405_02_0025S.mov,hinted_032405_slug/rp032405p2_02.mov,rp032405_wavelet_jpeg/rp032405_02_w.jpg,small FB; bacteria contamination,
032405_03,V10248,,REMI,Wild Type,,Wild Type,,,,Wild Type,,Wild Type,,Wild Type,,hinted_032405/rp032405_03_0001S.mov,hinted_032405_slug/rp032405p2_03.mov,rp032405_wavelet_jpeg/rp032405_03_w.jpg,conf; bacteria contamination,
032405_04,V10270,,REMI,Undeterminable,,Undeterminable,,,,Undeterminable,,Wild Type,,Undeterminable,,hinted_032405/rp032405_04_0200S.mov,hinted_032405_slug/rp032405p2_04.mov,rp032405_wavelet_jpeg/rp032405_04_w.jpg,ab morph during axenic growth,
032405_05,V10267,,REMI,Wild Type,secondary centers,Aberrant,,,,,,Wild Type,,Wild Type,,hinted_032405/rp032405_05_0050S.mov,hinted_032405_slug/rp032405p2_05.mov,rp032405_wavelet_jpeg/rp032405_05_w.jpg,bacteria contamination,
032405_06,V10276,,REMI,Wild Type,,Wild Type,,,,Wild Type,,Wild Type,,Wild Type,,hinted_032405/rp032405_06_0025S.mov,hinted_032405_slug/rp032405p2_06.mov,rp032405_wavelet_jpeg/rp032405_06_w.jpg,,
032405_07,V10273,,REMI,Undeterminable,,Undeterminable,,,,Undeterminable,,Undeterminable,,Wild Type,,,hinted_032405_slug/rp032405p2_07.mov,rp032405_wavelet_jpeg/rp032405_07_w.jpg,,
032405_08,V35036,,REMI,Undeterminable,,Undeterminable,,,,Wild Type,,Wild Type,,Undeterminable,,hinted_032405/rp032405_08_0200S.mov,hinted_032405_slug/rp032405p2_08.mov,rp032405_wavelet_jpeg/rp032405_08_w.jpg,aggregation during axenic growth; med-low density; cells picked from 10C recovery plate,
032405_09,V35033,,REMI,Wild Type,,Wild Type,,,,Wild Type,,Wild Type,,Undeterminable,,hinted_032405/rp032405_09_0100S.mov,hinted_032405_slug/rp032405p2_09.mov,rp032405_wavelet_jpeg/rp032405_09_w.jpg,conf; cells picked from 10C recovery plate,
032405_10,V10240,,REMI,Undeterminable,,Undeterminable,,,,,,Undeterminable,,Wild Type,,hinted_032405/rp032405_10_0075S.mov,hinted_032405_slug/rp032405p2_10.mov,rp032405_wavelet_jpeg/rp032405_10_w.jpg,bacteria contamination,
032405_11,V10207,,REMI,Wild Type,,Wild Type,,,,None,,None,,Aberrant,,hinted_032405/rp032405_11_0025S.mov,hinted_032405_slug/rp032405p2_11.mov,rp032405_wavelet_jpeg/rp032405_11_w.jpg,cells uniformly large during axenic growth; dev arrest at mound stage,
032405_12,V10258,,REMI,Aberrant,,Aberrant,,,,None,,None,,Wild Type,,hinted_032405/rp032405_12_0001S.mov,hinted_032405_slug/rp032405p2_12.mov,rp032405_wavelet_jpeg/rp032405_12_w.jpg,dev arrest at mound stage,
032405_13,V10249,,REMI,Undeterminable,,Undeterminable,,,,,,Undeterminable,,Undeterminable,,,hinted_032405_slug/rp032405p2_13.mov,rp032405_wavelet_jpeg/rp032405_13_w.jpg,ab morph during axenic growth; low density; bacteria contamination?,
032405_14,V10271,,REMI,Aberrant,,None,,,,,,None,,Wild Type,,hinted_032405/rp032405_14_0175S.mov,hinted_032405_slug/rp032405p2_14.mov,rp032405_wavelet_jpeg/rp032405_14_w.jpg,conf,
032405_15,V10268,,REMI,Aberrant,,Aberrant,,,,,,Aberrant,,Wild Type,,hinted_032405/rp032405_15_0100S.mov,hinted_032405_slug/rp032405p2_15.mov,rp032405_wavelet_jpeg/rp032405_15_w.jpg,long stalk on agar like mucoroides,
032405_16,V35031,,REMI,Undeterminable,,Undeterminable,,,,,,Wild Type,,Undeterminable,,hinted_032405/rp032405_16_0450S.mov,hinted_032405_slug/rp032405p2_16.mov,rp032405_wavelet_jpeg/rp032405_16_w.jpg,ab morph during axenic growth; low density; small FB; cells picked from 10C recovery plate,
032405_17,V10274,,REMI,Undeterminable,,Undeterminable,,,,,,Aberrant,,Wild Type,,hinted_032405/rp032405_17_0350S.mov,hinted_032405_slug/rp032405p2_17.mov,rp032405_wavelet_jpeg/rp032405_17_w.jpg,short stalk,
032405_18,V35037,,REMI,Aberrant,,Aberrant,,,,,,Wild Type,,Undeterminable,,hinted_032405/rp032405_18_0175S.mov,hinted_032405_slug/rp032405p2_18.mov,rp032405_wavelet_jpeg/rp032405_18_w.jpg,cells picked from 10C recovery plate,
032405_19,V35034,,REMI,Wild Type,,Wild Type,,,,Wild Type,,Wild Type,,Wild Type,,hinted_032405/rp032405_19_0100S.mov,hinted_032405_slug/rp032405p2_19.mov,rp032405_wavelet_jpeg/rp032405_19_w.jpg,medium-low density; cells picked from 10C recovery plate,
032405_20,V10247,,REMI,Aberrant,,Aberrant,,,,None,,Aberrant,,Wild Type,,hinted_032405/rp032405_20_0001S.mov,hinted_032405_slug/rp032405p2_20.mov,rp032405_wavelet_jpeg/rp032405_20_w.jpg,conf; some stalk-like struc; bacteria contamination,
032405_21,blank (V10210),,,Undeterminable,,Undeterminable,,,,,,Undeterminable,,Wild Type,,,hinted_032405_slug/rp032405p2_21.mov,rp032405_wavelet_jpeg/rp032405_21_w.jpg,,
032405_22,V10266,,REMI,Aberrant,,None,,,,,,None,,Wild Type,,hinted_032405/rp032405_22_0200S.mov,hinted_032405_slug/rp032405p2_22.mov,rp032405_wavelet_jpeg/rp032405_22_w.jpg,conf,
032405_23,V10251,,REMI,Undeterminable,,Undeterminable,,,,,,Undeterminable,,Wild Type,,hinted_032405/rp032405_23_0050S.mov,hinted_032405_slug/rp032405p2_23.mov,rp032405_wavelet_jpeg/rp032405_23_w.jpg,low density,
032405_24,V10272,,REMI,Undeterminable,,Undeterminable,,,,,,None,,Wild Type,,hinted_032405/rp032405_24_0300S.mov,hinted_032405_slug/rp032405p2_24.mov,rp032405_wavelet_jpeg/rp032405_24_w.jpg,,
032405_25,V10269,,REMI,Undeterminable,,Undeterminable,,,,,,Wild Type,,Wild Type,,hinted_032405/rp032405_25_0100S.mov,hinted_032405_slug/rp032405p2_25.mov,rp032405_wavelet_jpeg/rp032405_25_w.jpg,trail or stalk-like on agar before FB lift off,
032405_26,V35032,,REMI,Wild Type,,Wild Type,,,,,,Wild Type,,Undeterminable,,hinted_032405/rp032405_26_0075S.mov,hinted_032405_slug/rp032405p2_26.mov,rp032405_wavelet_jpeg/rp032405_26_w.jpg,cells picked from 10C recovery plate,
032405_27,V10275,,REMI,Undeterminable,,Undeterminable,,,,,,Undeterminable,,Aberrant,,hinted_032405/rp032405_27_0475S.mov,hinted_032405_slug/rp032405p2_27.mov,rp032405_wavelet_jpeg/rp032405_27_w.jpg,ab morph during axenic growth; low density,
032405_28,V35038,,REMI,Undeterminable,,Undeterminable,,,,Wild Type,,Wild Type,,Undeterminable,,hinted_032405/rp032405_28_0200S.mov,hinted_032405_slug/rp032405p2_28.mov,rp032405_wavelet_jpeg/rp032405_28_w.jpg,low density; cells picked from 10C recovery plate,
032405_29,V35035,,REMI,Undeterminable,,Undeterminable,,,,,,Wild Type,,Undeterminable,,hinted_032405/rp032405_29_0475S.mov,hinted_032405_slug/rp032405p2_29.mov,rp032405_wavelet_jpeg/rp032405_29_w.jpg,low density; cells picked from 10C recovery plate,
040405_00,V10269,,REMI,Undeterminable,,Wild Type,,,,,,Wild Type,,Wild Type,,hinted_040405/rp040405_00_0325S.mov,hinted_040405_slug/rp040405p2_00.mov,rp040405_wavelet_jpeg/rp040405_00_w.jpg,med,
040405_01,V10203,,REMI,Undeterminable,,Undeterminable,,,,,,Aberrant,,Aberrant,,hinted_040405/rp040405_01_0100S.mov,hinted_040405_slug/rp040405p2_01.mov,rp040405_wavelet_jpeg/rp040405_01_w.jpg,ab pol med-low; bacteria left; slugger; small FB short stalk,
040405_02,V10460,,REMI,Wild Type,,Wild Type,,,,Aberrant,,Wild Type,,Wild Type,,hinted_040405/rp040405_02_0025S.mov,hinted_040405_slug/rp040405p2_02.mov,rp040405_wavelet_jpeg/rp040405_02_w.jpg,fat slug; slug arrest otherwise normal FB,
040405_03,V10273,,REMI,Undeterminable,,Undeterminable,,,,,,Undeterminable,,Aberrant,,,hinted_040405_slug/rp040405p2_03.mov,rp040405_wavelet_jpeg/rp040405_03_w.jpg,many large multi-nuclei cells,
040405_04,V10496,,REMI,Aberrant,minor spiral turbulence,Aberrant,,,,,,Undeterminable,,Wild Type,,hinted_040405/rp040405_04_0025S.mov,hinted_040405_slug/rp040405p2_04.mov,rp040405_wavelet_jpeg/rp040405_04_w.jpg,,
040405_05,V10470,,REMI,Wild Type,,Wild Type,,,,,,Wild Type,,Wild Type,,hinted_040405/rp040405_05_0100S.mov,hinted_040405_slug/rp040405p2_05.mov,rp040405_wavelet_jpeg/rp040405_05_w.jpg,,
040405_06,V10534,,REMI,Wild Type,,Wild Type,,,,,,Wild Type,,Wild Type,,hinted_040405/rp040405_06_0125S.mov,hinted_040405_slug/rp040405p2_06.mov,rp040405_wavelet_jpeg/rp040405_06_w.jpg,,
040405_07,V10529,,REMI,Undeterminable,,Undeterminable,,,,,,Aberrant,,Wild Type,,hinted_040405/rp040405_07_0250S.mov,hinted_040405_slug/rp040405p2_07.mov,rp040405_wavelet_jpeg/rp040405_07_w.jpg,conf; many mound arrest; small FB,
040405_08,V10651,,REMI,Wild Type,,Wild Type,,,,,,Wild Type,,Wild Type,,hinted_040405/rp040405_08_0125S.mov,hinted_040405_slug/rp040405p2_08.mov,rp040405_wavelet_jpeg/rp040405_08_w.jpg,,
040405_09,V10547,21-A9,REMI,Undeterminable,,Wild Type,,,,,,Wild Type,,Wild Type,,hinted_040405/rp040405_09_0100S.mov,hinted_040405_slug/rp040405p2_09.mov,rp040405_wavelet_jpeg/rp040405_09_w.jpg,,
040405_10,V10270,,REMI,Undeterminable,,Aberrant,,,,,,Wild Type,,Wild Type,,hinted_040405/rp040405_10_0025S.mov,hinted_040405_slug/rp040405p2_10.mov,rp040405_wavelet_jpeg/rp040405_10_w.jpg,med,
040405_11,V10249,,REMI,Undeterminable,,Undeterminable,,,,,,Undeterminable,,Aberrant,,,hinted_040405_slug/rp040405p2_11.mov,rp040405_wavelet_jpeg/rp040405_11_w.jpg,ab pol med-low;,
040405_12,V10467,,REMI,Aberrant,late,Wild Type,,,,,,Wild Type,,Wild Type,,hinted_040405/rp040405_12_0150S.mov,hinted_040405_slug/rp040405p2_12.mov,rp040405_wavelet_jpeg/rp040405_12_w.jpg,conf; bacteria contamination,
040405_13,V10274,,REMI,Undeterminable,,Undeterminable,,,,,,Aberrant,,Aberrant,,,hinted_040405_slug/rp040405p2_13.mov,rp040405_wavelet_jpeg/rp040405_13_w.jpg,cells are uniformly large during axenic growth; small FB,
040405_14,V10514,,REMI,Aberrant,amplitude,Wild Type,,,,,,Wild Type,,Wild Type,,hinted_040405/rp040405_14_0100S.mov,hinted_040405_slug/rp040405p2_14.mov,rp040405_wavelet_jpeg/rp040405_14_w.jpg,,
040405_15,aca-/ACG (repla,,,None,,None,,,,,,None,,Wild Type,,hinted_040405/rp040405_15_0025S.mov,hinted_040405_slug/rp040405p2_15.mov,rp040405_wavelet_jpeg/rp040405_15_w.jpg,,
040405_16,V10535,,REMI,Aberrant,frequency,,,,,,,Wild Type,,Wild Type,,hinted_040405/rp040405_16_0200S.mov,hinted_040405_slug/rp040405p2_16.mov,rp040405_wavelet_jpeg/rp040405_16_w.jpg,,
040405_17,V10530,,REMI,Wild Type,,Wild Type,,,,Aberrant,,,,Wild Type,,hinted_040405/rp040405_17_0150S.mov,hinted_040405_slug/rp040405p2_17.mov,rp040405_wavelet_jpeg/rp040405_17_w.jpg,conf;thin and elongated slugs; non-uniform FB size,
040405_18,V10670,,REMI,Wild Type,,Wild Type,,,,,,Wild Type,,Wild Type,,hinted_040405/rp040405_18_0100S.mov,hinted_040405_slug/rp040405p2_18.mov,rp040405_wavelet_jpeg/rp040405_18_w.jpg,,
040405_19,V10570,,REMI,Undeterminable,,Undeterminable,,,,,,Undeterminable,,Wild Type,,hinted_040405/rp040405_19_0200S.mov,hinted_040405_slug/rp040405p2_19.mov,rp040405_wavelet_jpeg/rp040405_19_w.jpg,,
040405_20,V10272,,REMI,Aberrant,,None,,,,,,None,,Wild Type,,hinted_040405/rp040405_20_0150S.mov,hinted_040405_slug/rp040405p2_20.mov,rp040405_wavelet_jpeg/rp040405_20_w.jpg,,
040405_21,V10251,,REMI,Undeterminable,,Undeterminable,,,,,,Aberrant,,Aberrant,,hinted_040405/rp040405_21_0001S.mov,hinted_040405_slug/rp040405p2_21.mov,rp040405_wavelet_jpeg/rp040405_21_w.jpg,"cells are uniformly large during axenic growth; short stalk and almost no spore head ",
040405_22,V10547,21-D11,REMI,Undeterminable,,Wild Type,,,,,,Wild Type,,Wild Type,,hinted_040405/rp040405_22_0001S.mov,hinted_040405_slug/rp040405p2_22.mov,rp040405_wavelet_jpeg/rp040405_22_w.jpg,,
040405_23,V10275,,REMI,Undeterminable,,Undeterminable,,,,,,Undeterminable,,Aberrant,,,hinted_040405_slug/rp040405p2_23.mov,rp040405_wavelet_jpeg/rp040405_23_w.jpg,med-low density; early detachment,
040405_24,V10526,,REMI,Undeterminable,,Aberrant,,,,,,Aberrant,,Wild Type,,hinted_040405/rp040405_24_0075S.mov,hinted_040405_slug/rp040405p2_24.mov,rp040405_wavelet_jpeg/rp040405_24_w.jpg,some mound arrest; zig-zag slug-like struc,
040405_25,V10483,,REMI,Aberrant,early breakup,Aberrant,,,,,,None,,Wild Type,,hinted_040405/rp040405_25_0100S.mov,hinted_040405_slug/rp040405p2_25.mov,rp040405_wavelet_jpeg/rp040405_25_w.jpg,mound arrest; ring shaped mound,
040405_26,V10537,,REMI,Aberrant,,Wild Type,,,,,,Wild Type,,Wild Type,,hinted_040405/rp040405_26_0150S.mov,hinted_040405_slug/rp040405p2_26.mov,rp040405_wavelet_jpeg/rp040405_26_w.jpg,conf,
040405_27,V10532,,REMI,Wild Type,,Wild Type,,,,,,Wild Type,,Wild Type,,hinted_040405/rp040405_27_0100S.mov,hinted_040405_slug/rp040405p2_27.mov,rp040405_wavelet_jpeg/rp040405_27_w.jpg,,
040405_28,V10676,,REMI,Wild Type,,Wild Type,,,,,,Wild Type,,Wild Type,,hinted_040405/rp040405_28_0025S.mov,hinted_040405_slug/rp040405p2_28.mov,rp040405_wavelet_jpeg/rp040405_28_w.jpg,conf,
040405_29,blank (V10650),,REMI,,,,,,,,,,,Wild Type,,,hinted_040405_slug/rp040405p2_29.mov,rp040405_wavelet_jpeg/rp040405_29_w.jpg,,
040705_00,V10326,D1003_F3,REMI,Wild Type,,Aberrant,,,,Wild Type,,Wild Type,,Wild Type,,,hinted_040705_slug/rp040705p2_00.mov,rp040705_wavelet_jpeg/rp040705_00_w.jpg,,
040705_01,V10300,D1003_F4,REMI,Aberrant,amplitude (density effect?),Wild Type,,,,Wild Type,,Aberrant,,Wild Type,,hinted_040705/rp040705_01_0150S.mov,hinted_040705_slug/rp040705p2_01.mov,rp040705_wavelet_jpeg/rp040705_01_w.jpg,short stalk FB,
040705_02,V10435,D1003_G4,REMI,Aberrant,duration,Wild Type,,,,Aberrant,,Aberrant,,Wild Type,,hinted_040705/rp040705_02_0100S.mov,hinted_040705_slug/rp040705p2_02.mov,rp040705_wavelet_jpeg/rp040705_02_w.jpg,conf; clustered FB mostly stalk-only some glassy spore head,
040705_03,V10367,D1003_F11,REMI,Undeterminable,,Undeterminable,,,,Undeterminable,,Aberrant,,Wild Type,,,hinted_040705_slug/rp040705p2_03.mov,rp040705_wavelet_jpeg/rp040705_03_w.jpg,zig-zag stalk like struc on agar,
040705_04,V10492,,REMI,Aberrant,frequency,Aberrant,,,,Wild Type,,Wild Type,,Wild Type,,hinted_040705/rp040705_04_0100S.mov,hinted_040705_slug/rp040705p2_04.mov,rp040705_wavelet_jpeg/rp040705_04_w.jpg,small FB,
040705_05,V10476,D1003_H9,REMI,Wild Type,,Wild Type,,,,Wild Type,,Wild Type,,Wild Type,,hinted_040705/rp040705_05_0075S.mov,hinted_040705_slug/rp040705p2_05.mov,rp040705_wavelet_jpeg/rp040705_05_w.jpg,conf,
040705_06,V10642,23-A8,REMI,Wild Type,,Wild Type,,,,,,Wild Type,,Wild Type,,hinted_040705/rp040705_06_0050S.mov,hinted_040705_slug/rp040705p2_06.mov,rp040705_wavelet_jpeg/rp040705_06_w.jpg,conf,
040705_07,V10588,21-B12,REMI,Undeterminable,,Undeterminable,,,,,,Wild Type,,Wild Type,,hinted_040705/rp040705_07_0150S.mov,hinted_040705_slug/rp040705p2_07.mov,rp040705_wavelet_jpeg/rp040705_07_w.jpg,conf; small spore head (minor),
040705_08,D1003_B02,,,Wild Type,,Wild Type,,,,,,Wild Type,,Wild Type,,hinted_040705/rp040705_08_0001S.mov,hinted_040705_slug/rp040705p2_08.mov,rp040705_wavelet_jpeg/rp040705_08_w.jpg,,
040705_09,D1003_A06,,,Undeterminable,,Undeterminable,,,,Undeterminable,,Wild Type,,Undeterminable,,,hinted_040705_slug/rp040705p2_09.mov,rp040705_wavelet_jpeg/rp040705_09_w.jpg,polarized cell morph during axenic growth; med-low density; thin stalk (minor),
040705_10,V10330,,REMI,Wild Type,,Wild Type,,,,Wild Type,,Wild Type,,Wild Type,,hinted_040705/rp040705_10_0050S.mov,hinted_040705_slug/rp040705p2_10.mov,rp040705_wavelet_jpeg/rp040705_10_w.jpg,,
040705_11,V10321,D1003_D4,REMI,Wild Type,,Wild Type,,,,Wild Type,,Wild Type,,Wild Type,,hinted_040705/rp040705_11_0050S.mov,hinted_040705_slug/rp040705p2_11.mov,rp040705_wavelet_jpeg/rp040705_11_w.jpg,,
040705_12,V10438,,REMI,Wild Type,,Wild Type,,,,Wild Type,,Wild Type,,Wild Type,,hinted_040705/rp040705_12_0100S.mov,hinted_040705_slug/rp040705p2_12.mov,rp040705_wavelet_jpeg/rp040705_12_w.jpg,FB fell down oriented sideways,
040705_13,V10431,D1003_G2,REMI,Undeterminable,,Wild Type,,,,Wild Type,,Wild Type,,Wild Type,,hinted_040705/rp040705_13_0100S.mov,hinted_040705_slug/rp040705p2_13.mov,rp040705_wavelet_jpeg/rp040705_13_w.jpg,,
040705_14,V10495,,REMI,Wild Type,,Wild Type,,,,Wild Type,,Wild Type,,Wild Type,,hinted_040705/rp040705_14_0100S.mov,hinted_040705_slug/rp040705p2_14.mov,rp040705_wavelet_jpeg/rp040705_14_w.jpg,conf; FB size non-uniform,
040705_15,V10488,D1003_H12,REMI,Wild Type,,Wild Type,,,,Wild Type,,Wild Type,,Wild Type,,hinted_040705/rp040705_15_0100S.mov,hinted_040705_slug/rp040705p2_15.mov,rp040705_wavelet_jpeg/rp040705_15_w.jpg,conf,
040705_16,D1003_A04,,,Undeterminable,,Undeterminable,,,,Undeterminable,,Wild Type,,Undeterminable,,hinted_040705/rp040705_16_0300S.mov,hinted_040705_slug/rp040705p2_16.mov,rp040705_wavelet_jpeg/rp040705_16_w.jpg,polarized cell morph during axenic growth; med-low density,
040705_17,V10593,,REMI,Wild Type,,Wild Type,,,,,,Wild Type,,Wild Type,,hinted_040705/rp040705_17_0001S.mov,hinted_040705_slug/rp040705p2_17.mov,rp040705_wavelet_jpeg/rp040705_17_w.jpg,,
040705_18,D1003_B04,,,Wild Type,amplitude,Wild Type,,,,None,,None,,Wild Type,,hinted_040705/rp040705_18_0075S.mov,hinted_040705_slug/rp040705p2_18.mov,rp040705_wavelet_jpeg/rp040705_18_w.jpg,conf; mostly developmental arrest at streaming stage some FBs,
040705_19,D1003_A08,,,Undeterminable,,Undeterminable,,,,Undeterminable,,Undeterminable,,Undeterminable,,,hinted_040705_slug/rp040705p2_19.mov,rp040705_wavelet_jpeg/rp040705_19_w.jpg,polarized cell morph during axenic growth; low density,
040705_20,V10363,D1003_F10,REMI,Undeterminable,,Undeterminable,,,,Undeterminable,,Wild Type,,Wild Type,,,hinted_040705_slug/rp040705p2_20.mov,rp040705_wavelet_jpeg/rp040705_20_w.jpg,medium-high density,
040705_21,V10322,D1003_D5,REMI,Aberrant,amplitude,Wild Type,,,,None,,Aberrant,,Wild Type,,hinted_040705/rp040705_21_0125S.mov,hinted_040705_slug/rp040705p2_21.mov,rp040705_wavelet_jpeg/rp040705_21_w.jpg,cellular deposit instead of stalk and spore like struc,
040705_22,V10455,D1003_G10,REMI,Wild Type,,Wild Type,,,,Wild Type,,Wild Type,,Wild Type,,hinted_040705/rp040705_22_0100S.mov,hinted_040705_slug/rp040705p2_22.mov,rp040705_wavelet_jpeg/rp040705_22_w.jpg,,
040705_23,V10432,,REMI,Undeterminable,large territory,Wild Type,,,,Wild Type,,Wild Type,,Wild Type,,hinted_040705/rp040705_23_0125S.mov,hinted_040705_slug/rp040705p2_23.mov,rp040705_wavelet_jpeg/rp040705_23_w.jpg,bent thin stalk,
040705_24,V10508,,REMI,Wild Type,,Wild Type,,,,,,Wild Type,,Wild Type,,hinted_040705/rp040705_24_0075S.mov,hinted_040705_slug/rp040705p2_24.mov,rp040705_wavelet_jpeg/rp040705_24_w.jpg,conf; some FB fell down,
040705_25,V10490,,REMI,Aberrant,amplitude,Wild Type,,,,Wild Type,,Aberrant,,Wild Type,,hinted_040705/rp040705_25_0100S.mov,hinted_040705_slug/rp040705p2_25.mov,rp040705_wavelet_jpeg/rp040705_25_w.jpg,conf; some spore suspended in the middle of a stalk; short stalk,
040705_26,D1003_A05,,,Undeterminable,,Undeterminable,,,,Wild Type,,Wild Type,,Wild Type,,hinted_040705/rp040705_26_0150S.mov,hinted_040705_slug/rp040705p2_26.mov,rp040705_wavelet_jpeg/rp040705_26_w.jpg,medium density,
040705_27,V10633,23-D10,REMI,Wild Type,,Wild Type,,,,None,,Aberrant,,Wild Type,,hinted_040705/rp040705_27_0025S.mov,hinted_040705_slug/rp040705p2_27.mov,rp040705_wavelet_jpeg/rp040705_27_w.jpg,conf; clustered FB with small spore head,
040705_28,D1003_B07,,,Undeterminable,,Undeterminable,,,,Undeterminable,,Undeterminable,,Aberrant,,,hinted_040705_slug/rp040705p2_28.mov,rp040705_wavelet_jpeg/rp040705_28_w.jpg,round cells early detachment during axenic growth; med-low density,
040705_29,D1003_A12,,,Wild Type,,Wild Type,,,,,,Wild Type,,Wild Type,,hinted_040705/rp040705_29_0025S.mov,hinted_040705_slug/rp040705p2_29.mov,rp040705_wavelet_jpeg/rp040705_29_w.jpg,severe conf; spore mass bent like a neck sideways,
041405_00,D1003_B11,,,Wild Type,,Undeterminable,,,,Wild Type,,Wild Type,,Wild Type,,hinted_041405/rp041405_00_0001S.mov,hinted_041405_slug/rp041405p2_00.mov,rp041405_wavelet_jpeg/rp041405_00_w.jpg,,
041405_01,V10682,,REMI,Aberrant,,None,,,,None,,None,,Wild Type,,hinted_041405/rp041405_01_0375S.mov,hinted_041405_slug/rp041405p2_01.mov,rp041405_wavelet_jpeg/rp041405_01_w.jpg,,
041405_02,V00398,,REMI,Wild Type,,Wild Type,,,,Wild Type,,Aberrant,,Wild Type,,hinted_041405/rp041405_02_0001S.mov,hinted_041405_slug/rp041405p2_02.mov,rp041405_wavelet_jpeg/rp041405_02_w.jpg,FB with short stalk,
041405_03,V00354,,REMI,Wild Type,,Wild Type,,,,Wild Type,,Aberrant,,Wild Type,,hinted_041405/rp041405_03_0025S.mov,hinted_041405_slug/rp041405p2_03.mov,rp041405_wavelet_jpeg/rp041405_03_w.jpg,FB with short stalk and large spore head,
041405_04,V10191,,REMI,Wild Type,,Wild Type,,,,Wild Type,,Aberrant,,Wild Type,,hinted_041405/rp041405_04_0001S.mov,hinted_041405_slug/rp041405p2_04.mov,rp041405_wavelet_jpeg/rp041405_04_w.jpg,FB with short and abnormal stalk,
041405_05,V10171,,REMI,Aberrant,slightly slow and extended,Wild Type,,,,Wild Type,,Wild Type,,Wild Type,,hinted_041405/rp041405_05_0025S.mov,hinted_041405_slug/rp041405p2_05.mov,rp041405_wavelet_jpeg/rp041405_05_w.jpg,,
041405_06,V35041,,REMI,Wild Type,,Wild Type,,,,Wild Type,,Wild Type,,Wild Type,,hinted_041405/rp041405_06_0050S.mov,hinted_041405_slug/rp041405p2_06.mov,rp041405_wavelet_jpeg/rp041405_06_w.jpg,,
041405_07,V10496,,REMI,Wild Type,amplitude,Aberrant,,Aberrant,,None,,None,,Wild Type,,hinted_041405/rp041405_07_0025S.mov,hinted_041405_slug/rp041405p2_07.mov,rp041405_wavelet_jpeg/rp041405_07_w.jpg,arrested at flat mound,
041405_08,V35047,,REMI,Wild Type,,Wild Type,,,,Aberrant,,Aberrant,,Wild Type,,hinted_041405/rp041405_08_0075S.mov,hinted_041405_slug/rp041405p2_08.mov,rp041405_wavelet_jpeg/rp041405_08_w.jpg,conf; some dev arrest mound,
041405_09,V35044,,REMI,Wild Type,,Wild Type,,,,Wild Type,,Wild Type,,Wild Type,,hinted_041405/rp041405_09_0001S.mov,hinted_041405_slug/rp041405p2_09.mov,rp041405_wavelet_jpeg/rp041405_09_w.jpg,conf; a few large cells,
041405_10,V00262,,REMI,None,,None,,,,None,,None,,Wild Type,,hinted_041405/rp041405_10_0050S.mov,hinted_041405_slug/rp041405p2_10.mov,rp041405_wavelet_jpeg/rp041405_10_w.jpg,conf,
041405_11,D1003_B08,,,Undeterminable,,Undeterminable,,,,Wild Type,,Wild Type,,Undeterminable,,hinted_041405/rp041405_11_0001S.mov,hinted_041405_slug/rp041405p2_11.mov,rp041405_wavelet_jpeg/rp041405_11_w.jpg,polarized cell morph during axenic growth,
041405_12,V00447,,REMI,Aberrant,,Aberrant,,,,Wild Type,,Aberrant,,Aberrant,,hinted_041405/rp041405_12_0025S.mov,hinted_041405_slug/rp041405p2_12.mov,rp041405_wavelet_jpeg/rp041405_12_w.jpg,cells look flat during axenic growth; some trail left behind by slug and FB with no stalk,
041405_13,V00359,,REMI,Undeterminable,,Undeterminable,,,,Wild Type,,Aberrant,,Aberrant,,hinted_041405/rp041405_13_0200S.mov,hinted_041405_slug/rp041405p2_13.mov,rp041405_wavelet_jpeg/rp041405_13_w.jpg,conf; early detachment; tiny FB,
041405_14,V10203,,REMI,Undeterminable,,Undeterminable,,,,Wild Type,,Aberrant,,Wild Type,,hinted_041405/rp041405_14_0350S.mov,hinted_041405_slug/rp041405p2_14.mov,rp041405_wavelet_jpeg/rp041405_14_w.jpg,bacterial contamination; FB with short stalk,
041405_15,V10174,,REMI,Aberrant,,Aberrant,,,,Aberrant,,Aberrant,,Aberrant,,hinted_041405/rp041405_15_0125S.mov,hinted_041405_slug/rp041405p2_15.mov,rp041405_wavelet_jpeg/rp041405_15_w.jpg,cells are uniformly large; Fb with long stalk on agar and almost no spore head,
041405_16,V35042,,REMI,Aberrant,,Aberrant,,,,None,,Aberrant,,Undeterminable,,hinted_041405/rp041405_16_0475S.mov,hinted_041405_slug/rp041405p2_16.mov,rp041405_wavelet_jpeg/rp041405_16_w.jpg,ab morph; low density; small Fb and zig-zag stalk-like struc on agar,
041405_17,V35039,,REMI,Undeterminable,,Undeterminable,,,,Wild Type,,Wild Type,,Undeterminable,,hinted_041405/rp041405_17_0175S.mov,hinted_041405_slug/rp041405p2_17.mov,rp041405_wavelet_jpeg/rp041405_17_w.jpg,ab morph; low density,
041405_18,V35048,,REMI,Wild Type,,Wild Type,,,,Wild Type,,Wild Type,,Wild Type,,hinted_041405/rp041405_18_0050S.mov,hinted_041405_slug/rp041405p2_18.mov,rp041405_wavelet_jpeg/rp041405_18_w.jpg,conf,
041405_19,V35045,,REMI,Wild Type,,Wild Type,,,,Wild Type,,Wild Type,,Wild Type,,hinted_041405/rp041405_19_0125S.mov,hinted_041405_slug/rp041405p2_19.mov,rp041405_wavelet_jpeg/rp041405_19_w.jpg,some large cells; med-low density,
041405_20,V00347,,REMI,Undeterminable,,Undeterminable,,,,Wild Type,,None,,Wild Type,,hinted_041405/rp041405_20_0300S.mov,hinted_041405_slug/rp041405p2_20.mov,rp041405_wavelet_jpeg/rp041405_20_w.jpg,conf; slugger almost no FB some small FB,
041405_21,D1003_B10,,,Undeterminable,,Undeterminable,,,,Undeterminable,,Aberrant,,Wild Type,,hinted_041405/rp041405_21_0025S.mov,hinted_041405_slug/rp041405p2_21.mov,rp041405_wavelet_jpeg/rp041405_21_w.jpg,short stalk many stalk only some spore head,
041405_22,V10145,,REMI,Aberrant,"amplitude sligtly ",Wild Type,,,,Aberrant,,Aberrant,,Wild Type,,hinted_041405/rp041405_22_0050S.mov,hinted_041405_slug/rp041405p2_22.mov,rp041405_wavelet_jpeg/rp041405_22_w.jpg,long trail behind after slug,
041405_23,V00394,,,Wild Type,,Wild Type,,,,Wild Type,,Aberrant,,Wild Type,,hinted_041405/rp041405_23_0050S.mov,hinted_041405_slug/rp041405p2_23.mov,rp041405_wavelet_jpeg/rp041405_23_w.jpg,FB with short stalk,
041405_24,V10275,,REMI,Undeterminable,,Aberrant,,,,None,,None,,Aberrant,,hinted_041405/rp041405_24_0200S.mov,hinted_041405_slug/rp041405p2_24.mov,rp041405_wavelet_jpeg/rp041405_24_w.jpg,ab morph; med-low (mixed cells fron 2 wells),
041405_25,blank (V10190),,,,,,,,,,,,,Wild Type,,,hinted_041405_slug/rp041405p2_25.mov,rp041405_wavelet_jpeg/rp041405_25_w.jpg,,
041405_26,V35043,,REMI,Wild Type,,Wild Type,,,,Wild Type,,Wild Type,,Wild Type,,hinted_041405/rp041405_26_0050S.mov,hinted_041405_slug/rp041405p2_26.mov,rp041405_wavelet_jpeg/rp041405_26_w.jpg,,
041405_27,V35040,,REMI,Wild Type,amplitude,Wild Type,,,,Wild Type,,Wild Type,,Wild Type,,hinted_041405/rp041405_27_0075S.mov,hinted_041405_slug/rp041405p2_27.mov,rp041405_wavelet_jpeg/rp041405_27_w.jpg,med-high density,
041405_28,V35049,,REMI,Wild Type,,Wild Type,,,,Wild Type,,Wild Type,,Wild Type,,hinted_041405/rp041405_28_0025S.mov,hinted_041405_slug/rp041405p2_28.mov,rp041405_wavelet_jpeg/rp041405_28_w.jpg,,
041405_29,V35046,,REMI,Wild Type,large territory,Wild Type,,,,Wild Type,,Wild Type,,Undeterminable,,hinted_041405/rp041405_29_0200S.mov,hinted_041405_slug/rp041405p2_29.mov,rp041405_wavelet_jpeg/rp041405_29_w.jpg,ab pol; low density,
042105_00,V10240,,REMI,Undeterminable,,Undeterminable,,,,Undeterminable,,Wild Type,,Wild Type,,hinted_042105/rp042105_00_0050S.mov,hinted_042105_slug/rp042105p2_00.mov,rp042105_wavelet_jpeg/rp042105_00_w.jpg,conf; some dev arrest at mound,
042105_01,D1003_A05,,,Undeterminable,,Undeterminable,,,,Wild Type,,Wild Type,,Wild Type,,hinted_042105/rp042105_01_0050S.mov,hinted_042105_slug/rp042105p2_01.mov,rp042105_wavelet_jpeg/rp042105_01_w.jpg,ab morph during axenic growth; med-density,
042105_02,V10270,,REMI,Undeterminable,,Undeterminable,,,,Undeterminable,,Wild Type,,Wild Type,,hinted_042105/rp042105_02_0100S.mov,hinted_042105_slug/rp042105p2_02.mov,rp042105_wavelet_jpeg/rp042105_02_w.jpg,ab morph during axenic growth; med-low density,
042105_03,V10249,,REMI,Undeterminable,,Undeterminable,,,,Undeterminable,,Wild Type,,Wild Type,,,hinted_042105_slug/rp042105p2_03.mov,rp042105_wavelet_jpeg/rp042105_03_w.jpg,ab morph during axenic growth; low density;bacteria left,
042105_04,V10281,,REMI,Aberrant,turbulent,Wild Type,,,,Wild Type,,Wild Type,,Wild Type,,hinted_042105/rp042105_04_0025S.mov,hinted_042105_slug/rp042105p2_04.mov,rp042105_wavelet_jpeg/rp042105_04_w.jpg,,
042105_05,V10278,,REMI,Aberrant,,Aberrant,,,,Aberrant,,Aberrant,,Wild Type,,hinted_042105/rp042105_05_0025S.mov,hinted_042105_slug/rp042105p2_05.mov,rp042105_wavelet_jpeg/rp042105_05_w.jpg,,
042105_06,V10287,,REMI,Wild Type,,Wild Type,,,,Aberrant,,Wild Type,,Wild Type,,hinted_042105/rp042105_06_0100S.mov,hinted_042105_slug/rp042105p2_06.mov,rp042105_wavelet_jpeg/rp042105_06_w.jpg,,
042105_07,V10284,,REMI,Wild Type,,Wild Type,,,,Wild Type,,Wild Type,,Wild Type,,hinted_042105/rp042105_07_0125S.mov,hinted_042105_slug/rp042105p2_07.mov,rp042105_wavelet_jpeg/rp042105_07_w.jpg,,
042105_08,V10258,,REMI,Aberrant,,Aberrant,,,,None,,Aberrant,,Wild Type,,hinted_042105/rp042105_08_0001S.mov,hinted_042105_slug/rp042105p2_08.mov,rp042105_wavelet_jpeg/rp042105_08_w.jpg,stalk-like struc on agar no spore head,
042105_09,V10431,,REMI,Undeterminable,,Undeterminable,,,,Wild Type,,Wild Type,,Wild Type,,hinted_042105/rp042105_09_0125S.mov,hinted_042105_slug/rp042105p2_09.mov,rp042105_wavelet_jpeg/rp042105_09_w.jpg,severe conf,
042105_10,V10247,,REMI,Aberrant,,Aberrant,,,,Undeterminable,,None,,Wild Type,,hinted_042105/rp042105_10_0001S.mov,hinted_042105_slug/rp042105p2_10.mov,rp042105_wavelet_jpeg/rp042105_10_w.jpg,,
042105_11,V10270,replaced V10210,REMI,Undeterminable,,Undeterminable,,,,Undeterminable,,Wild Type,,Wild Type,,hinted_042105/rp042105_11_0175S.mov,hinted_042105_slug/rp042105p2_11.mov,rp042105_wavelet_jpeg/rp042105_11_w.jpg,ab morph during axenic growth; med-low density,
042105_12,V10272,,REMI,Aberrant,,None,,,,None,,None,,Wild Type,,hinted_042105/rp042105_12_0175S.mov,hinted_042105_slug/rp042105p2_12.mov,rp042105_wavelet_jpeg/rp042105_12_w.jpg,,
042105_13,V10251,,REMI,Aberrant,,Aberrant,,,,,,Aberrant,,Aberrant,,hinted_042105/rp042105_13_0001S.mov,hinted_042105_slug/rp042105p2_13.mov,rp042105_wavelet_jpeg/rp042105_13_w.jpg,cells look spherical and large and some aggregate-like during axenic growth; short stalk,
042105_14,V10282,,REMI,Wild Type,early stream breakup,Aberrant,,,,None,,Wild Type,,Wild Type,,hinted_042105/rp042105_14_0050S.mov,hinted_042105_slug/rp042105p2_14.mov,rp042105_wavelet_jpeg/rp042105_14_w.jpg,conf; small FB,
042105_15,V10279,,REMI,Undeterminable,,Undeterminable,,,,Undeterminable,,Undeterminable,,Wild Type,,,hinted_042105_slug/rp042105p2_15.mov,rp042105_wavelet_jpeg/rp042105_15_w.jpg,cells failed to attach to the plate during axenic growth; failed to attach to agar after washing,
042105_16,V10288,,REMI,Undeterminable,,Undeterminable,,,,Wild Type,,Wild Type,,Wild Type,,hinted_042105/rp042105_16_0200S.mov,hinted_042105_slug/rp042105p2_16.mov,rp042105_wavelet_jpeg/rp042105_16_w.jpg,ab morph during axenic growth; med-density,
042105_17,V10285,,REMI,Aberrant,local pulsing,None,,,,None,,None,,Aberrant,,hinted_042105/rp042105_17_0200S.mov,hinted_042105_slug/rp042105p2_17.mov,rp042105_wavelet_jpeg/rp042105_17_w.jpg,cells look uniformly large during axenic growth,
042105_18,V10280,replaced V10650,REMI,Aberrant,amplitude,Aberrant,,,,Aberrant,,Aberrant,,Wild Type,,hinted_042105/rp042105_18_0200S.mov,hinted_042105_slug/rp042105p2_18.mov,rp042105_wavelet_jpeg/rp042105_18_w.jpg,small FB with almost no spore-head,
042105_19,V10488,,REMI,Wild Type,noisy background,Wild Type,,,,Aberrant,,Wild Type,,Wild Type,,hinted_042105/rp042105_19_0125S.mov,hinted_042105_slug/rp042105p2_19.mov,rp042105_wavelet_jpeg/rp042105_19_w.jpg,conf,
042105_20,V10248,,REMI,Wild Type,,Wild Type,,,,Wild Type,,Wild Type,,Wild Type,,hinted_042105/rp042105_20_0001S.mov,hinted_042105_slug/rp042105p2_20.mov,rp042105_wavelet_jpeg/rp042105_20_w.jpg,conf; slugger,
042105_21,V10238,,REMI,Undeterminable,amplitude,Wild Type,,,,,,Aberrant,,Wild Type,,hinted_042105/rp042105_21_0025S.mov,hinted_042105_slug/rp042105p2_21.mov,rp042105_wavelet_jpeg/rp042105_21_w.jpg,zig-zag stalk-like struc on agar,
042105_22,V10277,,REMI,Aberrant,amplitude,Wild Type,,,,Aberrant,,Wild Type,,Wild Type,,hinted_042105/rp042105_22_0100S.mov,hinted_042105_slug/rp042105p2_22.mov,rp042105_wavelet_jpeg/rp042105_22_w.jpg,conf; extremely phototactic,
042105_23,V10256,,REMI,Wild Type,early stream breakup,Aberrant,,,,None,,Wild Type,,Wild Type,,hinted_042105/rp042105_23_0050S.mov,hinted_042105_slug/rp042105p2_23.mov,rp042105_wavelet_jpeg/rp042105_23_w.jpg,conf; small  FB,
042105_24,V10283,,REMI,Undeterminable,,Wild Type,,,,Wild Type,,Aberrant,,Wild Type,,hinted_042105/rp042105_24_0100S.mov,hinted_042105_slug/rp042105p2_24.mov,rp042105_wavelet_jpeg/rp042105_24_w.jpg,ab morph during axenic growth; low density; part of stalk on agar,
042105_25,V10280,,REMI,Aberrant,amplitude,Aberrant,,,,Aberrant,,Aberrant,,Wild Type,,hinted_042105/rp042105_25_0250S.mov,hinted_042105_slug/rp042105p2_25.mov,rp042105_wavelet_jpeg/rp042105_25_w.jpg,small Fb,
042105_26,V10289,,REMI,Aberrant,amplitude,Wild Type,,,,Wild Type,,Wild Type,,Aberrant,,hinted_042105/rp042105_26_0175S.mov,hinted_042105_slug/rp042105p2_26.mov,rp042105_wavelet_jpeg/rp042105_26_w.jpg,cells look uniformly small during axenic growth,
042105_27,V10286,,REMI,Undeterminable,,Wild Type,,,,,,Wild Type,,Wild Type,,hinted_042105/rp042105_27_0175S.mov,hinted_042105_slug/rp042105p2_27.mov,rp042105_wavelet_jpeg/rp042105_27_w.jpg,ab morph during axenic growth,
042105_28,V10285,,REMI,Aberrant,local pulsing,None,,,,None,,None,,Aberrant,,hinted_042105/rp042105_28_0300S.mov,hinted_042105_slug/rp042105p2_28.mov,rp042105_wavelet_jpeg/rp042105_28_w.jpg,cells look uniformly large during axenic growth,
042105_29,V10190,,REMI,Undeterminable,,Undeterminable,,,,Undeterminable,,Aberrant,,Wild Type,,hinted_042105/rp042105_29_0250S.mov,hinted_042105_slug/rp042105p2_29.mov,rp042105_wavelet_jpeg/rp042105_29_w.jpg,almost no FB some short Fb,
042805_00,V10482,,REMI,Wild Type,,Wild Type,,,,Wild Type,,Aberrant,,Wild Type,,hinted_042805/rp042805_00_0075S.mov,hinted_042805_slug/rp042805p2_00.mov,rp042805_wavelet_jpeg/rp042805_00_w.jpg,FB with short stalk,
042805_01,V10342,,REMI,Wild Type,,Wild Type,,,,,,Wild Type,,Wild Type,,hinted_042805/rp042805_01_0100S.mov,hinted_042805_slug/rp042805p2_01.mov,rp042805_wavelet_jpeg/rp042805_01_w.jpg,some mound-like arrest but otherwise normal looking FBs,
042805_02,V31157,,REMI,Wild Type,,Wild Type,,,,Wild Type,,Wild Type,,Wild Type,,hinted_042805/rp042805_02_0050S.mov,hinted_042805_slug/rp042805p2_02.mov,rp042805_wavelet_jpeg/rp042805_02_w.jpg,conf,
042805_03,V31122,,REMI,Wild Type,,Wild Type,,,,Wild Type,,Wild Type,,Wild Type,,hinted_042805/rp042805_03_0050S.mov,hinted_042805_slug/rp042805p2_03.mov,rp042805_wavelet_jpeg/rp042805_03_w.jpg,conf,
042805_04,V11048,,REMI,Undeterminable,,Undeterminable,,,,Wild Type,,Wild Type,,Wild Type,,hinted_042805/rp042805_04_0325S.mov,hinted_042805_slug/rp042805p2_04.mov,rp042805_wavelet_jpeg/rp042805_04_w.jpg,ab pol morph during axenic growth; low density,
042805_05,V11039,,REMI,Aberrant,local pulses,None,,,,None,,None,,Wild Type,,hinted_042805/rp042805_05_0275S.mov,hinted_042805_slug/rp042805p2_05.mov,rp042805_wavelet_jpeg/rp042805_05_w.jpg,conf,
042805_06,V10492,,REMI,Aberrant,low frequency,Aberrant,,,,,,Wild Type,,Wild Type,,hinted_042805/rp042805_06_0100S.mov,hinted_042805_slug/rp042805p2_06.mov,rp042805_wavelet_jpeg/rp042805_06_w.jpg,,
042805_07,V11077,,REMI,Undeterminable,,Wild Type,,,,Wild Type,,Aberrant,,Wild Type,,hinted_042805/rp042805_07_0200S.mov,hinted_042805_slug/rp042805p2_07.mov,rp042805_wavelet_jpeg/rp042805_07_w.jpg,ab pol morph during axenic growth; medium-low density; FB with short stalk,
042805_08,V35051,,REMI,Undeterminable,,Wild Type,,,,Wild Type,,Wild Type,,Wild Type,,hinted_042805/rp042805_08_0175S.mov,hinted_042805_slug/rp042805p2_08.mov,rp042805_wavelet_jpeg/rp042805_08_w.jpg,ab pol morph during axenic growth; medium-low density,
042805_09,D1003_A12,,,Wild Type,amplitude,Wild Type,,,,,,Wild Type,,Wild Type,,hinted_042805/rp042805_09_0050S.mov,hinted_042805_slug/rp042805p2_09.mov,rp042805_wavelet_jpeg/rp042805_09_w.jpg,conf,
042805_10,V31102,,REMI,Wild Type,,Wild Type,,,,Wild Type,,Wild Type,,Wild Type,,hinted_042805/rp042805_10_0050S.mov,hinted_042805_slug/rp042805p2_10.mov,rp042805_wavelet_jpeg/rp042805_10_w.jpg,,
042805_11,V10347,,REMI,Wild Type,,Wild Type,,,,Wild Type,,Wild Type,,Wild Type,,hinted_042805/rp042805_11_0075S.mov,hinted_042805_slug/rp042805p2_11.mov,rp042805_wavelet_jpeg/rp042805_11_w.jpg,,
042805_12,V31179,,REMI,Undeterminable,,Wild Type,,,,,,Wild Type,,Wild Type,,hinted_042805/rp042805_12_0100S.mov,hinted_042805_slug/rp042805p2_12.mov,rp042805_wavelet_jpeg/rp042805_12_w.jpg,ab pol morph during axenic growth; medium-low density,
042805_13,V31134,,REMI,Wild Type,,Wild Type,,,,Wild Type,,Wild Type,,Wild Type,,hinted_042805/rp042805_13_0025S.mov,hinted_042805_slug/rp042805p2_13.mov,rp042805_wavelet_jpeg/rp042805_13_w.jpg,conf,
042805_14,V11052,,REMI,Undeterminable,,Wild Type,,,,Wild Type,,Wild Type,,Wild Type,,hinted_042805/rp042805_14_0200S.mov,hinted_042805_slug/rp042805p2_14.mov,rp042805_wavelet_jpeg/rp042805_14_w.jpg,ab pol morph during axenic growth; cells small; low density,
042805_15,V11040,,REMI,None,,None,,,,None,,None,,Wild Type,,hinted_042805/rp042805_15_0100S.mov,hinted_042805_slug/rp042805p2_15.mov,rp042805_wavelet_jpeg/rp042805_15_w.jpg,conf,
042805_16,D1003_A06,,,Undeterminable,,Undeterminable,,,,,,Wild Type,,Wild Type,,hinted_042805/rp042805_16_0475S.mov,hinted_042805_slug/rp042805p2_16.mov,rp042805_wavelet_jpeg/rp042805_16_w.jpg,ab pol morph during axenic growth; low density,
042805_17,V10300,,REMI,Aberrant,amplitude,Wild Type,,,,Wild Type,,Aberrant,,Wild Type,,hinted_042805/rp042805_17_0125S.mov,hinted_042805_slug/rp042805p2_17.mov,rp042805_wavelet_jpeg/rp042805_17_w.jpg,long stalk-like trail and some sporehead,
042805_18,V35053,,REMI,Wild Type,,Wild Type,,,,Wild Type,,Wild Type,,Wild Type,,hinted_042805/rp042805_18_0075S.mov,hinted_042805_slug/rp042805p2_18.mov,rp042805_wavelet_jpeg/rp042805_18_w.jpg,medium density,
042805_19,D1003_B02,,,Wild Type,,Wild Type,,,,,,Wild Type,,Wild Type,,hinted_042805/rp042805_19_0001S.mov,hinted_042805_slug/rp042805p2_19.mov,rp042805_wavelet_jpeg/rp042805_19_w.jpg,,
042805_20,V31105,,REMI,Aberrant,,Wild Type,,,,Wild Type,,Aberrant,,Wild Type,,hinted_042805/rp042805_20_0025S.mov,hinted_042805_slug/rp042805p2_20.mov,rp042805_wavelet_jpeg/rp042805_20_w.jpg,conf; short curved (bent) stalk and many deposit on agar,
042805_21,V10369,,REMI,Aberrant,amplitude,Aberrant,,,,None,,None,,Wild Type,,hinted_042805/rp042805_21_0050S.mov,hinted_042805_slug/rp042805p2_21.mov,rp042805_wavelet_jpeg/rp042805_21_w.jpg,conf; developmental arrest at flat mound,
042805_22,V11037,,REMI,Wild Type,,Wild Type,,,,None,,None,,Wild Type,,hinted_042805/rp042805_22_0050S.mov,hinted_042805_slug/rp042805p2_22.mov,rp042805_wavelet_jpeg/rp042805_22_w.jpg,conf; developmental arrest at mound,
042805_23,V31151,,REMI,Wild Type,,Wild Type,,,,Wild Type,,Wild Type,,Wild Type,,hinted_042805/rp042805_23_0050S.mov,hinted_042805_slug/rp042805p2_23.mov,rp042805_wavelet_jpeg/rp042805_23_w.jpg,conf,
042805_24,V11053,,REMI,Wild Type,,Wild Type,,,,Wild Type,,Wild Type,,Wild Type,,hinted_042805/rp042805_24_0025S.mov,hinted_042805_slug/rp042805p2_24.mov,rp042805_wavelet_jpeg/rp042805_24_w.jpg,conf,
042805_25,V11047,,REMI,Undeterminable,,Wild Type,,,,Wild Type,,Wild Type,,Wild Type,,hinted_042805/rp042805_25_0100S.mov,hinted_042805_slug/rp042805p2_25.mov,rp042805_wavelet_jpeg/rp042805_25_w.jpg,ab pol morph during axenic growth; medium-low density,
042805_26,D1003_A08,,,Undeterminable,,Wild Type,,,,Wild Type,,Wild Type,,Wild Type,,hinted_042805/rp042805_26_0050S.mov,hinted_042805_slug/rp042805p2_26.mov,rp042805_wavelet_jpeg/rp042805_26_w.jpg,small,
042805_27,V10367,,REMI,Undeterminable,,Undeterminable,,,,Undeterminable,,Undeterminable,,Aberrant,,hinted_042805/rp042805_27_0475S.mov,hinted_042805_slug/rp042805p2_27.mov,rp042805_wavelet_jpeg/rp042805_27_w.jpg,cells uniformly small,
042805_28,V35054,,REMI,Wild Type,,Wild Type,,,,Wild Type,,Wild Type,,Wild Type,,hinted_042805/rp042805_28_0050S.mov,hinted_042805_slug/rp042805p2_28.mov,rp042805_wavelet_jpeg/rp042805_28_w.jpg,conf,
042805_29,V35050,,REMI,Wild Type,,Wild Type,,,,Wild Type,,Wild Type,,Wild Type,,hinted_042805/rp042805_29_0100S.mov,hinted_042805_slug/rp042805p2_29.mov,rp042805_wavelet_jpeg/rp042805_29_w.jpg,medium-high density,
050505_00,V10287,,REMI,Undeterminable,,Undeterminable,,,,Undeterminable,,Undeterminable,,Wild Type,,hinted_050505/rp050505_00_0250S.mov,hinted_050505_slug/rp050505p2_00.mov,rp050505_wavelet_jpeg/rp050505_00_w.jpg,conf; many trails on agar FB with thin stalk?,
050505_01,V10247,,REMI,Wild Type,early breakup,Wild Type,,,,None,,None,,Wild Type,,hinted_050505/rp050505_01_0001S.mov,hinted_050505_slug/rp050505p2_01.mov,rp050505_wavelet_jpeg/rp050505_01_w.jpg,conf; mostly dev arrest at mound some stalk-like struc,
050505_02,V30995,,REMI,Wild Type,,Wild Type,,,,Wild Type,,Wild Type,,Wild Type,,hinted_050505/rp050505_02_0075S.mov,hinted_050505_slug/rp050505p2_02.mov,rp050505_wavelet_jpeg/rp050505_02_w.jpg,severely conf,
050505_03,V10191,,REMI,Undeterminable,,Undeterminable,,,,Wild Type,,Aberrant,,Wild Type,,hinted_050505/rp050505_03_0001S.mov,hinted_050505_slug/rp050505p2_03.mov,rp050505_wavelet_jpeg/rp050505_03_w.jpg,conf; short stalk and markedly yellow spore head,
050505_04,V31025,,REMI,Wild Type,,Wild Type,,,,Wild Type,,Aberrant,,Wild Type,,hinted_050505/rp050505_04_0100S.mov,hinted_050505_slug/rp050505p2_04.mov,rp050505_wavelet_jpeg/rp050505_04_w.jpg,conf; slug shed it self off before culmination,
050505_05,V10273,blank,REMI,Undeterminable,,Undeterminable,,,,Undeterminable,,Undeterminable,,Wild Type,,,hinted_050505_slug/rp050505p2_05.mov,rp050505_wavelet_jpeg/rp050505_05_w.jpg,medium density,
050505_06,V31670,,REMI,Undeterminable,,Undeterminable,,,,Undeterminable,,Wild Type,,Wild Type,,hinted_050505/rp050505_06_0350S.mov,hinted_050505_slug/rp050505p2_06.mov,rp050505_wavelet_jpeg/rp050505_06_w.jpg,polarized cell morph during axenic growth; low density,
050505_07,V31286,,REMI,Wild Type,,Wild Type,,,,Wild Type,,Wild Type,,Wild Type,,hinted_050505/rp050505_07_0050S.mov,hinted_050505_slug/rp050505p2_07.mov,rp050505_wavelet_jpeg/rp050505_07_w.jpg,med-high density,
050505_08,V30995,,REMI,Wild Type,,Wild Type,,,,Wild Type,,Wild Type,,Wild Type,,hinted_050505/rp050505_08_0075S.mov,hinted_050505_slug/rp050505p2_08.mov,rp050505_wavelet_jpeg/rp050505_08_w.jpg,severely conf,
050505_09,V31925,,REMI,Undeterminable,,Undeterminable,,,,Wild Type,,Wild Type,,Wild Type,,hinted_050505/rp050505_09_0075S.mov,hinted_050505_slug/rp050505p2_09.mov,rp050505_wavelet_jpeg/rp050505_09_w.jpg,polarized cell morph during axenic growth; low density,
050505_10,V10275,,REMI,Undeterminable,,Undeterminable,,,,Undeterminable,,Undeterminable,,Wild Type,,hinted_050505/rp050505_10_0475S.mov,hinted_050505_slug/rp050505p2_10.mov,rp050505_wavelet_jpeg/rp050505_10_w.jpg,medium density,
050505_11,V10256,,REMI,Undeterminable,early breakup,Aberrant,,,,None,,Aberrant,,Wild Type,,hinted_050505/rp050505_11_0001S.mov,hinted_050505_slug/rp050505p2_11.mov,rp050505_wavelet_jpeg/rp050505_11_w.jpg,conf; FB with large glassy spore head and short stalk,
050505_12,RasG/pmtA-_1,KJM,,Undeterminable,,Undeterminable,,,,Undeterminable,,Undeterminable,,Wild Type,,hinted_050505/rp050505_12_0475S.mov,hinted_050505_slug/rp050505p2_12.mov,rp050505_wavelet_jpeg/rp050505_12_w.jpg,polarized cell morph during axenic growth; med-low density,
050505_13,V10171,,REMI,Aberrant,extended duration,Wild Type,,,,Wild Type,,Wild Type,,Wild Type,,hinted_050505/rp050505_13_0001S.mov,hinted_050505_slug/rp050505p2_13.mov,rp050505_wavelet_jpeg/rp050505_13_w.jpg,conf; strongly phototactic,
050505_14,V31026,,REMI,Undeterminable,,Wild Type,,,,Wild Type,,Wild Type,,Wild Type,,hinted_050505/rp050505_14_0050S.mov,hinted_050505_slug/rp050505p2_14.mov,rp050505_wavelet_jpeg/rp050505_14_w.jpg,,
050505_15,V35178,,REMI,Wild Type,,Wild Type,,,,None,,Aberrant,,Wild Type,,hinted_050505/rp050505_15_0075S.mov,hinted_050505_slug/rp050505p2_15.mov,rp050505_wavelet_jpeg/rp050505_15_w.jpg,conf; FB clustered with non-uniform size and proportion many spore fell down,
050505_16,V31807,blank,REMI,Undeterminable,,Undeterminable,,,,Undeterminable,,Undeterminable,,Aberrant,,,hinted_050505_slug/rp050505p2_16.mov,rp050505_wavelet_jpeg/rp050505_16_w.jpg,small cells poor growth; low density,
050505_17,V31503,,REMI,Wild Type,,Wild Type,,,,Wild Type,,Wild Type,,Wild Type,,hinted_050505/rp050505_17_0001S.mov,hinted_050505_slug/rp050505p2_17.mov,rp050505_wavelet_jpeg/rp050505_17_w.jpg,conf,
050505_18,D1003_B04,,REMI,Wild Type,large territory,Wild Type,,,,Aberrant,,Aberrant,,Wild Type,,hinted_050505/rp050505_18_0050S.mov,hinted_050505_slug/rp050505p2_18.mov,rp050505_wavelet_jpeg/rp050505_18_w.jpg,conf; dev arrest at mound stage some FB,
050505_19,V31928,,REMI,Undeterminable,,Wild Type,,,,Wild Type,,Wild Type,,Wild Type,,hinted_050505/rp050505_19_0100S.mov,hinted_050505_slug/rp050505p2_19.mov,rp050505_wavelet_jpeg/rp050505_19_w.jpg,polarized cell morph during axenic growth; low density,
050505_20,V10203,,REMI,Undeterminable,,Undeterminable,,,,Undeterminable,,Aberrant,,Wild Type,,hinted_050505/rp050505_20_0025S.mov,hinted_050505_slug/rp050505p2_20.mov,rp050505_wavelet_jpeg/rp050505_20_w.jpg,"ab morph during axenic growth; med-low density; zig-zag stalk-like struc ",
050505_21,V10272,,REMI,Aberrant,,None,,,,None,,None,,Wild Type,,hinted_050505/rp050505_21_0200S.mov,hinted_050505_slug/rp050505p2_21.mov,rp050505_wavelet_jpeg/rp050505_21_w.jpg,"some flat mound ",
050505_22,V10492,,REMI,Aberrant,freq; amplitude,Wild Type,,,,Wild Type,,Aberrant,,Wild Type,,hinted_050505/rp050505_22_0150S.mov,hinted_050505_slug/rp050505p2_22.mov,rp050505_wavelet_jpeg/rp050505_22_w.jpg,conf; non-uniform size fb some with short stalk,
050505_23,V31807,blank,REMI,Undeterminable,,Undeterminable,,,,Undeterminable,,Undeterminable,,Aberrant,,,hinted_050505_slug/rp050505p2_23.mov,rp050505_wavelet_jpeg/rp050505_23_w.jpg,small cells poor growth; low density,
050505_24,V31222,,REMI,Wild Type,,Wild Type,,,,Wild Type,,Wild Type,,Wild Type,,hinted_050505/rp050505_24_0100S.mov,hinted_050505_slug/rp050505p2_24.mov,rp050505_wavelet_jpeg/rp050505_24_w.jpg,cells appear flat during axenic growth,
050505_25,V35181,,REMI,Wild Type,,Wild Type,,,,None,,Aberrant,,Wild Type,,hinted_050505/rp050505_25_0125S.mov,hinted_050505_slug/rp050505p2_25.mov,rp050505_wavelet_jpeg/rp050505_25_w.jpg,many dev arrest at mound stage,
050505_26,V31923,,REMI,Undeterminable,,Wild Type,,,,,,Wild Type,,Wild Type,,hinted_050505/rp050505_26_0150S.mov,hinted_050505_slug/rp050505p2_26.mov,rp050505_wavelet_jpeg/rp050505_26_w.jpg,polarized cell morph during axenic growth; med-low density,
050505_27,V31649,,REMI,Wild Type,,Wild Type,,,,Wild Type,,Wild Type,,Wild Type,,hinted_050505/rp050505_27_0025S.mov,hinted_050505_slug/rp050505p2_27.mov,rp050505_wavelet_jpeg/rp050505_27_w.jpg,severely conf; strongly phototactic,
050505_28,D1003_B07,,REMI,Wild Type,,Wild Type,,,,,,Wild Type,,Wild Type,,hinted_050505/rp050505_28_0001S.mov,hinted_050505_slug/rp050505p2_28.mov,rp050505_wavelet_jpeg/rp050505_28_w.jpg,,
050505_29,V31929,blank,REMI,Undeterminable,,Undeterminable,,,,Undeterminable,,Undeterminable,,Aberrant,,,hinted_050505_slug/rp050505p2_29.mov,rp050505_wavelet_jpeg/rp050505_29_w.jpg,small cells poor growth; low density,
051205_00,V10143,,REMI,Wild Type,,Wild Type,,,,Wild Type,,Wild Type,,Wild Type,,hinted_051205/rp051205_00_0025S.mov,hinted_051205_slug/rp051205p2_00.mov,rp051205_wavelet_jpeg/rp051205_00_w.jpg,conf,
051205_01,V10118,,REMI,Wild Type,,Wild Type,,,,Wild Type,,Wild Type,,Wild Type,,hinted_051205/rp051205_01_0025S.mov,hinted_051205_slug/rp051205p2_01.mov,rp051205_wavelet_jpeg/rp051205_01_w.jpg,conf,
051205_02,V10156,,REMI,Wild Type,,Wild Type,,,,Wild Type,,Wild Type,,Wild Type,,hinted_051205/rp051205_02_0025S.mov,hinted_051205_slug/rp051205p2_02.mov,rp051205_wavelet_jpeg/rp051205_02_w.jpg,medium density,
051205_03,V10151,,REMI,Wild Type,,Wild Type,,,,Wild Type,,Wild Type,,Wild Type,,hinted_051205/rp051205_03_0025S.mov,hinted_051205_slug/rp051205p2_03.mov,rp051205_wavelet_jpeg/rp051205_03_w.jpg,conf,
051205_04,V10177,,REMI,Wild Type,,Wild Type,,,,Wild Type,,Wild Type,,Wild Type,,hinted_051205/rp051205_04_0025S.mov,hinted_051205_slug/rp051205p2_04.mov,rp051205_wavelet_jpeg/rp051205_04_w.jpg,,
051205_05,V10163,,REMI,Wild Type,,Wild Type,,,,Wild Type,,Wild Type,,Wild Type,,hinted_051205/rp051205_05_0050S.mov,hinted_051205_slug/rp051205p2_05.mov,rp051205_wavelet_jpeg/rp051205_05_w.jpg,,
051205_06,V10184,,REMI,Undeterminable,,Wild Type,,,,Wild Type,,Wild Type,,Wild Type,,hinted_051205/rp051205_06_0150S.mov,hinted_051205_slug/rp051205p2_06.mov,rp051205_wavelet_jpeg/rp051205_06_w.jpg,medium density,
051205_07,V10181,,REMI,Wild Type,,Wild Type,,,,Wild Type,,Wild Type,,Wild Type,,hinted_051205/rp051205_07_0025S.mov,hinted_051205_slug/rp051205p2_07.mov,rp051205_wavelet_jpeg/rp051205_07_w.jpg,conf,
051205_08,V10482,,REMI,Undeterminable,,Wild Type,,,,Wild Type,,Aberrant,,Wild Type,,hinted_051205/rp051205_08_0125S.mov,hinted_051205_slug/rp051205p2_08.mov,rp051205_wavelet_jpeg/rp051205_08_w.jpg,medium density; FB with short stalk,
051205_09,V10189,,REMI,Wild Type,,Wild Type,,,,Wild Type,,Wild Type,,Wild Type,,hinted_051205/rp051205_09_0050S.mov,hinted_051205_slug/rp051205p2_09.mov,rp051205_wavelet_jpeg/rp051205_09_w.jpg,conf,
051205_10,V10148,,REMI,Wild Type,,Wild Type,,,,Wild Type,,Wild Type,,Wild Type,,hinted_051205/rp051205_10_0050S.mov,hinted_051205_slug/rp051205p2_10.mov,rp051205_wavelet_jpeg/rp051205_10_w.jpg,conf,
051205_11,V10122,,REMI,Wild Type,,Wild Type,,,,Wild Type,,Wild Type,,Wild Type,,hinted_051205/rp051205_11_0025S.mov,hinted_051205_slug/rp051205p2_11.mov,rp051205_wavelet_jpeg/rp051205_11_w.jpg,conf,
051205_12,V10160,,REMI,Wild Type,,Wild Type,,,,Wild Type,,Wild Type,,Wild Type,,hinted_051205/rp051205_12_0025S.mov,hinted_051205_slug/rp051205p2_12.mov,rp051205_wavelet_jpeg/rp051205_12_w.jpg,,
051205_13,V10152,,REMI,Wild Type,,Wild Type,,,,Wild Type,,Wild Type,,Wild Type,,hinted_051205/rp051205_13_0025S.mov,hinted_051205_slug/rp051205p2_13.mov,rp051205_wavelet_jpeg/rp051205_13_w.jpg,,
051205_14,V10178,,REMI,Wild Type,,Wild Type,,,,Wild Type,,Wild Type,,Wild Type,,hinted_051205/rp051205_14_0025S.mov,hinted_051205_slug/rp051205p2_14.mov,rp051205_wavelet_jpeg/rp051205_14_w.jpg,conf,
051205_15,V10169,,REMI,Wild Type,,Wild Type,,,,Wild Type,,Wild Type,,Wild Type,,hinted_051205/rp051205_15_0025S.mov,hinted_051205_slug/rp051205p2_15.mov,rp051205_wavelet_jpeg/rp051205_15_w.jpg,conf,
051205_16,V10187,,REMI,Wild Type,,Wild Type,,,,Wild Type,,Wild Type,,Wild Type,,hinted_051205/rp051205_16_0050S.mov,hinted_051205_slug/rp051205p2_16.mov,rp051205_wavelet_jpeg/rp051205_16_w.jpg,conf,
051205_17,V10182,,REMI,Wild Type,,Wild Type,,,,Wild Type,,Wild Type,,Wild Type,,hinted_051205/rp051205_17_0050S.mov,hinted_051205_slug/rp051205p2_17.mov,rp051205_wavelet_jpeg/rp051205_17_w.jpg,conf,
051205_18,V10210,,REMI,None,,None,,,,None,,None,,Wild Type,,hinted_051205/rp051205_18_0100S.mov,hinted_051205_slug/rp051205p2_18.mov,rp051205_wavelet_jpeg/rp051205_18_w.jpg,med-high density,
051205_19,V10193,,REMI,Wild Type,,Wild Type,,,,Wild Type,,Wild Type,,Wild Type,,hinted_051205/rp051205_19_0050S.mov,hinted_051205_slug/rp051205p2_19.mov,rp051205_wavelet_jpeg/rp051205_19_w.jpg,,
051205_20,V10149,,REMI,Wild Type,,Wild Type,,,,Wild Type,,Wild Type,,Wild Type,,hinted_051205/rp051205_20_0075S.mov,hinted_051205_slug/rp051205p2_20.mov,rp051205_wavelet_jpeg/rp051205_20_w.jpg,conf,
051205_21,V10124,,REMI,Wild Type,,Wild Type,,,,Wild Type,,Wild Type,,Wild Type,,hinted_051205/rp051205_21_0050S.mov,hinted_051205_slug/rp051205p2_21.mov,rp051205_wavelet_jpeg/rp051205_21_w.jpg,conf,
051205_22,V10162,,REMI,Undeterminable,,Wild Type,,,,Undeterminable,,Wild Type,,Wild Type,,hinted_051205/rp051205_22_0075S.mov,hinted_051205_slug/rp051205p2_22.mov,rp051205_wavelet_jpeg/rp051205_22_w.jpg,ab morph during axenic growth; med-low  density,
051205_23,V10154,,REMI,Wild Type,,Wild Type,,,,Wild Type,,Wild Type,,Wild Type,,hinted_051205/rp051205_23_0025S.mov,hinted_051205_slug/rp051205p2_23.mov,rp051205_wavelet_jpeg/rp051205_23_w.jpg,conf,
051205_24,V10180,,REMI,Wild Type,,Wild Type,,,,Wild Type,,Wild Type,,Wild Type,,hinted_051205/rp051205_24_0050S.mov,hinted_051205_slug/rp051205p2_24.mov,rp051205_wavelet_jpeg/rp051205_24_w.jpg,conf,
051205_25,V10172,,REMI,Wild Type,,Wild Type,,,,Wild Type,,Wild Type,,Wild Type,,hinted_051205/rp051205_25_0025S.mov,hinted_051205_slug/rp051205p2_25.mov,rp051205_wavelet_jpeg/rp051205_25_w.jpg,conf,
051205_26,V10188,,REMI,Wild Type,,Wild Type,,,,Wild Type,,Wild Type,,Wild Type,,hinted_051205/rp051205_26_0050S.mov,hinted_051205_slug/rp051205p2_26.mov,rp051205_wavelet_jpeg/rp051205_26_w.jpg,,
051205_27,V10183,,REMI,Wild Type,,Wild Type,,,,Wild Type,,Wild Type,,Wild Type,,hinted_051205/rp051205_27_0025S.mov,hinted_051205_slug/rp051205p2_27.mov,rp051205_wavelet_jpeg/rp051205_27_w.jpg,conf,
051205_28,AX4 (#293),,,Wild Type,,Wild Type,,,,Wild Type,,Wild Type,,Wild Type,,hinted_051205/rp051205_28_0050S.mov,hinted_051205_slug/rp051205p2_28.mov,rp051205_wavelet_jpeg/rp051205_28_w.jpg,conf,
051205_29,V10210,,REMI,None,,None,,,,None,,None,,Wild Type,,hinted_051205/rp051205_29_0100S.mov,hinted_051205_slug/rp051205p2_29.mov,rp051205_wavelet_jpeg/rp051205_29_w.jpg,polarized morph during axenic growth; low density,
080205_00,HV10233_B4,piaA,HR,None,,None,,,,None,,None,,Aberrant,,hinted_080205/rp080205_00_0101S.mov,hinted_080205_slug/rp080205p3_00.mov,rp080205_wavelet_jpeg/rp080205_00_w.jpg,spiky cells during axenic growth,
080205_01,HV10285_C3,DG1105,HR,Aberrant,local pulses,None,,,,None,,None,,Wild Type,,hinted_080205/rp080205_01_0275S.mov,hinted_080205_slug/rp080205p3_01.mov,rp080205_wavelet_jpeg/rp080205_01_w.jpg,a few FB,
080205_02,HV10363_B6,mutSH,HR,Wild Type,,Wild Type,,,,Wild Type,,Wild Type,,Wild Type,,hinted_080205/rp080205_02_0001S.mov,hinted_080205_slug/rp080205p3_02.mov,rp080205_wavelet_jpeg/rp080205_02_w.jpg,,
080205_03,HV10535_C3,SAD kinase doma,HR,Wild Type,large territory,Wild Type,,,,Wild Type,,Wild Type,,Wild Type,,hinted_080205/rp080205_03_0050S.mov,hinted_080205_slug/rp080205p3_03.mov,rp080205_wavelet_jpeg/rp080205_03_w.jpg,,
080205_04,HV10271_1A,lvsB,HR,Wild Type,,Wild Type,,,,Wild Type,,Wild Type,,Wild Type,,hinted_080205/rp080205_04_0001S.mov,hinted_080205_slug/rp080205p3_04.mov,rp080205_wavelet_jpeg/rp080205_04_w.jpg,,
080205_05,HV10204_3B,DG1124,HR,Aberrant,turbulent,Wild Type,,,,Wild Type,,Aberrant,,Wild Type,,hinted_080205/rp080205_05_0001S.mov,hinted_080205_slug/rp080205p3_05.mov,rp080205_wavelet_jpeg/rp080205_05_w.jpg,many mound arrest,
080205_06,HV10431_1B,K+ channel,HR,Wild Type,large territory,Wild Type,,,,Wild Type,,Wild Type,,Wild Type,,hinted_080205/rp080205_06_0050S.mov,hinted_080205_slug/rp080205p3_06.mov,rp080205_wavelet_jpeg/rp080205_06_w.jpg,,
080205_07,HV10682_3A,ClC-6,HR,Aberrant,weak wave,None,,,,None,,None,,Wild Type,,hinted_080205/rp080205_07_0300S.mov,hinted_080205_slug/rp080205p3_07.mov,rp080205_wavelet_jpeg/rp080205_07_w.jpg,loose mound arrest,
080205_08,HV31281_1A,tenascin,HR,Wild Type,,Wild Type,,,,Wild Type,,Wild Type,,Wild Type,,hinted_080205/rp080205_08_0001S.mov,hinted_080205_slug/rp080205p3_08.mov,rp080205_wavelet_jpeg/rp080205_08_w.jpg,,
080205_09,HV31294_3B,Armadillo repea,HR,Wild Type,,Wild Type,,,,Wild Type,,Wild Type,,Wild Type,,hinted_080205/rp080205_09_0025S.mov,hinted_080205_slug/rp080205p3_09.mov,rp080205_wavelet_jpeg/rp080205_09_w.jpg,,
080205_10,HV10233_D4,piaA,HR,None,,None,,,,None,,None,,Aberrant,,hinted_080205/rp080205_10_0101S.mov,hinted_080205_slug/rp080205p3_10.mov,rp080205_wavelet_jpeg/rp080205_10_w.jpg,spiky cells during axenic growth,
080205_11,HV10285_A3,DG1105,HR,Aberrant,local pulses,None,,,,None,,None,,Wild Type,,hinted_080205/rp080205_11_0250S.mov,hinted_080205_slug/rp080205p3_11.mov,rp080205_wavelet_jpeg/rp080205_11_w.jpg,some multi-nuclear cells; some ab FB,
080205_12,HV10363_B6,mutSH,HR,Wild Type,,Wild Type,,,,Wild Type,,Wild Type,,Wild Type,,hinted_080205/rp080205_12_0025S.mov,hinted_080205_slug/rp080205p3_12.mov,rp080205_wavelet_jpeg/rp080205_12_w.jpg,,
080205_13,HV10537_A1,gbpC,HR,Aberrant,goes up to high freq,Aberrant,,,,Wild Type,,Wild Type,,Wild Type,,hinted_080205/rp080205_13_0001S.mov,hinted_080205_slug/rp080205p3_13.mov,rp080205_wavelet_jpeg/rp080205_13_w.jpg,FB size non-uniform,
080205_14,HV10271_7A,lvsB,HR,Wild Type,,Wild Type,,,,Wild Type,,Wild Type,,Wild Type,,hinted_080205/rp080205_14_0001S.mov,hinted_080205_slug/rp080205p3_14.mov,rp080205_wavelet_jpeg/rp080205_14_w.jpg,,
080205_15,HV10322_3A,roco5,HR,Wild Type,,Wild Type,,,,Wild Type,,Wild Type,,Wild Type,,hinted_080205/rp080205_15_0001S.mov,hinted_080205_slug/rp080205p3_15.mov,rp080205_wavelet_jpeg/rp080205_15_w.jpg,,
080205_16,HV10431_8D,K+ channel,HR,Wild Type,,Wild Type,,,,Wild Type,,Wild Type,,Wild Type,,hinted_080205/rp080205_16_0025S.mov,hinted_080205_slug/rp080205p3_16.mov,rp080205_wavelet_jpeg/rp080205_16_w.jpg,,
080205_17,HV31255_1A,DicA1 homolog,HR,Wild Type,,Wild Type,,,,Wild Type,,Wild Type,,Wild Type,,hinted_080205/rp080205_17_0025S.mov,hinted_080205_slug/rp080205p3_17.mov,rp080205_wavelet_jpeg/rp080205_17_w.jpg,,
080205_18,HV31281_3A,tenascin,HR,Wild Type,,Wild Type,,,,Wild Type,,Wild Type,,Wild Type,,hinted_080205/rp080205_18_0001S.mov,hinted_080205_slug/rp080205p3_18.mov,rp080205_wavelet_jpeg/rp080205_18_w.jpg,,
080205_19,HV31294_5A,Armadillo repea,HR,Wild Type,,Wild Type,,,,Wild Type,,Wild Type,,Wild Type,,hinted_080205/rp080205_19_0025S.mov,hinted_080205_slug/rp080205p3_19.mov,rp080205_wavelet_jpeg/rp080205_19_w.jpg,,
080205_20,HV10285_B1,DG1105,HR,Aberrant,local pulses,None,,,,None,,None,,Wild Type,,hinted_080205/rp080205_20_0450S.mov,hinted_080205_slug/rp080205p3_20.mov,rp080205_wavelet_jpeg/rp080205_20_w.jpg,,
080205_21,AX4 (#293),,,Wild Type,,Wild Type,,,,Wild Type,,Wild Type,,Wild Type,,hinted_080205/rp080205_21_0001S.mov,hinted_080205_slug/rp080205p3_21.mov,rp080205_wavelet_jpeg/rp080205_21_w.jpg,,
080205_22,HV10535_A2,SAD kinase doma,HR,Wild Type,minor amplitude,Wild Type,,,,Wild Type,,Wild Type,,Wild Type,,hinted_080205/rp080205_22_0050S.mov,hinted_080205_slug/rp080205p3_22.mov,rp080205_wavelet_jpeg/rp080205_22_w.jpg,,
080205_23,HV10537_C4,gbpC,HR,Aberrant,amplitude goes up to high freq,Aberrant,,,,Wild Type,,Wild Type,,Wild Type,,hinted_080205/rp080205_23_0025S.mov,hinted_080205_slug/rp080205p3_23.mov,rp080205_wavelet_jpeg/rp080205_23_w.jpg,FB size non-uniform,
080205_24,HV10204_1C,DG1124,HR,Aberrant,turbulent,Wild Type,,,,Wild Type,,Aberrant,,Wild Type,,hinted_080205/rp080205_24_0001S.mov,hinted_080205_slug/rp080205p3_24.mov,rp080205_wavelet_jpeg/rp080205_24_w.jpg,many mound arrest,
080205_25,HV10322_5A,roco5,HR,Wild Type,,Wild Type,,,,Wild Type,,Wild Type,,Wild Type,,hinted_080205/rp080205_25_0001S.mov,hinted_080205_slug/rp080205p3_25.mov,rp080205_wavelet_jpeg/rp080205_25_w.jpg,,
080205_26,HV10682_1A,ClC-6,HR,Aberrant,local pulses,None,,,,None,,None,,Wild Type,,hinted_080205/rp080205_26_0300S.mov,hinted_080205_slug/rp080205p3_26.mov,rp080205_wavelet_jpeg/rp080205_26_w.jpg,some loose mounds,
080205_27,HV31255_3A,DicA1 homolog,HR,Wild Type,large territory,Wild Type,,,,Wild Type,,Wild Type,,Wild Type,,hinted_080205/rp080205_27_0025S.mov,hinted_080205_slug/rp080205p3_27.mov,rp080205_wavelet_jpeg/rp080205_27_w.jpg,,
080205_28,AX4 (#293),,,Wild Type,,Wild Type,,,,Wild Type,,Wild Type,,Wild Type,,hinted_080205/rp080205_28_0025S.mov,hinted_080205_slug/rp080205p3_28.mov,rp080205_wavelet_jpeg/rp080205_28_w.jpg,,
080205_29,AX4 (#293),,,Wild Type,,Wild Type,,,,Wild Type,,Wild Type,,Wild Type,,hinted_080205/rp080205_29_0050S.mov,hinted_080205_slug/rp080205p3_29.mov,rp080205_wavelet_jpeg/rp080205_29_w.jpg,,
080505_00,HV10233_B4,piaA,HR,None,,None,,,,None,,None,,Aberrant,,hinted_080505/rp080505_00_0400S.mov,hinted_080505_slug/rp080505p2_00.mov,rp080505_wavelet_jpeg/rp080505_00_w.jpg,spiky cells during axenic growth;conf,
080505_01,HV10285_C3,DG1105,HR,Aberrant,local pulses,None,,,,None,,None,,Wild Type,,hinted_080505/rp080505_01_0450S.mov,hinted_080505_slug/rp080505p2_01.mov,rp080505_wavelet_jpeg/rp080505_01_w.jpg,a few FB,
080505_02,HV10363_B6,mutSH,HR,Wild Type,,Wild Type,,,,Wild Type,,Wild Type,,Wild Type,,hinted_080505/rp080505_02_0050S.mov,hinted_080505_slug/rp080505p2_02.mov,rp080505_wavelet_jpeg/rp080505_02_w.jpg,,
080505_03,HV10535_C3,SAD kinase doma,HR,Wild Type,,Wild Type,,,,Wild Type,,Wild Type,,Wild Type,,hinted_080505/rp080505_03_0025S.mov,hinted_080505_slug/rp080505p2_03.mov,rp080505_wavelet_jpeg/rp080505_03_w.jpg,severely conf,
080505_04,HV10271_1A,lvsB,HR,Wild Type,,Wild Type,,,,Wild Type,,Wild Type,,Wild Type,,hinted_080505/rp080505_04_0001S.mov,hinted_080505_slug/rp080505p2_04.mov,rp080505_wavelet_jpeg/rp080505_04_w.jpg,severely conf,
080505_05,HV10204_3B,DG1124,HR,Aberrant,turbulent,Wild Type,,,,Wild Type,,Aberrant,,Wild Type,,hinted_080505/rp080505_05_0001S.mov,hinted_080505_slug/rp080505p2_05.mov,rp080505_wavelet_jpeg/rp080505_05_w.jpg,many arrested at mound stage,
080505_06,HV10431_1B,K+ channel,HR,Wild Type,,Wild Type,,,,Wild Type,,Wild Type,,Wild Type,,hinted_080505/rp080505_06_0025S.mov,hinted_080505_slug/rp080505p2_06.mov,rp080505_wavelet_jpeg/rp080505_06_w.jpg,,
080505_07,HV10682_3A,ClC-6,HR,Aberrant,late; low frequency,Aberrant,,,,None,,None,,Wild Type,,hinted_080505/rp080505_07_0275S.mov,hinted_080505_slug/rp080505p2_07.mov,rp080505_wavelet_jpeg/rp080505_07_w.jpg,arrested at streaming to mound stage,
080505_08,HV31281_1A,tenascin,HR,Wild Type,,Wild Type,,,,Wild Type,,Wild Type,,Wild Type,,hinted_080505/rp080505_08_0025S.mov,hinted_080505_slug/rp080505p2_08.mov,rp080505_wavelet_jpeg/rp080505_08_w.jpg,,
080505_09,HV31294_3B,Armadillo repea,HR,Wild Type,,Wild Type,,,,Wild Type,,Wild Type,,Wild Type,,hinted_080505/rp080505_09_0025S.mov,hinted_080505_slug/rp080505p2_09.mov,rp080505_wavelet_jpeg/rp080505_09_w.jpg,some large cells during axenic growth; severely conf,
080505_10,HV10233_D4,piaA,HR,None,,None,,,,None,,None,,Aberrant,,hinted_080505/rp080505_10_0200S.mov,hinted_080505_slug/rp080505p2_10.mov,rp080505_wavelet_jpeg/rp080505_10_w.jpg,spiky cells during axenic growth; low density,
080505_11,HV10285_A3,DG1105,HR,Aberrant,local pulses,None,,,,None,,None,,Wild Type,,hinted_080505/rp080505_11_0450S.mov,hinted_080505_slug/rp080505p2_11.mov,rp080505_wavelet_jpeg/rp080505_11_w.jpg,some multi-nuclear cells; conf; some FB,
080505_12,HV10363_B6,mutSH,HR,Wild Type,,Wild Type,,,,Wild Type,,Wild Type,,Wild Type,,hinted_080505/rp080505_12_0025S.mov,hinted_080505_slug/rp080505p2_12.mov,rp080505_wavelet_jpeg/rp080505_12_w.jpg,conf,
080505_13,HV10537_A1,gbpC,HR,Aberrant,amplitude; early breakup,Aberrant,,,,Wild Type,,Wild Type,,Wild Type,,hinted_080505/rp080505_13_0001S.mov,hinted_080505_slug/rp080505p2_13.mov,rp080505_wavelet_jpeg/rp080505_13_w.jpg,FB size non-uniform,
080505_14,HV10271_7A,lvsB,HR,Wild Type,,Wild Type,,,,Wild Type,,Wild Type,,Wild Type,,hinted_080505/rp080505_14_0025S.mov,hinted_080505_slug/rp080505p2_14.mov,rp080505_wavelet_jpeg/rp080505_14_w.jpg,severely conf,
080505_15,HV10322_3A,roco5,HR,Aberrant,amplitude,Wild Type,,,,Wild Type,,Wild Type,,Aberrant,,hinted_080505/rp080505_15_0001S.mov,hinted_080505_slug/rp080505p2_15.mov,rp080505_wavelet_jpeg/rp080505_15_w.jpg,conf; flat cells,
080505_16,HV10431_8D,K+ channel,HR,Wild Type,,Wild Type,,,,Wild Type,,Wild Type,,Wild Type,,hinted_080505/rp080505_16_0001S.mov,hinted_080505_slug/rp080505p2_16.mov,rp080505_wavelet_jpeg/rp080505_16_w.jpg,,
080505_17,HV31255_1A,DicA1 homolog,HR,Wild Type,,Wild Type,,,,Wild Type,,Wild Type,,Wild Type,,hinted_080505/rp080505_17_0025S.mov,hinted_080505_slug/rp080505p2_17.mov,rp080505_wavelet_jpeg/rp080505_17_w.jpg,,
080505_18,HV31281_3A,tenascin,HR,Wild Type,,Wild Type,,,,Wild Type,,Wild Type,,Wild Type,,hinted_080505/rp080505_18_0025S.mov,hinted_080505_slug/rp080505p2_18.mov,rp080505_wavelet_jpeg/rp080505_18_w.jpg,,
080505_19,HV31294_5A,Armadillo repea,HR,Wild Type,,Wild Type,,,,Wild Type,,Wild Type,,Wild Type,,hinted_080505/rp080505_19_0025S.mov,hinted_080505_slug/rp080505p2_19.mov,rp080505_wavelet_jpeg/rp080505_19_w.jpg,severely conf,
080505_20,HV10285_B1,DG1105,HR,Aberrant,local pulses,None,,,,None,,None,,Wild Type,,hinted_080505/rp080505_20_0450S.mov,hinted_080505_slug/rp080505p2_20.mov,rp080505_wavelet_jpeg/rp080505_20_w.jpg,some FB,
080505_21,AX4 (#293),,,Wild Type,,Wild Type,,,,Wild Type,,Wild Type,,Wild Type,,hinted_080505/rp080505_21_0025S.mov,hinted_080505_slug/rp080505p2_21.mov,rp080505_wavelet_jpeg/rp080505_21_w.jpg,,
080505_22,HV10535_A2,SAD kinase doma,HR,Wild Type,,Wild Type,,,,Wild Type,,Wild Type,,Wild Type,,hinted_080505/rp080505_22_0050S.mov,hinted_080505_slug/rp080505p2_22.mov,rp080505_wavelet_jpeg/rp080505_22_w.jpg,,
080505_23,HV10537_C4,gbpC,HR,Aberrant,early breakup,Aberrant,,,,Aberrant,,Aberrant,,Wild Type,,hinted_080505/rp080505_23_0025S.mov,hinted_080505_slug/rp080505p2_23.mov,rp080505_wavelet_jpeg/rp080505_23_w.jpg,many arrested at mound stage,
080505_24,HV10204_1C,DG1124,HR,Aberrant,turbulent,Wild Type,,,,None,,None,,Wild Type,,hinted_080505/rp080505_24_0001S.mov,hinted_080505_slug/rp080505p2_24.mov,rp080505_wavelet_jpeg/rp080505_24_w.jpg,severely conf; arrested at mound stage some FB,
080505_25,HV10322_5A,roco5,HR,Aberrant,amplitude,Wild Type,,,,Wild Type,,Wild Type,,Aberrant,,hinted_080505/rp080505_25_0025S.mov,hinted_080505_slug/rp080505p2_25.mov,rp080505_wavelet_jpeg/rp080505_25_w.jpg,flat cells; med-low density,
080505_26,HV10682_1A,ClC-6,HR,Aberrant,low frequency,Aberrant,,,,None,,None,,Wild Type,,hinted_080505/rp080505_26_0250S.mov,hinted_080505_slug/rp080505p2_26.mov,rp080505_wavelet_jpeg/rp080505_26_w.jpg,arrested at streaming to mound stage,
080505_27,HV31255_3A,DicA1 homolog,HR,Wild Type,,Wild Type,,,,Wild Type,,Wild Type,,Wild Type,,hinted_080505/rp080505_27_0025S.mov,hinted_080505_slug/rp080505p2_27.mov,rp080505_wavelet_jpeg/rp080505_27_w.jpg,,
080505_28,AX4 (#293),,,Wild Type,,Wild Type,,,,Wild Type,,Wild Type,,Wild Type,,hinted_080505/rp080505_28_0025S.mov,hinted_080505_slug/rp080505p2_28.mov,rp080505_wavelet_jpeg/rp080505_28_w.jpg,,
080505_29,AX4 (#293),,,Wild Type,,Wild Type,,,,Wild Type,,Wild Type,,Wild Type,,hinted_080505/rp080505_29_0025S.mov,hinted_080505_slug/rp080505p2_29.mov,rp080505_wavelet_jpeg/rp080505_29_w.jpg,,
082605_00,HV10125_1B,PH domain,HR,Wild Type,,Wild Type,,,,Wild Type,,Wild Type,,Wild Type,,hinted_082605/rp082605_00_0001S.mov,hinted_082605_slug/rp082605p2_00.mov,rp082605_wavelet_jpeg/rp082605_00_w.jpg,,
082605_01,HV10125_1B,PH domain,HR,Wild Type,,Wild Type,,,,Wild Type,,Wild Type,,Wild Type,,hinted_082605/rp082605_01_0001S.mov,hinted_082605_slug/rp082605p2_01.mov,rp082605_wavelet_jpeg/rp082605_01_w.jpg,,
082605_02,HV10199_5B,DG1037,HR,Undeterminable,,Aberrant,,,,None,,None,,Wild Type,,hinted_082605/rp082605_02_0200S.mov,hinted_082605_slug/rp082605p2_02.mov,rp082605_wavelet_jpeg/rp082605_02_w.jpg,cells look flat (minor) during axenic growth,
082605_03,HV10199_5B,DG1037,HR,Aberrant,slow oscillations,Aberrant,,,,None,,Aberrant,,Wild Type,,hinted_082605/rp082605_03_0150S.mov,hinted_082605_slug/rp082605p2_03.mov,rp082605_wavelet_jpeg/rp082605_03_w.jpg,cells look flat (minor) during axenic growth; some ab FB with short stalk and zig-zag stalk like struc on agar,
082605_04,HV11128_1A,WD40 protien,HR,Aberrant,quick freq change,Wild Type,,,,Aberrant,,Wild Type,,Wild Type,,hinted_082605/rp082605_04_0050S.mov,hinted_082605_slug/rp082605p2_04.mov,rp082605_wavelet_jpeg/rp082605_04_w.jpg,no cells are left behind during aggregation; long slug,
082605_05,HV11128_1A,WD40 protien,HR,Undeterminable,,Wild Type,,,,Undeterminable,,Wild Type,,Wild Type,,hinted_082605/rp082605_05_0225S.mov,hinted_082605_slug/rp082605p2_05.mov,rp082605_wavelet_jpeg/rp082605_05_w.jpg,low density,
082605_06,HV10633_B4,GATA-binding,HR,Undeterminable,,Wild Type,,,,Undeterminable,,Aberrant,,Wild Type,,hinted_082605/rp082605_06_0250S.mov,hinted_082605_slug/rp082605p2_06.mov,rp082605_wavelet_jpeg/rp082605_06_w.jpg,low density; zig-zag stalk-like struc on agar,
082605_07,HV10633_B4,GATA-binding,HR,Wild Type,,Wild Type,,,,Aberrant,,Aberrant,,Wild Type,,hinted_082605/rp082605_07_0025S.mov,hinted_082605_slug/rp082605p2_07.mov,rp082605_wavelet_jpeg/rp082605_07_w.jpg,fat slugs; some culminated with small spore head,
082605_08,blank,,,,,,,,,,,,,Wild Type,,,,,,
082605_09,blank,,,,,,,,,,,,,Wild Type,,,,,,
082605_10,HV10125_3A,PH domain,HR,Wild Type,,Wild Type,,,,Wild Type,,Wild Type,,Wild Type,,hinted_082605/rp082605_10_0001S.mov,hinted_082605_slug/rp082605p2_10.mov,rp082605_wavelet_jpeg/rp082605_10_w.jpg,,
082605_11,HV10125_3A,PH domain,HR,Undeterminable,,Undeterminable,,,,Undeterminable,,Undeterminable,,Wild Type,,hinted_082605/rp082605_11_0001S.mov,hinted_082605_slug/rp082605p2_11.mov,rp082605_wavelet_jpeg/rp082605_11_w.jpg,wet gel surface degeled,
082605_12,HV10300_1A,SppA,HR,Wild Type,,Wild Type,,,,Wild Type,,Wild Type,,Wild Type,,hinted_082605/rp082605_12_0001S.mov,hinted_082605_slug/rp082605p2_12.mov,rp082605_wavelet_jpeg/rp082605_12_w.jpg,,
082605_13,HV10300_1A,SppA,HR,Undeterminable,,Wild Type,,,,Wild Type,,Wild Type,,Wild Type,,hinted_082605/rp082605_13_0001S.mov,hinted_082605_slug/rp082605p2_13.mov,rp082605_wavelet_jpeg/rp082605_13_w.jpg,,
082605_14,HV11128_3A,WD40 protien,HR,Aberrant,turbulent,Wild Type,,,,Aberrant,,Wild Type,,Wild Type,,hinted_082605/rp082605_14_0001S.mov,hinted_082605_slug/rp082605p2_14.mov,rp082605_wavelet_jpeg/rp082605_14_w.jpg,"no cells are left behind during aggregation;'some mound arrest; long slug",
082605_15,HV11128_3A,WD40 protien,HR,Aberrant,turbulent,Wild Type,,,,Aberrant,,Wild Type,,Wild Type,,hinted_082605/rp082605_15_0001S.mov,hinted_082605_slug/rp082605p2_15.mov,rp082605_wavelet_jpeg/rp082605_15_w.jpg,no cells are left behind during aggregation;;some mound arrest; long slug,
082605_16,AX4 (#293),,,Wild Type,,Wild Type,,,,Wild Type,,Wild Type,,Wild Type,,hinted_082605/rp082605_16_0001S.mov,hinted_082605_slug/rp082605p2_16.mov,rp082605_wavelet_jpeg/rp082605_16_w.jpg,,
082605_17,AX4 (#293),,,Wild Type,,Wild Type,,,,Wild Type,,Wild Type,,Wild Type,,hinted_082605/rp082605_17_0025S.mov,hinted_082605_slug/rp082605p2_17.mov,rp082605_wavelet_jpeg/rp082605_17_w.jpg,,
082605_18,blank,,,,,,,,,,,,,Wild Type,,,,,,
082605_19,blank,,,,,,,,,,,,,Wild Type,,,,,,
082605_20,HV10199_1A,DG1037,HR,Aberrant,slow oscillations,Aberrant,,,,None,,None,,Wild Type,,hinted_082605/rp082605_20_0150S.mov,hinted_082605_slug/rp082605p2_20.mov,rp082605_wavelet_jpeg/rp082605_20_w.jpg,cells look flat (minor) during axenic growth,
082605_21,HV10199_1A,DG1037,HR,Aberrant,slow oscillations,Aberrant,,,,None,,Aberrant,,Wild Type,,hinted_082605/rp082605_21_0225S.mov,hinted_082605_slug/rp082605p2_21.mov,rp082605_wavelet_jpeg/rp082605_21_w.jpg,cells look flat (minor) during axenic growth; some ab FB with short stalk and zig-zag stalk like struc on agar,
082605_22,HV10300_3C,SppA,HR,Wild Type,,Wild Type,,,,Wild Type,,Wild Type,,Wild Type,,hinted_082605/rp082605_22_0001S.mov,hinted_082605_slug/rp082605p2_22.mov,rp082605_wavelet_jpeg/rp082605_22_w.jpg,,
082605_23,HV10300_3C,SppA,HR,Wild Type,,Wild Type,,,,Wild Type,,Wild Type,,Wild Type,,hinted_082605/rp082605_23_0001S.mov,hinted_082605_slug/rp082605p2_23.mov,rp082605_wavelet_jpeg/rp082605_23_w.jpg,,
082605_24,HV10633_A4,GATA-binding,HR,Undeterminable,,Undeterminable,,,,Undeterminable,,Aberrant,,Wild Type,,hinted_082605/rp082605_24_0475S.mov,hinted_082605_slug/rp082605p2_24.mov,rp082605_wavelet_jpeg/rp082605_24_w.jpg,low density; zig-zag stalk-like struc on agar,
082605_25,HV10633_A4,GATA-binding,HR,Wild Type,,Wild Type,,,,Aberrant,,Aberrant,,Wild Type,,hinted_082605/rp082605_25_0001S.mov,hinted_082605_slug/rp082605p2_25.mov,rp082605_wavelet_jpeg/rp082605_25_w.jpg,fat slugs; some culminated with small spore head,
082605_26,blank,,,,,,,,,,,,,Wild Type,,,,,,
082605_27,HM538,,,Undeterminable,,Undeterminable,,,,Undeterminable,,Wild Type,,Aberrant,,hinted_082605/rp082605_27_0175S.mov,hinted_082605_slug/rp082605p2_27.mov,rp082605_wavelet_jpeg/rp082605_27_w.jpg,many cells look severely flat during axenic growth cytokinesis defect?,
082605_28,blank,,,,,,,,,,,,,Wild Type,,,,,,
082605_29,blank,,,,,,,,,,,,,Wild Type,,,,,,
091205_00,HV10199_5B,,HR,Undeterminable,,Undeterminable,,,,Undeterminable,,None,,Wild Type,,hinted_091205/rp091205_00_0300S.mov,hinted_091205_slug/rp091205p2_00.mov,rp091205_wavelet_jpeg/rp091205_00_w.jpg,flat cells  and some contamination,
091205_01,HV10125_1B,,HR,Wild Type,,Wild Type,,,,Wild Type,,Wild Type,,Wild Type,,hinted_091205/rp091205_01_0075S.mov,hinted_091205_slug/rp091205p2_01.mov,rp091205_wavelet_jpeg/rp091205_01_w.jpg,,
091205_02,HV10633_B4,,HR,Undeterminable,,Wild Type,,,,Aberrant,,Aberrant,,Wild Type,,hinted_091205/rp091205_02_0125S.mov,hinted_091205_slug/rp091205p2_02.mov,rp091205_wavelet_jpeg/rp091205_02_w.jpg,aberrant cell morph; med-low density; zig-zag salk-like struc on agar; some shalt-stalk FB,
091205_03,HV11128_1A,,HR,Wild Type,,Wild Type,,,,Aberrant,,Aberrant,,Wild Type,,hinted_091205/rp091205_03_0075S.mov,hinted_091205_slug/rp091205p2_03.mov,rp091205_wavelet_jpeg/rp091205_03_w.jpg,large spore head,
091205_04,UK7 (Kessin),,HR,None,,None,,,,None,,None,,Wild Type,,hinted_091205/rp091205_04_0475S.mov,hinted_091205_slug/rp091205p2_04.mov,rp091205_wavelet_jpeg/rp091205_04_w.jpg,some tiny stalk-like struc,
091205_05,AX2 (Tsukuba),,,Undeterminable,,Aberrant,,,,None,,Wild Type,,Wild Type,,hinted_091205/rp091205_05_0001S.mov,hinted_091205_slug/rp091205p2_05.mov,rp091205_wavelet_jpeg/rp091205_05_w.jpg,some mound arrest,
091205_06,LW1,,,Wild Type,,Wild Type,,,,Wild Type,,Aberrant,,Wild Type,,hinted_091205/rp091205_06_0025S.mov,hinted_091205_slug/rp091205p2_06.mov,rp091205_wavelet_jpeg/rp091205_06_w.jpg,medium-high density; slug shed it self off only a few FB,
091205_07,pten-,,,None,,None,,,,Wild Type,,None,,Wild Type,,hinted_091205/rp091205_07_0300S.mov,hinted_091205_slug/rp091205p2_07.mov,rp091205_wavelet_jpeg/rp091205_07_w.jpg,highly polarized cell morph; medium-low density,
091205_08,JS93,,HR,Wild Type,,Wild Type,,,,Aberrant,,Aberrant,,Wild Type,,hinted_091205/rp091205_08_0100S.mov,hinted_091205_slug/rp091205p2_08.mov,rp091205_wavelet_jpeg/rp091205_08_w.jpg,multiple stalk like structure,
091205_09,JS55,,HR,Undeterminable,,Undeterminable,,,,None,,None,,Aberrant,,hinted_091205/rp091205_09_0475S.mov,hinted_091205_slug/rp091205p2_09.mov,rp091205_wavelet_jpeg/rp091205_09_w.jpg,flat cells; low density; some tiny stalk-like struc,
091205_10,HV10300_1A,,HR,Undeterminable,contamination,Undeterminable,,,,Undeterminable,,Wild Type,,Wild Type,,hinted_091205/rp091205_10_0100S.mov,hinted_091205_slug/rp091205p2_10.mov,rp091205_wavelet_jpeg/rp091205_10_w.jpg,,
091205_11,HV10125_3A,,HR,Undeterminable,,Undeterminable,,,,Wild Type,,Wild Type,,Wild Type,,hinted_091205/rp091205_11_0150S.mov,hinted_091205_slug/rp091205p2_11.mov,rp091205_wavelet_jpeg/rp091205_11_w.jpg,some polarized cells; med-low density,
091205_12,AX2 (Germany),,,Undeterminable,,Undeterminable,,,,Wild Type,,Wild Type,,Aberrant,,hinted_091205/rp091205_12_0001S.mov,hinted_091205_slug/rp091205p2_12.mov,rp091205_wavelet_jpeg/rp091205_12_w.jpg,flat cells; med-low density; small FB,
091205_13,HV11128_3A,,HR,Undeterminable,,Undeterminable,,,,Wild Type,,Wild Type,,Aberrant,,hinted_091205/rp091205_13_0150S.mov,hinted_091205_slug/rp091205p2_13.mov,rp091205_wavelet_jpeg/rp091205_13_w.jpg,aberrant cell morph; low density; small FB,
091205_14,HM538,,,Aberrant,large territory,Wild Type,,,,Wild Type,,Wild Type,,Aberrant,,hinted_091205/rp091205_14_0225S.mov,hinted_091205_slug/rp091205p2_14.mov,rp091205_wavelet_jpeg/rp091205_14_w.jpg,aberrant flat cell morph;,
091205_15,car3- (Kimmel),,,Wild Type,,Wild Type,,,,Wild Type,,Aberrant,,Wild Type,,hinted_091205/rp091205_15_0025S.mov,hinted_091205_slug/rp091205p2_15.mov,rp091205_wavelet_jpeg/rp091205_15_w.jpg,cells are uniformly large during axenic growth; large spore head; glassy spore,
091205_16,LW3,,,Aberrant,amplitude,Wild Type,,,,Wild Type,,Aberrant,,Wild Type,,hinted_091205/rp091205_16_0025S.mov,hinted_091205_slug/rp091205p2_16.mov,rp091205_wavelet_jpeg/rp091205_16_w.jpg,conf; slug shed it self off only a few FB,
091205_17,egeA-,,HR,Undeterminable,,Aberrant,,,,None,,None,,Wild Type,,hinted_091205/rp091205_17_0100S.mov,hinted_091205_slug/rp091205p2_17.mov,rp091205_wavelet_jpeg/rp091205_17_w.jpg,highly polarized cell morph; low density; mound arrest,
091205_18,smlA-,,HR,Aberrant,low amplitude,Wild Type,,,,Aberrant,,Aberrant,,Aberrant,,hinted_091205/rp091205_18_0125S.mov,hinted_091205_slug/rp091205p2_18.mov,rp091205_wavelet_jpeg/rp091205_18_w.jpg,cells are uniformly large during axenic growth; some appear multinuclear; stalk-like struc on agar,
091205_19,JS56,,HR,Undeterminable,,Undeterminable,,,,None,,None,,Aberrant,,hinted_091205/rp091205_19_0250S.mov,hinted_091205_slug/rp091205p2_19.mov,rp091205_wavelet_jpeg/rp091205_19_w.jpg,flat cells; low density; some mound-like,
091205_20,HV10300_3C,,HR,Undeterminable,,Wild Type,,,,Wild Type,,Wild Type,,Wild Type,,hinted_091205/rp091205_20_0125S.mov,hinted_091205_slug/rp091205p2_20.mov,rp091205_wavelet_jpeg/rp091205_20_w.jpg,medium density,
091205_21,HV10199_1A,,HR,Aberrant,,None,,,,None,,None,,Wild Type,,hinted_091205/rp091205_21_0150S.mov,hinted_091205_slug/rp091205p2_21.mov,rp091205_wavelet_jpeg/rp091205_21_w.jpg,some large cells,
091205_22,AX4 (#293),,,Wild Type,,Wild Type,,,,Wild Type,,Wild Type,,Wild Type,,hinted_091205/rp091205_22_0050S.mov,hinted_091205_slug/rp091205p2_22.mov,rp091205_wavelet_jpeg/rp091205_22_w.jpg,,
091205_23,HV10633_A4,,HR,Undeterminable,,Undeterminable,,,,Undeterminable,,Aberrant,,Wild Type,,hinted_091205/rp091205_23_0325S.mov,hinted_091205_slug/rp091205p2_23.mov,rp091205_wavelet_jpeg/rp091205_23_w.jpg,polarized cells; low density; almost no FB; stalk-like struc on agar,
091205_24,BW4,,,None,,None,,,,None,,None,,Wild Type,,hinted_091205/rp091205_24_0300S.mov,hinted_091205_slug/rp091205p2_24.mov,rp091205_wavelet_jpeg/rp091205_24_w.jpg,cell are uniformly small,
091205_25,RI9 (Devreotes),,,None,,None,,,,None,,None,,Wild Type,,hinted_091205/rp091205_25_0300S.mov,hinted_091205_slug/rp091205p2_25.mov,rp091205_wavelet_jpeg/rp091205_25_w.jpg,minor polarized; medium density,
091205_26,JB4,,,None,,None,,,,None,,None,,Wild Type,,hinted_091205/rp091205_26_0300S.mov,hinted_091205_slug/rp091205p2_26.mov,rp091205_wavelet_jpeg/rp091205_26_w.jpg,some polarized cells,
091205_27,AX3 (Devreotes),,,Wild Type,,Wild Type,,,,Wild Type,,Wild Type,,Wild Type,,hinted_091205/rp091205_27_0001S.mov,hinted_091205_slug/rp091205p2_27.mov,rp091205_wavelet_jpeg/rp091205_27_w.jpg,,
091205_28,AX3 (#777),,,Wild Type,,Wild Type,,,,Wild Type,,Wild Type,,Wild Type,,hinted_091205/rp091205_28_0001S.mov,hinted_091205_slug/rp091205p2_28.mov,rp091205_wavelet_jpeg/rp091205_28_w.jpg,,
091205_29,JS57,,HR,Undeterminable,,Undeterminable,,,,Undeterminable,,Undeterminable,,Wild Type,,hinted_091205/rp091205_29_0475S.mov,hinted_091205_slug/rp091205p2_29.mov,rp091205_wavelet_jpeg/rp091205_29_w.jpg,low density,
091605_00,HV10155_1A,,HR,Wild Type,,Wild Type,,,,Wild Type,,Wild Type,,Wild Type,,hinted_091605/rp091605_00_0050S.mov,hinted_091605_slug/rp091605p2_00.mov,rp091605_wavelet_jpeg/rp091605_00_w.jpg,severe conf,
091605_01,HV10198_3C,,HR,Wild Type,,Wild Type,,,,Aberrant,,Aberrant,,Wild Type,,hinted_091605/rp091605_01_0050S.mov,hinted_091605_slug/rp091605p2_01.mov,rp091605_wavelet_jpeg/rp091605_01_w.jpg,conf; slugs leave long trail behind; FB with short stalk,
091605_02,HV30532_2C,,HR,Undeterminable,,Undeterminable,,,,Undeterminable,,Undeterminable,,Wild Type,,,hinted_091605_slug/rp091605p2_02.mov,rp091605_wavelet_jpeg/rp091605_02_w.jpg,poor cell attachment to agar,
091605_03,HV31121_7C,,HR,Wild Type,,Wild Type,,,,Aberrant,,Wild Type,,Wild Type,,hinted_091605/rp091605_03_0025S.mov,hinted_091605_slug/rp091605p2_03.mov,rp091605_wavelet_jpeg/rp091605_03_w.jpg,some arrested as slug round up,
091605_04,AX2 (Tsukuba),,,Undeterminable,,Undeterminable,,,,Undeterminable,,Wild Type,,Wild Type,,hinted_091605/rp091605_04_0250S.mov,hinted_091605_slug/rp091605p2_04.mov,rp091605_wavelet_jpeg/rp091605_04_w.jpg,polarized; med-low density; small FB,
091605_05,UK7 (Kessin),,HR,Aberrant,,Aberrant,,,,Aberrant,,Aberrant,,Wild Type,,hinted_091605/rp091605_05_0450S.mov,hinted_091605_slug/rp091605p2_05.mov,rp091605_wavelet_jpeg/rp091605_05_w.jpg,stalk-like struc on agar,
091605_06,pten-,,,None,,None,,,,None,,None,,Wild Type,,hinted_091605/rp091605_06_0200S.mov,hinted_091605_slug/rp091605p2_06.mov,rp091605_wavelet_jpeg/rp091605_06_w.jpg,polarized;  low density; bacteria left,
091605_07,LW1,,,Wild Type,,Wild Type,,,,Wild Type,,Aberrant,,Wild Type,,hinted_091605/rp091605_07_0001S.mov,hinted_091605_slug/rp091605p2_07.mov,rp091605_wavelet_jpeg/rp091605_07_w.jpg,some large cells; slug almost completely shed it self off,
091605_08,JS55,,HR,Undeterminable,,Undeterminable,,,,Undeterminable,,Aberrant,,Wild Type,,hinted_091605/rp091605_08_0450S.mov,hinted_091605_slug/rp091605p2_08.mov,rp091605_wavelet_jpeg/rp091605_08_w.jpg,low density; arrested in mound stage; a stalk or tip like struc on top,
091605_09,JS93,,HR,Aberrant,late; large territory,Aberrant,,,,None,,Aberrant,,Wild Type,,hinted_091605/rp091605_09_0450S.mov,hinted_091605_slug/rp091605p2_09.mov,rp091605_wavelet_jpeg/rp091605_09_w.jpg,medium density; many small FB from mound and streams,
091605_10,HV10155_3B,,HR,Wild Type,,Wild Type,,,,Wild Type,,Wild Type,,Wild Type,,hinted_091605/rp091605_10_0050S.mov,hinted_091605_slug/rp091605p2_10.mov,rp091605_wavelet_jpeg/rp091605_10_w.jpg,conf; fungi contamination,
091605_11,HV30524_5C,,HR,Wild Type,,Wild Type,,,,Aberrant,,Aberrant,,Wild Type,,hinted_091605/rp091605_11_0050S.mov,hinted_091605_slug/rp091605p2_11.mov,rp091605_wavelet_jpeg/rp091605_11_w.jpg,conf; arrested at slug-stage but almost no migration,
091605_12,HV30532_3C,,HR,Undeterminable,,Undeterminable,,,,Undeterminable,,Undeterminable,,Wild Type,,,hinted_091605_slug/rp091605p2_12.mov,rp091605_wavelet_jpeg/rp091605_12_w.jpg,conf; poor cell attachment to agar,
091605_13,AX2 (Germany),,,Undeterminable,,Undeterminable,,,,Undeterminable,,Wild Type,,Aberrant,,hinted_091605/rp091605_13_0050S.mov,hinted_091605_slug/rp091605p2_13.mov,rp091605_wavelet_jpeg/rp091605_13_w.jpg,flat cell morph; low density; small FB,
091605_14,car3- (Kimmel),,,Wild Type,,Wild Type,,,,Wild Type,,Aberrant,,Aberrant,,hinted_091605/rp091605_14_0025S.mov,hinted_091605_slug/rp091605p2_14.mov,rp091605_wavelet_jpeg/rp091605_14_w.jpg,uniformly large cells; large sporehead and glassy,
091605_15,HM538,,,Undeterminable,,Undeterminable,,,,Undeterminable,,Undeterminable,,Aberrant,,hinted_091605/rp091605_15_0200S.mov,hinted_091605_slug/rp091605p2_15.mov,rp091605_wavelet_jpeg/rp091605_15_w.jpg,flat cell morph; med-low density; cytokinesis defect?;  some small FB,
091605_16,egeA-,,,Aberrant,,Aberrant,,,,None,,Undeterminable,,Wild Type,,hinted_091605/rp091605_16_0450S.mov,hinted_091605_slug/rp091605p2_16.mov,rp091605_wavelet_jpeg/rp091605_16_w.jpg,polarized;  low density; some mound,
091605_17,LW3,,HR,Wild Type,,Wild Type,,,,Wild Type,,Aberrant,,Wild Type,,hinted_091605/rp091605_17_0001S.mov,hinted_091605_slug/rp091605p2_17.mov,rp091605_wavelet_jpeg/rp091605_17_w.jpg,some multi-nucleated cells; some mound; some FB; messy,
091605_18,JS56,,HR,Aberrant,late; large territory,Aberrant,,,,None,,None,,Aberrant,,hinted_091605/rp091605_18_0100S.mov,hinted_091605_slug/rp091605p2_18.mov,rp091605_wavelet_jpeg/rp091605_18_w.jpg,flat deformed cells; medium density; arrested at mound,
091605_19,smlA-,,,Aberrant,amplitude,Wild Type,,,,Aberrant,,Aberrant,,Aberrant,,hinted_091605/rp091605_19_0125S.mov,hinted_091605_slug/rp091605p2_19.mov,rp091605_wavelet_jpeg/rp091605_19_w.jpg,uniformly large cells; stalk-like struc on agar,
091605_20,HV10198_1A,,HR,Wild Type,,Wild Type,,,,Aberrant,,Aberrant,,Wild Type,,hinted_091605/rp091605_20_0025S.mov,hinted_091605_slug/rp091605p2_20.mov,rp091605_wavelet_jpeg/rp091605_20_w.jpg,severe conf; slugs leave long trail behind; FB with short stalk,
091605_21,HV30524_9D,,HR,Wild Type,,Wild Type,,,,Aberrant,,Aberrant,,Wild Type,,hinted_091605/rp091605_21_0075S.mov,hinted_091605_slug/rp091605p2_21.mov,rp091605_wavelet_jpeg/rp091605_21_w.jpg,arrested at slug-stage but almost no migration,
091605_22,HV31121_6D,,HR,Wild Type,,Wild Type,,,,Aberrant,,Wild Type,,Wild Type,,hinted_091605/rp091605_22_0025S.mov,hinted_091605_slug/rp091605p2_22.mov,rp091605_wavelet_jpeg/rp091605_22_w.jpg,conf; some slugs round up,
091605_23,AX4 (#293),,,Undeterminable,,Undeterminable,,,,Undeterminable,,Wild Type,,Wild Type,,hinted_091605/rp091605_23_0025S.mov,hinted_091605_slug/rp091605p2_23.mov,rp091605_wavelet_jpeg/rp091605_23_w.jpg,medium-low density,
091605_24,RI9 (Devreotes),,,None,,None,,,,None,,None,,Wild Type,,hinted_091605/rp091605_24_0450S.mov,hinted_091605_slug/rp091605p2_24.mov,rp091605_wavelet_jpeg/rp091605_24_w.jpg,uniformly small cells,
091605_25,BW4,,,None,,None,,,,None,,None,,Wild Type,,hinted_091605/rp091605_25_0200S.mov,hinted_091605_slug/rp091605p2_25.mov,rp091605_wavelet_jpeg/rp091605_25_w.jpg,,
091605_26,AX3 (Devreotes),,,Undeterminable,,Undeterminable,,,,Undeterminable,,Undeterminable,,Wild Type,,hinted_091605/rp091605_26_0450S.mov,hinted_091605_slug/rp091605p2_26.mov,rp091605_wavelet_jpeg/rp091605_26_w.jpg,polarized;  low density,
091605_27,JB4,,,None,,None,,,,None,,None,,Wild Type,,hinted_091605/rp091605_27_0200S.mov,hinted_091605_slug/rp091605p2_27.mov,rp091605_wavelet_jpeg/rp091605_27_w.jpg,medium-high density,
091605_28,JS57,,HR,Undeterminable,,Undeterminable,,,,Undeterminable,,None,,Wild Type,,hinted_091605/rp091605_28_0400S.mov,hinted_091605_slug/rp091605p2_28.mov,rp091605_wavelet_jpeg/rp091605_28_w.jpg,low density,
091605_29,AX3 #777,,,Undeterminable,,Undeterminable,,,,Undeterminable,,Wild Type,,Wild Type,,hinted_091605/rp091605_29_0300S.mov,hinted_091605_slug/rp091605p2_29.mov,rp091605_wavelet_jpeg/rp091605_29_w.jpg,polarized;  low density; small FB,
092305_00,HV10155_1A,,HR,Wild Type,,Wild Type,,,,Wild Type,,Wild Type,,Wild Type,,hinted_092305/rp092305_00_0050S.mov,hinted_092305_slug/rp092305p2_00.mov,rp092305_wavelet_jpeg/rp092305_00_w.jpg,,
092305_01,HV10198_3C,,HR,Wild Type,,Wild Type,,,,Aberrant,,Wild Type,,Wild Type,,hinted_092305/rp092305_01_0050S.mov,hinted_092305_slug/rp092305p2_01.mov,rp092305_wavelet_jpeg/rp092305_01_w.jpg,slugs with long tail,
092305_02,HV30532_2C,,HR,Aberrant,,Undeterminable,,,,None,,None,,Wild Type,,hinted_092305/rp092305_02_0350S.mov,hinted_092305_slug/rp092305p2_02.mov,rp092305_wavelet_jpeg/rp092305_02_w.jpg,flat mound-like terminal struc,
092305_03,HV31121_7C,,HR,Wild Type,,Wild Type,,,,Wild Type,,Wild Type,,Wild Type,,hinted_092305/rp092305_03_0025S.mov,hinted_092305_slug/rp092305p2_03.mov,rp092305_wavelet_jpeg/rp092305_03_w.jpg,some slugs round up and arrested,
092305_04,smlA-,,,Aberrant,late; low amplitude,Wild Type,,,,,,None,,Aberrant,,hinted_092305/rp092305_04_0125S.mov,hinted_092305_slug/rp092305p2_04.mov,rp092305_wavelet_jpeg/rp092305_04_w.jpg,cells are uniformly large; some multi-nuclei cells; tails are left behind from slugs,
092305_05,RI9,,,None,,None,,,,None,,None,,Wild Type,,hinted_092305/rp092305_05_0200S.mov,hinted_092305_slug/rp092305p2_05.mov,rp092305_wavelet_jpeg/rp092305_05_w.jpg,medium density; cells look uniformly small,
092305_06,JS55,,HR,Aberrant,large territory,Wild Type,,,,None,,Aberrant,,Aberrant,,hinted_092305/rp092305_06_0200S.mov,hinted_092305_slug/rp092305p2_06.mov,rp092305_wavelet_jpeg/rp092305_06_w.jpg,non-uniform in shape; some flat and some round cells; poor growth; 2 wells combined; stream breakup; small aberrant FB,
092305_07,JS93,,HR,Aberrant,large territory,Wild Type,,,,None,,None,,Aberrant,,hinted_092305/rp092305_07_0250S.mov,hinted_092305_slug/rp092305p2_07.mov,rp092305_wavelet_jpeg/rp092305_07_w.jpg,uniformly large; poor growth; cell morph non-uniform; 2 wells combined; arrested after stream breakup,
092305_08,AX4 (#293),,,Wild Type,,Wild Type,,,,Wild Type,,Wild Type,,Wild Type,,hinted_092305/rp092305_08_0025S.mov,hinted_092305_slug/rp092305p2_08.mov,rp092305_wavelet_jpeg/rp092305_08_w.jpg,,
092305_09,blank,,,,,,,,,,,,,Wild Type,,,,,,
092305_10,HV10155_3B,,HR,Wild Type,,Wild Type,,,,Wild Type,,Wild Type,,Wild Type,,hinted_092305/rp092305_10_0050S.mov,hinted_092305_slug/rp092305p2_10.mov,rp092305_wavelet_jpeg/rp092305_10_w.jpg,,
092305_11,HV30524_5C,,HR,Wild Type,,Wild Type,,,,Aberrant,,Aberrant,,Wild Type,,hinted_092305/rp092305_11_0050S.mov,hinted_092305_slug/rp092305p2_11.mov,rp092305_wavelet_jpeg/rp092305_11_w.jpg,stalk-like struc,
092305_12,HV30532_3C,,HR,Aberrant,,Undeterminable,,,,None,,None,,Wild Type,,hinted_092305/rp092305_12_0450S.mov,hinted_092305_slug/rp092305p2_12.mov,rp092305_wavelet_jpeg/rp092305_12_w.jpg,flat mound-like terminal struc,
092305_13,AX2 (Germany),,,Undeterminable,,Undeterminable,,,,Undeterminable,,Wild Type,,Aberrant,,hinted_092305/rp092305_13_0001S.mov,hinted_092305_slug/rp092305p2_13.mov,rp092305_wavelet_jpeg/rp092305_13_w.jpg,flat cells; med-low; small FB,
092305_14,UK7 (Kessin),,HR,Aberrant,,Aberrant,,,,Aberrant,,None,,Wild Type,,hinted_092305/rp092305_14_0499S.mov,hinted_092305_slug/rp092305p2_14.mov,rp092305_wavelet_jpeg/rp092305_14_w.jpg,some stalk-like struc,
092305_15,egeA-,,,Aberrant,,Aberrant,,,,None,,None,,Wild Type,,hinted_092305/rp092305_15_0350S.mov,hinted_092305_slug/rp092305p2_15.mov,rp092305_wavelet_jpeg/rp092305_15_w.jpg,highly polarized; low density; cell acretion forming mound,
092305_16,JS56,,HR,Aberrant,amplitude,Aberrant,,,,None,,None,,Wild Type,,hinted_092305/rp092305_16_0025S.mov,hinted_092305_slug/rp092305p2_16.mov,rp092305_wavelet_jpeg/rp092305_16_w.jpg,small ab cell morph; clumoy; 2-wells combined; arrested at mound stage,
092305_17,aca-,,HR,None,,None,,,,None,,None,,Wild Type,,hinted_092305/rp092305_17_0300S.mov,hinted_092305_slug/rp092305p2_17.mov,rp092305_wavelet_jpeg/rp092305_17_w.jpg,,
092305_18,blank,,,,,,,,,,,,,Wild Type,,,,,,
092305_19,blank,,,,,,,,,,,,,Wild Type,,,,,,
092305_20,HV10198_1A,,HR,Wild Type,,Wild Type,,,,Aberrant,,Wild Type,,Wild Type,,hinted_092305/rp092305_20_0050S.mov,hinted_092305_slug/rp092305p2_20.mov,rp092305_wavelet_jpeg/rp092305_20_w.jpg,slugs with long tail,
092305_21,HV30524_9D,,HR,Wild Type,,Wild Type,,,,Aberrant,,Aberrant,,Wild Type,,hinted_092305/rp092305_21_0050S.mov,hinted_092305_slug/rp092305p2_21.mov,rp092305_wavelet_jpeg/rp092305_21_w.jpg,stalk-like struc,
092305_22,HV31121_6D,,HR,Wild Type,,Wild Type,,,,Wild Type,,Wild Type,,Wild Type,,hinted_092305/rp092305_22_0055S.mov,hinted_092305_slug/rp092305p2_22.mov,rp092305_wavelet_jpeg/rp092305_22_w.jpg,medium-high density; some slugs round up and arrested,
092305_23,AX4 (#293),,,Wild Type,,Wild Type,,,,Wild Type,,Wild Type,,Wild Type,,hinted_092305/rp092305_23_0050S.mov,hinted_092305_slug/rp092305p2_23.mov,rp092305_wavelet_jpeg/rp092305_23_w.jpg,medium-high density,
092305_24,pkaC-,,,None,,None,,,,None,,None,,Wild Type,,hinted_092305/rp092305_24_0300S.mov,hinted_092305_slug/rp092305p2_24.mov,rp092305_wavelet_jpeg/rp092305_24_w.jpg,polarized cell morph; medium-low; 2-wells combined; some cell acretion,
092305_25,pten-,,,None,,None,,,,None,,None,,Wild Type,,hinted_092305/rp092305_25_0300S.mov,hinted_092305_slug/rp092305p2_25.mov,rp092305_wavelet_jpeg/rp092305_25_w.jpg,polarized cell morph; medium-low,
092305_26,JS57,,HR,Aberrant,amplitude; large territory,Wild Type,,,,Aberrant,,None,,Aberrant,,hinted_092305/rp092305_26_0175S.mov,hinted_092305_slug/rp092305p2_26.mov,rp092305_wavelet_jpeg/rp092305_26_w.jpg,non-uniform cell morph; poor growth; med-low density; 2-wells combined; arrested at mound stage; some spore head like terminal struc,
092305_27,AX4 (#293),,,Wild Type,,Wild Type,,,,Wild Type,,Wild Type,,Wild Type,,hinted_092305/rp092305_27_0050S.mov,hinted_092305_slug/rp092305p2_27.mov,rp092305_wavelet_jpeg/rp092305_27_w.jpg,,
092305_28,blank,,,,,,,,,,,,,Wild Type,,,,,,
092305_29,blank,,,,,,,,,,,,,Wild Type,,,,,,
092605_00,HV10258_7A,,HR,Aberrant,,Aberrant,,,,None,,Aberrant,,Wild Type,,hinted_092605/rp092605_00_0001S.mov,hinted_092605_slug/rp092605p2_00.mov,rp092605_wavelet_jpeg/rp092605_00_w.jpg,two-wells combined; tiny aberrant stalk-like struc,
092605_01,blank,,,,,,,,,,,,,Wild Type,,,,,,
092605_02,HV30427_10D,,HR,Wild Type,,Wild Type,,,,Wild Type,,Wild Type,,Wild Type,,hinted_092605/rp092605_02_0050S.mov,hinted_092605_slug/rp092605p2_02.mov,rp092605_wavelet_jpeg/rp092605_02_w.jpg,med-high,
092605_03,HV30427_10D,,HR,Wild Type,,Wild Type,,,,Wild Type,,Wild Type,,Wild Type,,hinted_092605/rp092605_03_0050S.mov,hinted_092605_slug/rp092605p2_03.mov,rp092605_wavelet_jpeg/rp092605_03_w.jpg,,
092605_04,HV31568_7A,,HR,Wild Type,,Wild Type,,,,Aberrant,,Aberrant,,Wild Type,,hinted_092605/rp092605_04_0050S.mov,hinted_092605_slug/rp092605p2_04.mov,rp092605_wavelet_jpeg/rp092605_04_w.jpg,short stalk FB,
092605_05,HV31568_7A,,HR,Wild Type,,Wild Type,,,,Aberrant,,Aberrant,,Wild Type,,hinted_092605/rp092605_05_0075S.mov,hinted_092605_slug/rp092605p2_05.mov,rp092605_wavelet_jpeg/rp092605_05_w.jpg,short stalk FB,
092605_06,aca-,,,None,,None,,,,None,,None,,Wild Type,,hinted_092605/rp092605_06_0300S.mov,hinted_092605_slug/rp092605p2_06.mov,rp092605_wavelet_jpeg/rp092605_06_w.jpg,,
092605_07,aca-,,,None,,None,,,,None,,None,,Wild Type,,hinted_092605/rp092605_07_0300S.mov,hinted_092605_slug/rp092605p2_07.mov,rp092605_wavelet_jpeg/rp092605_07_w.jpg,,
092605_08,JS57,,HR,Wild Type,,Aberrant,,,,Aberrant,,Aberrant,,Wild Type,,hinted_092605/rp092605_08_0225S.mov,hinted_092605_slug/rp092605p2_08.mov,rp092605_wavelet_jpeg/rp092605_08_w.jpg,med-low; two wells combined; spore-head like terminal struc,
092605_09,blank,,,,,,,,,,,,,Wild Type,,,,,,
092605_10,HV10258_8A,,HR,Aberrant,,Aberrant,,,,None,,Aberrant,,Wild Type,,hinted_092605/rp092605_10_0100S.mov,hinted_092605_slug/rp092605p2_10.mov,rp092605_wavelet_jpeg/rp092605_10_w.jpg,med-low;tiny aberrant stalk-like struc,
092605_11,HV10258_8A,,HR,Undeterminable,,Aberrant,,,,None,,Aberrant,,Wild Type,,hinted_092605/rp092605_11_0025S.mov,hinted_092605_slug/rp092605p2_11.mov,rp092605_wavelet_jpeg/rp092605_11_w.jpg,med-low;tiny aberrant stalk-like struc,
092605_12,HV30642_5B,,HR,Undeterminable,,Undeterminable,,,,Undeterminable,,Undeterminable,,Wild Type,,,hinted_092605_slug/rp092605p2_12.mov,rp092605_wavelet_jpeg/rp092605_12_w.jpg,low density,
092605_13,blank,,,,,,,,,,,,,Wild Type,,,,,,
092605_14,HV31970_1A,,HR,Wild Type,,Wild Type,,,,Wild Type,,Wild Type,,Wild Type,,hinted_092605/rp092605_14_0100S.mov,hinted_092605_slug/rp092605p2_14.mov,rp092605_wavelet_jpeg/rp092605_14_w.jpg,medium density,
092605_15,HV31970_1A,,HR,Wild Type,,Wild Type,,,,Wild Type,,Wild Type,,Wild Type,,hinted_092605/rp092605_15_0150S.mov,hinted_092605_slug/rp092605p2_15.mov,rp092605_wavelet_jpeg/rp092605_15_w.jpg,medium density,
092605_16,JS55,,HR,Aberrant,,Aberrant,,,,None,,Aberrant,,Wild Type,,hinted_092605/rp092605_16_0200S.mov,hinted_092605_slug/rp092605p2_16.mov,rp092605_wavelet_jpeg/rp092605_16_w.jpg,med-low; two wells combined; some flat cells; tiny aberrant FBs from streams,
092605_17,blank,,,,,,,,,,,,,Wild Type,,,hinted_092605_slug/rp092605p2_17.mov,rp092605_wavelet_jpeg/rp092605_17_w.jpg,,
092605_18,JS93,,HR,Aberrant,,Aberrant,,,,None,,None,,Aberrant,,hinted_092605/rp092605_18_0250S.mov,hinted_092605_slug/rp092605p2_18.mov,rp092605_wavelet_jpeg/rp092605_18_w.jpg,uniformly large cells; polarized; med-low density; 2-wells combined; arrested after stream breakup,
092605_19,blank,,,,,,,,,,,,,Wild Type,,,hinted_092605_slug/rp092605p2_19.mov,rp092605_wavelet_jpeg/rp092605_19_w.jpg,,
092605_20,HV30427_4D,,HR,Wild Type,,Wild Type,,,,Wild Type,,Wild Type,,Wild Type,,hinted_092605/rp092605_20_0175S.mov,hinted_092605_slug/rp092605p2_20.mov,rp092605_wavelet_jpeg/rp092605_20_w.jpg,med-high,
092605_21,HV30427_4D,,HR,Wild Type,,Wild Type,,,,Wild Type,,Wild Type,,Wild Type,,hinted_092605/rp092605_21_0025S.mov,hinted_092605_slug/rp092605p2_21.mov,rp092605_wavelet_jpeg/rp092605_21_w.jpg,,
092605_22,HV30642_7D,,HR,Wild Type,,Wild Type,,,,None,,Aberrant,,Wild Type,,hinted_092605/rp092605_22_0075S.mov,hinted_092605_slug/rp092605p2_22.mov,rp092605_wavelet_jpeg/rp092605_22_w.jpg,medium density; some large cells; tiny aberrant FBs from streams,
092605_23,HV30642_7D,,HR,Wild Type,,Wild Type,,,,None,,Aberrant,,Wild Type,,hinted_092605/rp092605_23_0075S.mov,hinted_092605_slug/rp092605p2_23.mov,rp092605_wavelet_jpeg/rp092605_23_w.jpg,some large cells; tiny aberrant FBs from streams,
092605_24,HV31970_3B,,HR,Wild Type,,Wild Type,,,,Wild Type,,Wild Type,,Wild Type,,hinted_092605/rp092605_24_0075S.mov,hinted_092605_slug/rp092605p2_24.mov,rp092605_wavelet_jpeg/rp092605_24_w.jpg,,
092605_25,HV31970_3B,,HR,Wild Type,,Wild Type,,,,Undeterminable,,Wild Type,,Wild Type,,hinted_092605/rp092605_25_0125S.mov,hinted_092605_slug/rp092605p2_25.mov,rp092605_wavelet_jpeg/rp092605_25_w.jpg,medium density,
092605_26,JS56,,HR,Aberrant,amplitude,Aberrant,,Aberrant,,None,,None,,Wild Type,,hinted_092605/rp092605_26_0025S.mov,hinted_092605_slug/rp092605p2_26.mov,rp092605_wavelet_jpeg/rp092605_26_w.jpg,small cells; polarized; mound or slug-like struc,
092605_27,JS56,,HR,Undeterminable,,Undeterminable,,,,Undeterminable,,Undeterminable,,Aberrant,,hinted_092605/rp092605_27_0200S.mov,hinted_092605_slug/rp092605p2_27.mov,rp092605_wavelet_jpeg/rp092605_27_w.jpg,low density; small polarized,
092605_28,pkaC-,,HR,None,,None,,,,None,,None,,Aberrant,,hinted_092605/rp092605_28_0300S.mov,hinted_092605_slug/rp092605p2_28.mov,rp092605_wavelet_jpeg/rp092605_28_w.jpg,med-low density; polarized;flat mound,
092605_29,AX4 (#293),,,Wild Type,,Wild Type,,,,Wild Type,,Wild Type,,Wild Type,,hinted_092605/rp092605_29_0075S.mov,hinted_092605_slug/rp092605p2_29.mov,rp092605_wavelet_jpeg/rp092605_29_w.jpg,medium density,
100705_00,HV10258_7A,,HR,Undeterminable,,Aberrant,,,,None,,Aberrant,,Wild Type,,hinted_100705/rp100705_00_0001S.mov,hinted_100705_slug/rp100705p2_00.mov,rp100705_wavelet_jpeg/rp100705_00_w.jpg,conf. Short stalk no spores.,
100705_01,HV10258_7A,,HR,Wild Type,,Aberrant,,,,None,,Aberrant,,Wild Type,,hinted_100705/rp100705_01_0001S.mov,hinted_100705_slug/rp100705p2_01.mov,rp100705_wavelet_jpeg/rp100705_01_w.jpg,conf. Short stalk no spores.,
100705_02,HV30427_10D,,HR,Undeterminable,,Undeterminable,,,,Wild Type,,Wild Type,,Wild Type,,hinted_100705/rp100705_02_0125S.mov,hinted_100705_slug/rp100705p2_02.mov,rp100705_wavelet_jpeg/rp100705_02_w.jpg,polarized cell morph during axenic growth; low cell density. Combined two wells for wave recording,
100705_04,HV31568_4D,,HR,Wild Type,,Wild Type,,,,Wild Type,,Wild Type,,Wild Type,,hinted_100705/rp100705_04_0025S.mov,hinted_100705_slug/rp100705p2_04.mov,rp100705_wavelet_jpeg/rp100705_04_w.jpg,conf,
100705_05,HV31568_4D,,HR,Undeterminable,,Wild Type,,,,Wild Type,,Wild Type,,Wild Type,,hinted_100705/rp100705_05_0025S.mov,hinted_100705_slug/rp100705p2_05.mov,rp100705_wavelet_jpeg/rp100705_05_w.jpg,conf,
100705_06,HV31919_9B,,HR,Undeterminable,,Undeterminable,,,,Undeterminable,,Wild Type,,Wild Type,,hinted_100705/rp100705_06_0350S.mov,hinted_100705_slug/rp100705p2_06.mov,rp100705_wavelet_jpeg/rp100705_06_w.jpg,polarized cell morph during axenic growth; low cell density. Combined two wells for wave recording,
100705_10,HV10258_8A,,HR,Wild Type,,Aberrant,,,,None,,Aberrant,,Wild Type,,hinted_100705/rp100705_10_0001S.mov,hinted_100705_slug/rp100705p2_10.mov,rp100705_wavelet_jpeg/rp100705_10_w.jpg,conf. Short stalk no spores.,
100705_11,HV10258_8A,,HR,Undeterminable,,Aberrant,,,,None,,Aberrant,,Wild Type,,hinted_100705/rp100705_11_0001S.mov,hinted_100705_slug/rp100705p2_11.mov,rp100705_wavelet_jpeg/rp100705_11_w.jpg,conf. Short stalk no spores.,
100705_12,HV30642_5B,,HR,Aberrant,late,Wild Type,,,,None,,Aberrant,,Wild Type,,hinted_100705/rp100705_12_0200S.mov,hinted_100705_slug/rp100705p2_12.mov,rp100705_wavelet_jpeg/rp100705_12_w.jpg,conf. Localized FBs; streaming; very thin stalk; tiny spore head,
100705_13,HV30642_5B,,HR,Aberrant,late,Wild Type,,,,Aberrant,,Aberrant,,Wild Type,,hinted_100705/rp100705_13_0100S.mov,hinted_100705_slug/rp100705p2_13.mov,rp100705_wavelet_jpeg/rp100705_13_w.jpg,"conf. Localized FBs; streaming, very thin stalk; tiny spore head",
100705_14,HV31568_9B,,HR,Wild Type,,Wild Type,,,,Wild Type,,Wild Type,,Wild Type,,hinted_100705/rp100705_14_0025S.mov,hinted_100705_slug/rp100705p2_14.mov,rp100705_wavelet_jpeg/rp100705_14_w.jpg,"conf. ",
100705_15,HV31568_9B,,HR,Undeterminable,,Wild Type,,,,Wild Type,,Wild Type,,Wild Type,,hinted_100705/rp100705_15_0050S.mov,hinted_100705_slug/rp100705p2_15.mov,rp100705_wavelet_jpeg/rp100705_15_w.jpg,conf,
100705_16,HV31970_1A,,HR,Aberrant,large territory,Wild Type,,,,Wild Type,,Wild Type,,Wild Type,,hinted_100705/rp100705_16_0250S.mov,hinted_100705_slug/rp100705p2_16.mov,rp100705_wavelet_jpeg/rp100705_16_w.jpg,polarized cell morph during axenic growth; low cell density. Combined two wells for wave recording,
100705_20,HV30427_4D,,HR,Undeterminable,,Undeterminable,,,,Wild Type,,Wild Type,,Wild Type,,hinted_100705/rp100705_20_0275S.mov,hinted_100705_slug/rp100705p2_20.mov,rp100705_wavelet_jpeg/rp100705_20_w.jpg,polarized cell morph during axenic growth; low density. Combined two wells for wave recording,
100705_23,HV30642_7D,,HR,Aberrant,large territory,Aberrant,,,,None,,Aberrant,,Wild Type,,hinted_100705/rp100705_23_0375S.mov,hinted_100705_slug/rp100705p2_23.mov,rp100705_wavelet_jpeg/rp100705_23_w.jpg,"polarized cell morph during growth; low density. Combined two wells for wave rec. Low desity, streaming, very thin stalk; no spores or tiny spore head.",
100705_24,HV31919_3C,,HR,Undeterminable,,Undeterminable,,,,Undeterminable,,Aberrant,,Wild Type,,hinted_100705/rp100705_24_0475S.mov,hinted_100705_slug/rp100705p2_24.mov,rp100705_wavelet_jpeg/rp100705_24_w.jpg,"polarized cell morph during growth; low density. Combined two wells for wave rec. Low desity fruiting bodies, small spores.",
100705_26,HV31970_3B,,HR,Aberrant,large territory,Wild Type,,,,Wild Type,,Wild Type,,Wild Type,,hinted_100705/rp100705_26_0175S.mov,hinted_100705_slug/rp100705p2_26.mov,rp100705_wavelet_jpeg/rp100705_26_w.jpg,"conf, skiny fruiting bodies, normal or small spores",
100705_27,HV31970_3B,,HR,Undeterminable,,Undeterminable,,,,Undeterminable,,Wild Type,,Wild Type,,hinted_100705/rp100705_27_0475S.mov,hinted_100705_slug/rp100705p2_27.mov,rp100705_wavelet_jpeg/rp100705_27_w.jpg,Low cell density druing growth. skiny fruiting bodies only on half of the plate. normal or small spores.,
